,round,eval_type,time,rec,prec,f1,auc,tp,fp,tn,fn,recon_loss,weighted_recon_loss,disen_loss,weighted_disen_loss,temp_loss,weighted_temp_loss,final_loss,predicted_pos,predicted_pos_og,prediction_speed,trial,num_nodes,num_edges,device,save_df,save_embedding,save_temp_sne,exp_type,task_type,setting_type,full_oracle,round_num,node_expiration_time,round_new_pos,round_new_neg,round_budget_pos,round_budget_neg,augment_name,augment_pos_ratio,augment_neg_ratio,augment_round_split,augment_prob,pseudo_name,pseudo_skip_initial,pseudo_new_pos_only,model_name,embed_type,h_feats,num_layers,mlp_feats,mlp_layers,att_heads,dropout_rate,act_name,norm_name,boost_agg_backbone,boost_predictor,boost_metric,n_estimator,round_window,temporal_agg,tloss_type,alpha,beta,gamma,lambda_,lambda1,lambda2,k,training_type,loss_type,loss_sample,loss_sample_ratio,drop_rate,addon_name,addon_perc,addon_round_window,addon_internal_agg,num_epoch,num_round_epoch,early_stopping,etypes,random_state,round_reset_model,round_train_list,stuck_stopping,stuck_threshold,train_max_retry,ratio_initial,ratio_train,ratio_val,ratio_test,optimizer,learning_rate,loss,loss_gamma,dset_name,ce_weight,adver_choose_name,adver_mod_name,adver_feat_coef,adver_conn_coef,timestamp
0,round_0,val_set_best,7.751331567764282,0.5555555555555556,0.4272863568215892,0.6549760480193925,0.7724248389083398,285,382,1457,228,0.20398405194282532,0.20398405194282532,0.7267478704452515,0.0,0.6702895760536194,0.0,0.20398405194282532,491,491,0.0,0,12932,1254134,cuda:0,True,False,False,ADVER,NODE,INDUCTIVE,False,3,1,128,459,0,0,REAGE,0.02727929920054431,0.09772070079945569,8,0.5,NONE,False,False,XGB-SP,temporal,64,2,64,2,2,0.1,LeakyReLU,layer,<class 'models.benchmarks_supervised.booster.GIN_noparam'>,<class 'xgboost.sklearn.XGBClassifier'>,<function average_precision_score at 0x000001C8520A5760>,500,7,mean_final,normal,0,0,1,1,1,1,1,round,ndist,True,0.1,0,NONE,0.05,7,OR,100,50,75,['none'],7777777,False,[],50,0,10,0.5,0.6,0.2,0.2,<class 'torch.optim.adam.Adam'>,0.01,<function cross_entropy at 0x000001C84AF6F880>,5,tolokers_bid,2.678985507246377,GREEDY,REPLAY,1,0.1,241028135657
1,round_0,entire_graph,0.0,0.6332813717848792,0.44642857142857145,0.6764592063773098,0.8010480876657801,1625,2015,7177,941,0.20398405194282532,0.20398405194282532,0.7267478704452515,0.0,0.6702895760536194,0.0,0.20398405194282532,491,491,0.0,0,12932,1254134,cuda:0,True,False,False,ADVER,NODE,INDUCTIVE,False,3,1,128,459,0,0,REAGE,0.02727929920054431,0.09772070079945569,8,0.5,NONE,False,False,XGB-SP,temporal,64,2,64,2,2,0.1,LeakyReLU,layer,<class 'models.benchmarks_supervised.booster.GIN_noparam'>,<class 'xgboost.sklearn.XGBClassifier'>,<function average_precision_score at 0x000001C8520A5760>,500,7,mean_final,normal,0,0,1,1,1,1,1,round,ndist,True,0.1,0,NONE,0.05,7,OR,100,50,75,['none'],7777777,False,[],50,0,10,0.5,0.6,0.2,0.2,<class 'torch.optim.adam.Adam'>,0.01,<function cross_entropy at 0x000001C84AF6F880>,5,tolokers_bid,2.678985507246377,GREEDY,REPLAY,1,0.1,241028135657
2,round_0,train_set,0.0,0.6983094928478544,0.49085923217550276,0.7122478487633899,0.8429187204312127,537,557,2201,232,0.20398405194282532,0.20398405194282532,0.7267478704452515,0.0,0.6702895760536194,0.0,0.20398405194282532,491,491,0.0,0,12932,1254134,cuda:0,True,False,False,ADVER,NODE,INDUCTIVE,False,3,1,128,459,0,0,REAGE,0.02727929920054431,0.09772070079945569,8,0.5,NONE,False,False,XGB-SP,temporal,64,2,64,2,2,0.1,LeakyReLU,layer,<class 'models.benchmarks_supervised.booster.GIN_noparam'>,<class 'xgboost.sklearn.XGBClassifier'>,<function average_precision_score at 0x000001C8520A5760>,500,7,mean_final,normal,0,0,1,1,1,1,1,round,ndist,True,0.1,0,NONE,0.05,7,OR,100,50,75,['none'],7777777,False,[],50,0,10,0.5,0.6,0.2,0.2,<class 'torch.optim.adam.Adam'>,0.01,<function cross_entropy at 0x000001C84AF6F880>,5,tolokers_bid,2.678985507246377,GREEDY,REPLAY,1,0.1,241028135657
3,round_0,val_set,0.0,0.5750487329434698,0.4149085794655415,0.6499211178724363,0.7698787479846979,295,416,1423,218,0.20398405194282532,0.20398405194282532,0.7267478704452515,0.0,0.6702895760536194,0.0,0.20398405194282532,491,491,0.0,0,12932,1254134,cuda:0,True,False,False,ADVER,NODE,INDUCTIVE,False,3,1,128,459,0,0,REAGE,0.02727929920054431,0.09772070079945569,8,0.5,NONE,False,False,XGB-SP,temporal,64,2,64,2,2,0.1,LeakyReLU,layer,<class 'models.benchmarks_supervised.booster.GIN_noparam'>,<class 'xgboost.sklearn.XGBClassifier'>,<function average_precision_score at 0x000001C8520A5760>,500,7,mean_final,normal,0,0,1,1,1,1,1,round,ndist,True,0.1,0,NONE,0.05,7,OR,100,50,75,['none'],7777777,False,[],50,0,10,0.5,0.6,0.2,0.2,<class 'torch.optim.adam.Adam'>,0.01,<function cross_entropy at 0x000001C84AF6F880>,5,tolokers_bid,2.678985507246377,GREEDY,REPLAY,1,0.1,241028135657
4,round_0,test_set,0.0,0.617601246105919,0.4321525885558583,0.665522609522101,0.7879655524256015,793,1042,3553,491,0.20398405194282532,0.20398405194282532,0.7267478704452515,0.0,0.6702895760536194,0.0,0.20398405194282532,491,491,0.0,0,12932,1254134,cuda:0,True,False,False,ADVER,NODE,INDUCTIVE,False,3,1,128,459,0,0,REAGE,0.02727929920054431,0.09772070079945569,8,0.5,NONE,False,False,XGB-SP,temporal,64,2,64,2,2,0.1,LeakyReLU,layer,<class 'models.benchmarks_supervised.booster.GIN_noparam'>,<class 'xgboost.sklearn.XGBClassifier'>,<function average_precision_score at 0x000001C8520A5760>,500,7,mean_final,normal,0,0,1,1,1,1,1,round,ndist,True,0.1,0,NONE,0.05,7,OR,100,50,75,['none'],7777777,False,[],50,0,10,0.5,0.6,0.2,0.2,<class 'torch.optim.adam.Adam'>,0.01,<function cross_entropy at 0x000001C84AF6F880>,5,tolokers_bid,2.678985507246377,GREEDY,REPLAY,1,0.1,241028135657
5,round_1,val_set_best,9.338430166244507,0.7180722891566265,0.475658419792498,0.6771749363977473,0.7814502691617534,596,657,1599,234,0.1876242607831955,0.1876242607831955,0.5881092548370361,0.0,0.5688790082931519,0.0,0.1876242607831955,394,319,0.18265952169895172,0,12932,1254134,cuda:0,True,False,False,ADVER,NODE,INDUCTIVE,False,3,1,128,459,0,0,REAGE,0.02727929920054431,0.09772070079945569,8,0.5,NONE,False,False,XGB-SP,temporal,64,2,64,2,2,0.1,LeakyReLU,layer,<class 'models.benchmarks_supervised.booster.GIN_noparam'>,<class 'xgboost.sklearn.XGBClassifier'>,<function average_precision_score at 0x000001C8520A5760>,500,7,mean_final,normal,0,0,1,1,1,1,1,round,ndist,True,0.1,0,NONE,0.05,7,OR,100,50,75,['none'],7777777,False,[],50,0,10,0.5,0.6,0.2,0.2,<class 'torch.optim.adam.Adam'>,0.01,<function cross_entropy at 0x000001C84AF6F880>,5,tolokers_bid,2.678985507246377,GREEDY,REPLAY,1,0.1,241028135657
6,round_1,entire_graph,0.0,0.5820341499628805,0.4921531701192718,0.6937267410951621,0.8167706444135673,1568,1618,8033,1126,0.1876242607831955,0.1876242607831955,0.5881092548370361,0.0,0.5688790082931519,0.0,0.1876242607831955,394,319,0.18265952169895172,0,12932,1254134,cuda:0,True,False,False,ADVER,NODE,INDUCTIVE,False,3,1,128,459,0,0,REAGE,0.02727929920054431,0.09772070079945569,8,0.5,NONE,False,False,XGB-SP,temporal,64,2,64,2,2,0.1,LeakyReLU,layer,<class 'models.benchmarks_supervised.booster.GIN_noparam'>,<class 'xgboost.sklearn.XGBClassifier'>,<function average_precision_score at 0x000001C8520A5760>,500,7,mean_final,normal,0,0,1,1,1,1,1,round,ndist,True,0.1,0,NONE,0.05,7,OR,100,50,75,['none'],7777777,False,[],50,0,10,0.5,0.6,0.2,0.2,<class 'torch.optim.adam.Adam'>,0.01,<function cross_entropy at 0x000001C84AF6F880>,5,tolokers_bid,2.678985507246377,GREEDY,REPLAY,1,0.1,241028135657
7,round_1,train_set,0.0,0.6987951807228916,0.6083916083916084,0.754195808664706,0.8660411673296794,870,560,2823,375,0.1876242607831955,0.1876242607831955,0.5881092548370361,0.0,0.5688790082931519,0.0,0.1876242607831955,394,319,0.18265952169895172,0,12932,1254134,cuda:0,True,False,False,ADVER,NODE,INDUCTIVE,False,3,1,128,459,0,0,REAGE,0.02727929920054431,0.09772070079945569,8,0.5,NONE,False,False,XGB-SP,temporal,64,2,64,2,2,0.1,LeakyReLU,layer,<class 'models.benchmarks_supervised.booster.GIN_noparam'>,<class 'xgboost.sklearn.XGBClassifier'>,<function average_precision_score at 0x000001C8520A5760>,500,7,mean_final,normal,0,0,1,1,1,1,1,round,ndist,True,0.1,0,NONE,0.05,7,OR,100,50,75,['none'],7777777,False,[],50,0,10,0.5,0.6,0.2,0.2,<class 'torch.optim.adam.Adam'>,0.01,<function cross_entropy at 0x000001C84AF6F880>,5,tolokers_bid,2.678985507246377,GREEDY,REPLAY,1,0.1,241028135657
8,round_1,val_set,0.0,0.5698795180722892,0.46924603174603174,0.6544376951131148,0.7566112855678032,473,535,1721,357,0.1876242607831955,0.1876242607831955,0.5881092548370361,0.0,0.5688790082931519,0.0,0.1876242607831955,394,319,0.18265952169895172,0,12932,1254134,cuda:0,True,False,False,ADVER,NODE,INDUCTIVE,False,3,1,128,459,0,0,REAGE,0.02727929920054431,0.09772070079945569,8,0.5,NONE,False,False,XGB-SP,temporal,64,2,64,2,2,0.1,LeakyReLU,layer,<class 'models.benchmarks_supervised.booster.GIN_noparam'>,<class 'xgboost.sklearn.XGBClassifier'>,<function average_precision_score at 0x000001C8520A5760>,500,7,mean_final,normal,0,0,1,1,1,1,1,round,ndist,True,0.1,0,NONE,0.05,7,OR,100,50,75,['none'],7777777,False,[],50,0,10,0.5,0.6,0.2,0.2,<class 'torch.optim.adam.Adam'>,0.01,<function cross_entropy at 0x000001C84AF6F880>,5,tolokers_bid,2.678985507246377,GREEDY,REPLAY,1,0.1,241028135657
9,round_1,test_set,0.0,0.36348949919224555,0.30080213903743314,0.6065192706207525,0.7722861303005362,225,523,3489,394,0.1876242607831955,0.1876242607831955,0.5881092548370361,0.0,0.5688790082931519,0.0,0.1876242607831955,394,319,0.18265952169895172,0,12932,1254134,cuda:0,True,False,False,ADVER,NODE,INDUCTIVE,False,3,1,128,459,0,0,REAGE,0.02727929920054431,0.09772070079945569,8,0.5,NONE,False,False,XGB-SP,temporal,64,2,64,2,2,0.1,LeakyReLU,layer,<class 'models.benchmarks_supervised.booster.GIN_noparam'>,<class 'xgboost.sklearn.XGBClassifier'>,<function average_precision_score at 0x000001C8520A5760>,500,7,mean_final,normal,0,0,1,1,1,1,1,round,ndist,True,0.1,0,NONE,0.05,7,OR,100,50,75,['none'],7777777,False,[],50,0,10,0.5,0.6,0.2,0.2,<class 'torch.optim.adam.Adam'>,0.01,<function cross_entropy at 0x000001C84AF6F880>,5,tolokers_bid,2.678985507246377,GREEDY,REPLAY,1,0.1,241028135657
10,round_1,round_0_nodes,0.0,0.5825545171339563,0.47856685860524634,0.6869275164855662,0.80367060566307,748,815,3780,536,0.1876242607831955,0.1876242607831955,0.5881092548370361,0.0,0.5688790082931519,0.0,0.1876242607831955,394,319,0.18265952169895172,0,12932,1254134,cuda:0,True,False,False,ADVER,NODE,INDUCTIVE,False,3,1,128,459,0,0,REAGE,0.02727929920054431,0.09772070079945569,8,0.5,NONE,False,False,XGB-SP,temporal,64,2,64,2,2,0.1,LeakyReLU,layer,<class 'models.benchmarks_supervised.booster.GIN_noparam'>,<class 'xgboost.sklearn.XGBClassifier'>,<function average_precision_score at 0x000001C8520A5760>,500,7,mean_final,normal,0,0,1,1,1,1,1,round,ndist,True,0.1,0,NONE,0.05,7,OR,100,50,75,['none'],7777777,False,[],50,0,10,0.5,0.6,0.2,0.2,<class 'torch.optim.adam.Adam'>,0.01,<function cross_entropy at 0x000001C84AF6F880>,5,tolokers_bid,2.678985507246377,GREEDY,REPLAY,1,0.1,241028135657
11,round_1,round_1_nodes,0.0,0.4140625,0.375886524822695,0.6069707736860482,0.74734477124183,53,88,371,75,0.1876242607831955,0.1876242607831955,0.5881092548370361,0.0,0.5688790082931519,0.0,0.1876242607831955,394,319,0.18265952169895172,0,12932,1254134,cuda:0,True,False,False,ADVER,NODE,INDUCTIVE,False,3,1,128,459,0,0,REAGE,0.02727929920054431,0.09772070079945569,8,0.5,NONE,False,False,XGB-SP,temporal,64,2,64,2,2,0.1,LeakyReLU,layer,<class 'models.benchmarks_supervised.booster.GIN_noparam'>,<class 'xgboost.sklearn.XGBClassifier'>,<function average_precision_score at 0x000001C8520A5760>,500,7,mean_final,normal,0,0,1,1,1,1,1,round,ndist,True,0.1,0,NONE,0.05,7,OR,100,50,75,['none'],7777777,False,[],50,0,10,0.5,0.6,0.2,0.2,<class 'torch.optim.adam.Adam'>,0.01,<function cross_entropy at 0x000001C84AF6F880>,5,tolokers_bid,2.678985507246377,GREEDY,REPLAY,1,0.1,241028135657
12,round_1,seed_current_pred,0.0,0.3984375,0.3923076923076923,0.6125215801767036,0.74135348583878,51,79,380,77,0.1876242607831955,0.1876242607831955,0.5881092548370361,0.0,0.5688790082931519,0.0,0.1876242607831955,394,319,0.18265952169895172,0,12932,1254134,cuda:0,True,False,False,ADVER,NODE,INDUCTIVE,False,3,1,128,459,0,0,REAGE,0.02727929920054431,0.09772070079945569,8,0.5,NONE,False,False,XGB-SP,temporal,64,2,64,2,2,0.1,LeakyReLU,layer,<class 'models.benchmarks_supervised.booster.GIN_noparam'>,<class 'xgboost.sklearn.XGBClassifier'>,<function average_precision_score at 0x000001C8520A5760>,500,7,mean_final,normal,0,0,1,1,1,1,1,round,ndist,True,0.1,0,NONE,0.05,7,OR,100,50,75,['none'],7777777,False,[],50,0,10,0.5,0.6,0.2,0.2,<class 'torch.optim.adam.Adam'>,0.01,<function cross_entropy at 0x000001C84AF6F880>,5,tolokers_bid,2.678985507246377,GREEDY,REPLAY,1,0.1,241028135657
13,round_1,seed_prev_pred,0.0,0.0,0.0,0.37949260042283295,0.74135348583878,0,100,359,128,0.1876242607831955,0.1876242607831955,0.5881092548370361,0.0,0.5688790082931519,0.0,0.1876242607831955,394,319,0.18265952169895172,0,12932,1254134,cuda:0,True,False,False,ADVER,NODE,INDUCTIVE,False,3,1,128,459,0,0,REAGE,0.02727929920054431,0.09772070079945569,8,0.5,NONE,False,False,XGB-SP,temporal,64,2,64,2,2,0.1,LeakyReLU,layer,<class 'models.benchmarks_supervised.booster.GIN_noparam'>,<class 'xgboost.sklearn.XGBClassifier'>,<function average_precision_score at 0x000001C8520A5760>,500,7,mean_final,normal,0,0,1,1,1,1,1,round,ndist,True,0.1,0,NONE,0.05,7,OR,100,50,75,['none'],7777777,False,[],50,0,10,0.5,0.6,0.2,0.2,<class 'torch.optim.adam.Adam'>,0.01,<function cross_entropy at 0x000001C84AF6F880>,5,tolokers_bid,2.678985507246377,GREEDY,REPLAY,1,0.1,241028135657
14,round_2,val_set_best,7.82139253616333,0.5836956521739131,0.4718804920913884,0.6565186831463121,0.7486400917188465,537,601,1864,383,0.17896275222301483,0.17896275222301483,0.5831656455993652,0.0,0.5874521136283875,0.0,0.17896275222301483,385,237,0.3298337757587433,0,12932,1254134,cuda:0,True,False,False,ADVER,NODE,INDUCTIVE,False,3,1,128,459,0,0,REAGE,0.02727929920054431,0.09772070079945569,8,0.5,NONE,False,False,XGB-SP,temporal,64,2,64,2,2,0.1,LeakyReLU,layer,<class 'models.benchmarks_supervised.booster.GIN_noparam'>,<class 'xgboost.sklearn.XGBClassifier'>,<function average_precision_score at 0x000001C8520A5760>,500,7,mean_final,normal,0,0,1,1,1,1,1,round,ndist,True,0.1,0,NONE,0.05,7,OR,100,50,75,['none'],7777777,False,[],50,0,10,0.5,0.6,0.2,0.2,<class 'torch.optim.adam.Adam'>,0.01,<function cross_entropy at 0x000001C84AF6F880>,5,tolokers_bid,2.678985507246377,GREEDY,REPLAY,1,0.1,241028135657
15,round_2,entire_graph,0.0,0.5627214741318214,0.47702012616401324,0.682711583636169,0.790909229517126,1588,1741,8369,1234,0.17896275222301483,0.17896275222301483,0.5831656455993652,0.0,0.5874521136283875,0.0,0.17896275222301483,385,237,0.3298337757587433,0,12932,1254134,cuda:0,True,False,False,ADVER,NODE,INDUCTIVE,False,3,1,128,459,0,0,REAGE,0.02727929920054431,0.09772070079945569,8,0.5,NONE,False,False,XGB-SP,temporal,64,2,64,2,2,0.1,LeakyReLU,layer,<class 'models.benchmarks_supervised.booster.GIN_noparam'>,<class 'xgboost.sklearn.XGBClassifier'>,<function average_precision_score at 0x000001C8520A5760>,500,7,mean_final,normal,0,0,1,1,1,1,1,round,ndist,True,0.1,0,NONE,0.05,7,OR,100,50,75,['none'],7777777,False,[],50,0,10,0.5,0.6,0.2,0.2,<class 'torch.optim.adam.Adam'>,0.01,<function cross_entropy at 0x000001C84AF6F880>,5,tolokers_bid,2.678985507246377,GREEDY,REPLAY,1,0.1,241028135657
16,round_2,train_set,0.0,0.6847826086956522,0.5699638118214716,0.7303966138487163,0.8320996656121492,945,713,2984,435,0.17896275222301483,0.17896275222301483,0.5831656455993652,0.0,0.5874521136283875,0.0,0.17896275222301483,385,237,0.3298337757587433,0,12932,1254134,cuda:0,True,False,False,ADVER,NODE,INDUCTIVE,False,3,1,128,459,0,0,REAGE,0.02727929920054431,0.09772070079945569,8,0.5,NONE,False,False,XGB-SP,temporal,64,2,64,2,2,0.1,LeakyReLU,layer,<class 'models.benchmarks_supervised.booster.GIN_noparam'>,<class 'xgboost.sklearn.XGBClassifier'>,<function average_precision_score at 0x000001C8520A5760>,500,7,mean_final,normal,0,0,1,1,1,1,1,round,ndist,True,0.1,0,NONE,0.05,7,OR,100,50,75,['none'],7777777,False,[],50,0,10,0.5,0.6,0.2,0.2,<class 'torch.optim.adam.Adam'>,0.01,<function cross_entropy at 0x000001C84AF6F880>,5,tolokers_bid,2.678985507246377,GREEDY,REPLAY,1,0.1,241028135657
17,round_2,val_set,0.0,0.55,0.4462081128747795,0.6358736093251506,0.7267693359202753,506,628,1837,414,0.17896275222301483,0.17896275222301483,0.5831656455993652,0.0,0.5874521136283875,0.0,0.17896275222301483,385,237,0.3298337757587433,0,12932,1254134,cuda:0,True,False,False,ADVER,NODE,INDUCTIVE,False,3,1,128,459,0,0,REAGE,0.02727929920054431,0.09772070079945569,8,0.5,NONE,False,False,XGB-SP,temporal,64,2,64,2,2,0.1,LeakyReLU,layer,<class 'models.benchmarks_supervised.booster.GIN_noparam'>,<class 'xgboost.sklearn.XGBClassifier'>,<function average_precision_score at 0x000001C8520A5760>,500,7,mean_final,normal,0,0,1,1,1,1,1,round,ndist,True,0.1,0,NONE,0.05,7,OR,100,50,75,['none'],7777777,False,[],50,0,10,0.5,0.6,0.2,0.2,<class 'torch.optim.adam.Adam'>,0.01,<function cross_entropy at 0x000001C84AF6F880>,5,tolokers_bid,2.678985507246377,GREEDY,REPLAY,1,0.1,241028135657
18,round_2,test_set,0.0,0.2624521072796935,0.25512104283054005,0.5795640032163991,0.7268021152375518,137,400,3548,385,0.17896275222301483,0.17896275222301483,0.5831656455993652,0.0,0.5874521136283875,0.0,0.17896275222301483,385,237,0.3298337757587433,0,12932,1254134,cuda:0,True,False,False,ADVER,NODE,INDUCTIVE,False,3,1,128,459,0,0,REAGE,0.02727929920054431,0.09772070079945569,8,0.5,NONE,False,False,XGB-SP,temporal,64,2,64,2,2,0.1,LeakyReLU,layer,<class 'models.benchmarks_supervised.booster.GIN_noparam'>,<class 'xgboost.sklearn.XGBClassifier'>,<function average_precision_score at 0x000001C8520A5760>,500,7,mean_final,normal,0,0,1,1,1,1,1,round,ndist,True,0.1,0,NONE,0.05,7,OR,100,50,75,['none'],7777777,False,[],50,0,10,0.5,0.6,0.2,0.2,<class 'torch.optim.adam.Adam'>,0.01,<function cross_entropy at 0x000001C84AF6F880>,5,tolokers_bid,2.678985507246377,GREEDY,REPLAY,1,0.1,241028135657
19,round_2,round_0_nodes,0.0,0.5825545171339563,0.48226950354609927,0.6888139779469302,0.794886253851708,748,803,3792,536,0.17896275222301483,0.17896275222301483,0.5831656455993652,0.0,0.5874521136283875,0.0,0.17896275222301483,385,237,0.3298337757587433,0,12932,1254134,cuda:0,True,False,False,ADVER,NODE,INDUCTIVE,False,3,1,128,459,0,0,REAGE,0.02727929920054431,0.09772070079945569,8,0.5,NONE,False,False,XGB-SP,temporal,64,2,64,2,2,0.1,LeakyReLU,layer,<class 'models.benchmarks_supervised.booster.GIN_noparam'>,<class 'xgboost.sklearn.XGBClassifier'>,<function average_precision_score at 0x000001C8520A5760>,500,7,mean_final,normal,0,0,1,1,1,1,1,round,ndist,True,0.1,0,NONE,0.05,7,OR,100,50,75,['none'],7777777,False,[],50,0,10,0.5,0.6,0.2,0.2,<class 'torch.optim.adam.Adam'>,0.01,<function cross_entropy at 0x000001C84AF6F880>,5,tolokers_bid,2.678985507246377,GREEDY,REPLAY,1,0.1,241028135657
20,round_2,round_1_nodes,0.0,0.4296875,0.4198473282442748,0.63093444732789,0.7208860974945535,55,76,383,73,0.17896275222301483,0.17896275222301483,0.5831656455993652,0.0,0.5874521136283875,0.0,0.17896275222301483,385,237,0.3298337757587433,0,12932,1254134,cuda:0,True,False,False,ADVER,NODE,INDUCTIVE,False,3,1,128,459,0,0,REAGE,0.02727929920054431,0.09772070079945569,8,0.5,NONE,False,False,XGB-SP,temporal,64,2,64,2,2,0.1,LeakyReLU,layer,<class 'models.benchmarks_supervised.booster.GIN_noparam'>,<class 'xgboost.sklearn.XGBClassifier'>,<function average_precision_score at 0x000001C8520A5760>,500,7,mean_final,normal,0,0,1,1,1,1,1,round,ndist,True,0.1,0,NONE,0.05,7,OR,100,50,75,['none'],7777777,False,[],50,0,10,0.5,0.6,0.2,0.2,<class 'torch.optim.adam.Adam'>,0.01,<function cross_entropy at 0x000001C84AF6F880>,5,tolokers_bid,2.678985507246377,GREEDY,REPLAY,1,0.1,241028135657
21,round_2,round_2_nodes,0.0,0.25,0.3047619047619048,0.5475409686526524,0.6276382080610021,32,73,386,96,0.17896275222301483,0.17896275222301483,0.5831656455993652,0.0,0.5874521136283875,0.0,0.17896275222301483,385,237,0.3298337757587433,0,12932,1254134,cuda:0,True,False,False,ADVER,NODE,INDUCTIVE,False,3,1,128,459,0,0,REAGE,0.02727929920054431,0.09772070079945569,8,0.5,NONE,False,False,XGB-SP,temporal,64,2,64,2,2,0.1,LeakyReLU,layer,<class 'models.benchmarks_supervised.booster.GIN_noparam'>,<class 'xgboost.sklearn.XGBClassifier'>,<function average_precision_score at 0x000001C8520A5760>,500,7,mean_final,normal,0,0,1,1,1,1,1,round,ndist,True,0.1,0,NONE,0.05,7,OR,100,50,75,['none'],7777777,False,[],50,0,10,0.5,0.6,0.2,0.2,<class 'torch.optim.adam.Adam'>,0.01,<function cross_entropy at 0x000001C84AF6F880>,5,tolokers_bid,2.678985507246377,GREEDY,REPLAY,1,0.1,241028135657
22,round_2,seed_current_pred,0.0,0.234375,0.23622047244094488,0.5115534788452922,0.6281828703703703,30,97,362,98,0.17896275222301483,0.17896275222301483,0.5831656455993652,0.0,0.5874521136283875,0.0,0.17896275222301483,385,237,0.3298337757587433,0,12932,1254134,cuda:0,True,False,False,ADVER,NODE,INDUCTIVE,False,3,1,128,459,0,0,REAGE,0.02727929920054431,0.09772070079945569,8,0.5,NONE,False,False,XGB-SP,temporal,64,2,64,2,2,0.1,LeakyReLU,layer,<class 'models.benchmarks_supervised.booster.GIN_noparam'>,<class 'xgboost.sklearn.XGBClassifier'>,<function average_precision_score at 0x000001C8520A5760>,500,7,mean_final,normal,0,0,1,1,1,1,1,round,ndist,True,0.1,0,NONE,0.05,7,OR,100,50,75,['none'],7777777,False,[],50,0,10,0.5,0.6,0.2,0.2,<class 'torch.optim.adam.Adam'>,0.01,<function cross_entropy at 0x000001C84AF6F880>,5,tolokers_bid,2.678985507246377,GREEDY,REPLAY,1,0.1,241028135657
23,round_2,seed_prev_pred,0.0,0.0,0.0,0.3904465212876428,0.6281828703703703,0,83,376,128,0.17896275222301483,0.17896275222301483,0.5831656455993652,0.0,0.5874521136283875,0.0,0.17896275222301483,385,237,0.3298337757587433,0,12932,1254134,cuda:0,True,False,False,ADVER,NODE,INDUCTIVE,False,3,1,128,459,0,0,REAGE,0.02727929920054431,0.09772070079945569,8,0.5,NONE,False,False,XGB-SP,temporal,64,2,64,2,2,0.1,LeakyReLU,layer,<class 'models.benchmarks_supervised.booster.GIN_noparam'>,<class 'xgboost.sklearn.XGBClassifier'>,<function average_precision_score at 0x000001C8520A5760>,500,7,mean_final,normal,0,0,1,1,1,1,1,round,ndist,True,0.1,0,NONE,0.05,7,OR,100,50,75,['none'],7777777,False,[],50,0,10,0.5,0.6,0.2,0.2,<class 'torch.optim.adam.Adam'>,0.01,<function cross_entropy at 0x000001C84AF6F880>,5,tolokers_bid,2.678985507246377,GREEDY,REPLAY,1,0.1,241028135657
0,round_0,val_set_best,7.2068140506744385,0.5137795275590551,0.4547038327526132,0.6639146068746038,0.7919908364220198,261,313,1531,247,0.280367910861969,0.1401839554309845,0.7339513301849365,0.0,0.6658723950386047,0.33293619751930237,0.47312015295028687,564,564,0.0,0,12932,1248798,cuda:0,True,False,False,ADVER,NODE,INDUCTIVE,False,3,1,128,459,0,0,REAGE,0.02727929920054431,0.09772070079945569,8,0.5,NONE,False,False,XGB-SP,temporal,64,2,64,2,2,0.1,LeakyReLU,layer,<class 'models.benchmarks_supervised.booster.GIN_noparam'>,<class 'xgboost.sklearn.XGBClassifier'>,<function average_precision_score at 0x000001C8520A5760>,500,7,mean_final,normal,0,1,1,1,1,1,1,round,ndist,True,0.1,0,NONE,0.05,7,OR,100,50,75,['none'],7777777,False,[],50,0,10,0.5,0.6,0.2,0.2,<class 'torch.optim.adam.Adam'>,0.01,<function cross_entropy at 0x000001C84AF6F880>,5,tolokers_bid,2.6396462785556376,GREEDY,REPLAY,1,0.1,241028135657
1,round_0,entire_graph,0.0,0.6137957911145752,0.4785779398359161,0.6922625285579409,0.8207540682297189,1575,1716,7476,991,0.280367910861969,0.1401839554309845,0.7339513301849365,0.0,0.6658723950386047,0.33293619751930237,0.47312015295028687,564,564,0.0,0,12932,1248798,cuda:0,True,False,False,ADVER,NODE,INDUCTIVE,False,3,1,128,459,0,0,REAGE,0.02727929920054431,0.09772070079945569,8,0.5,NONE,False,False,XGB-SP,temporal,64,2,64,2,2,0.1,LeakyReLU,layer,<class 'models.benchmarks_supervised.booster.GIN_noparam'>,<class 'xgboost.sklearn.XGBClassifier'>,<function average_precision_score at 0x000001C8520A5760>,500,7,mean_final,normal,0,1,1,1,1,1,1,round,ndist,True,0.1,0,NONE,0.05,7,OR,100,50,75,['none'],7777777,False,[],50,0,10,0.5,0.6,0.2,0.2,<class 'torch.optim.adam.Adam'>,0.01,<function cross_entropy at 0x000001C84AF6F880>,5,tolokers_bid,2.6396462785556376,GREEDY,REPLAY,1,0.1,241028135657
2,round_0,train_set,0.0,0.7148488830486203,0.5171102661596958,0.7308889675395521,0.8640788322249808,544,508,2258,217,0.280367910861969,0.1401839554309845,0.7339513301849365,0.0,0.6658723950386047,0.33293619751930237,0.47312015295028687,564,564,0.0,0,12932,1248798,cuda:0,True,False,False,ADVER,NODE,INDUCTIVE,False,3,1,128,459,0,0,REAGE,0.02727929920054431,0.09772070079945569,8,0.5,NONE,False,False,XGB-SP,temporal,64,2,64,2,2,0.1,LeakyReLU,layer,<class 'models.benchmarks_supervised.booster.GIN_noparam'>,<class 'xgboost.sklearn.XGBClassifier'>,<function average_precision_score at 0x000001C8520A5760>,500,7,mean_final,normal,0,1,1,1,1,1,1,round,ndist,True,0.1,0,NONE,0.05,7,OR,100,50,75,['none'],7777777,False,[],50,0,10,0.5,0.6,0.2,0.2,<class 'torch.optim.adam.Adam'>,0.01,<function cross_entropy at 0x000001C84AF6F880>,5,tolokers_bid,2.6396462785556376,GREEDY,REPLAY,1,0.1,241028135657
3,round_0,val_set,0.0,0.5866141732283464,0.4191279887482419,0.6550796040219246,0.7920634276734931,298,413,1431,210,0.280367910861969,0.1401839554309845,0.7339513301849365,0.0,0.6658723950386047,0.33293619751930237,0.47312015295028687,564,564,0.0,0,12932,1248798,cuda:0,True,False,False,ADVER,NODE,INDUCTIVE,False,3,1,128,459,0,0,REAGE,0.02727929920054431,0.09772070079945569,8,0.5,NONE,False,False,XGB-SP,temporal,64,2,64,2,2,0.1,LeakyReLU,layer,<class 'models.benchmarks_supervised.booster.GIN_noparam'>,<class 'xgboost.sklearn.XGBClassifier'>,<function average_precision_score at 0x000001C8520A5760>,500,7,mean_final,normal,0,1,1,1,1,1,1,round,ndist,True,0.1,0,NONE,0.05,7,OR,100,50,75,['none'],7777777,False,[],50,0,10,0.5,0.6,0.2,0.2,<class 'torch.optim.adam.Adam'>,0.01,<function cross_entropy at 0x000001C84AF6F880>,5,tolokers_bid,2.6396462785556376,GREEDY,REPLAY,1,0.1,241028135657
4,round_0,test_set,0.0,0.5651503469545104,0.47971204188481675,0.6834027554191529,0.8077825906542546,733,795,3787,564,0.280367910861969,0.1401839554309845,0.7339513301849365,0.0,0.6658723950386047,0.33293619751930237,0.47312015295028687,564,564,0.0,0,12932,1248798,cuda:0,True,False,False,ADVER,NODE,INDUCTIVE,False,3,1,128,459,0,0,REAGE,0.02727929920054431,0.09772070079945569,8,0.5,NONE,False,False,XGB-SP,temporal,64,2,64,2,2,0.1,LeakyReLU,layer,<class 'models.benchmarks_supervised.booster.GIN_noparam'>,<class 'xgboost.sklearn.XGBClassifier'>,<function average_precision_score at 0x000001C8520A5760>,500,7,mean_final,normal,0,1,1,1,1,1,1,round,ndist,True,0.1,0,NONE,0.05,7,OR,100,50,75,['none'],7777777,False,[],50,0,10,0.5,0.6,0.2,0.2,<class 'torch.optim.adam.Adam'>,0.01,<function cross_entropy at 0x000001C84AF6F880>,5,tolokers_bid,2.6396462785556376,GREEDY,REPLAY,1,0.1,241028135657
5,round_1,val_set_best,6.098579168319702,0.6079900124843945,0.4664750957854406,0.6572425988900908,0.7322458282373675,487,557,1605,314,0.25147706270217896,0.12573853135108948,0.5788036584854126,0.0,0.5578781366348267,0.27893906831741333,0.4046775996685028,432,351,0.21376636624336243,0,12932,1248798,cuda:0,True,False,False,ADVER,NODE,INDUCTIVE,False,3,1,128,459,0,0,REAGE,0.02727929920054431,0.09772070079945569,8,0.5,NONE,False,False,XGB-SP,temporal,64,2,64,2,2,0.1,LeakyReLU,layer,<class 'models.benchmarks_supervised.booster.GIN_noparam'>,<class 'xgboost.sklearn.XGBClassifier'>,<function average_precision_score at 0x000001C8520A5760>,500,7,mean_final,normal,0,1,1,1,1,1,1,round,ndist,True,0.1,0,NONE,0.05,7,OR,100,50,75,['none'],7777777,False,[],50,0,10,0.5,0.6,0.2,0.2,<class 'torch.optim.adam.Adam'>,0.01,<function cross_entropy at 0x000001C84AF6F880>,5,tolokers_bid,2.6396462785556376,GREEDY,REPLAY,1,0.1,241028135657
6,round_1,entire_graph,0.0,0.6046770601336303,0.46199659671015314,0.6817130238137101,0.775194853466916,1629,1897,7754,1065,0.25147706270217896,0.12573853135108948,0.5788036584854126,0.0,0.5578781366348267,0.27893906831741333,0.4046775996685028,432,351,0.21376636624336243,0,12932,1248798,cuda:0,True,False,False,ADVER,NODE,INDUCTIVE,False,3,1,128,459,0,0,REAGE,0.02727929920054431,0.09772070079945569,8,0.5,NONE,False,False,XGB-SP,temporal,64,2,64,2,2,0.1,LeakyReLU,layer,<class 'models.benchmarks_supervised.booster.GIN_noparam'>,<class 'xgboost.sklearn.XGBClassifier'>,<function average_precision_score at 0x000001C8520A5760>,500,7,mean_final,normal,0,1,1,1,1,1,1,round,ndist,True,0.1,0,NONE,0.05,7,OR,100,50,75,['none'],7777777,False,[],50,0,10,0.5,0.6,0.2,0.2,<class 'torch.optim.adam.Adam'>,0.01,<function cross_entropy at 0x000001C84AF6F880>,5,tolokers_bid,2.6396462785556376,GREEDY,REPLAY,1,0.1,241028135657
7,round_1,train_set,0.0,0.7402164862614488,0.5450643776824035,0.7268912933151228,0.8189083616464129,889,742,2501,312,0.25147706270217896,0.12573853135108948,0.5788036584854126,0.0,0.5578781366348267,0.27893906831741333,0.4046775996685028,432,351,0.21376636624336243,0,12932,1248798,cuda:0,True,False,False,ADVER,NODE,INDUCTIVE,False,3,1,128,459,0,0,REAGE,0.02727929920054431,0.09772070079945569,8,0.5,NONE,False,False,XGB-SP,temporal,64,2,64,2,2,0.1,LeakyReLU,layer,<class 'models.benchmarks_supervised.booster.GIN_noparam'>,<class 'xgboost.sklearn.XGBClassifier'>,<function average_precision_score at 0x000001C8520A5760>,500,7,mean_final,normal,0,1,1,1,1,1,1,round,ndist,True,0.1,0,NONE,0.05,7,OR,100,50,75,['none'],7777777,False,[],50,0,10,0.5,0.6,0.2,0.2,<class 'torch.optim.adam.Adam'>,0.01,<function cross_entropy at 0x000001C84AF6F880>,5,tolokers_bid,2.6396462785556376,GREEDY,REPLAY,1,0.1,241028135657
8,round_1,val_set,0.0,0.599250936329588,0.4490177736202058,0.6445050047991225,0.7228019785628741,480,589,1573,321,0.25147706270217896,0.12573853135108948,0.5788036584854126,0.0,0.5578781366348267,0.27893906831741333,0.4046775996685028,432,351,0.21376636624336243,0,12932,1248798,cuda:0,True,False,False,ADVER,NODE,INDUCTIVE,False,3,1,128,459,0,0,REAGE,0.02727929920054431,0.09772070079945569,8,0.5,NONE,False,False,XGB-SP,temporal,64,2,64,2,2,0.1,LeakyReLU,layer,<class 'models.benchmarks_supervised.booster.GIN_noparam'>,<class 'xgboost.sklearn.XGBClassifier'>,<function average_precision_score at 0x000001C8520A5760>,500,7,mean_final,normal,0,1,1,1,1,1,1,round,ndist,True,0.1,0,NONE,0.05,7,OR,100,50,75,['none'],7777777,False,[],50,0,10,0.5,0.6,0.2,0.2,<class 'torch.optim.adam.Adam'>,0.01,<function cross_entropy at 0x000001C84AF6F880>,5,tolokers_bid,2.6396462785556376,GREEDY,REPLAY,1,0.1,241028135657
9,round_1,test_set,0.0,0.37572254335260113,0.31476997578692495,0.6115747190687106,0.7307710895531735,260,566,3680,432,0.25147706270217896,0.12573853135108948,0.5788036584854126,0.0,0.5578781366348267,0.27893906831741333,0.4046775996685028,432,351,0.21376636624336243,0,12932,1248798,cuda:0,True,False,False,ADVER,NODE,INDUCTIVE,False,3,1,128,459,0,0,REAGE,0.02727929920054431,0.09772070079945569,8,0.5,NONE,False,False,XGB-SP,temporal,64,2,64,2,2,0.1,LeakyReLU,layer,<class 'models.benchmarks_supervised.booster.GIN_noparam'>,<class 'xgboost.sklearn.XGBClassifier'>,<function average_precision_score at 0x000001C8520A5760>,500,7,mean_final,normal,0,1,1,1,1,1,1,round,ndist,True,0.1,0,NONE,0.05,7,OR,100,50,75,['none'],7777777,False,[],50,0,10,0.5,0.6,0.2,0.2,<class 'torch.optim.adam.Adam'>,0.01,<function cross_entropy at 0x000001C84AF6F880>,5,tolokers_bid,2.6396462785556376,GREEDY,REPLAY,1,0.1,241028135657
10,round_1,round_0_nodes,0.0,0.558982266769468,0.453125,0.6686089618605021,0.7685156828688707,725,875,3707,572,0.25147706270217896,0.12573853135108948,0.5788036584854126,0.0,0.5578781366348267,0.27893906831741333,0.4046775996685028,432,351,0.21376636624336243,0,12932,1248798,cuda:0,True,False,False,ADVER,NODE,INDUCTIVE,False,3,1,128,459,0,0,REAGE,0.02727929920054431,0.09772070079945569,8,0.5,NONE,False,False,XGB-SP,temporal,64,2,64,2,2,0.1,LeakyReLU,layer,<class 'models.benchmarks_supervised.booster.GIN_noparam'>,<class 'xgboost.sklearn.XGBClassifier'>,<function average_precision_score at 0x000001C8520A5760>,500,7,mean_final,normal,0,1,1,1,1,1,1,round,ndist,True,0.1,0,NONE,0.05,7,OR,100,50,75,['none'],7777777,False,[],50,0,10,0.5,0.6,0.2,0.2,<class 'torch.optim.adam.Adam'>,0.01,<function cross_entropy at 0x000001C84AF6F880>,5,tolokers_bid,2.6396462785556376,GREEDY,REPLAY,1,0.1,241028135657
11,round_1,round_1_nodes,0.0,0.3671875,0.43119266055045874,0.6220048723594919,0.6915168845315904,47,62,397,81,0.25147706270217896,0.12573853135108948,0.5788036584854126,0.0,0.5578781366348267,0.27893906831741333,0.4046775996685028,432,351,0.21376636624336243,0,12932,1248798,cuda:0,True,False,False,ADVER,NODE,INDUCTIVE,False,3,1,128,459,0,0,REAGE,0.02727929920054431,0.09772070079945569,8,0.5,NONE,False,False,XGB-SP,temporal,64,2,64,2,2,0.1,LeakyReLU,layer,<class 'models.benchmarks_supervised.booster.GIN_noparam'>,<class 'xgboost.sklearn.XGBClassifier'>,<function average_precision_score at 0x000001C8520A5760>,500,7,mean_final,normal,0,1,1,1,1,1,1,round,ndist,True,0.1,0,NONE,0.05,7,OR,100,50,75,['none'],7777777,False,[],50,0,10,0.5,0.6,0.2,0.2,<class 'torch.optim.adam.Adam'>,0.01,<function cross_entropy at 0x000001C84AF6F880>,5,tolokers_bid,2.6396462785556376,GREEDY,REPLAY,1,0.1,241028135657
12,round_1,seed_current_pred,0.0,0.3984375,0.4015748031496063,0.6167573449401523,0.6651433142701525,51,76,383,77,0.25147706270217896,0.12573853135108948,0.5788036584854126,0.0,0.5578781366348267,0.27893906831741333,0.4046775996685028,432,351,0.21376636624336243,0,12932,1248798,cuda:0,True,False,False,ADVER,NODE,INDUCTIVE,False,3,1,128,459,0,0,REAGE,0.02727929920054431,0.09772070079945569,8,0.5,NONE,False,False,XGB-SP,temporal,64,2,64,2,2,0.1,LeakyReLU,layer,<class 'models.benchmarks_supervised.booster.GIN_noparam'>,<class 'xgboost.sklearn.XGBClassifier'>,<function average_precision_score at 0x000001C8520A5760>,500,7,mean_final,normal,0,1,1,1,1,1,1,round,ndist,True,0.1,0,NONE,0.05,7,OR,100,50,75,['none'],7777777,False,[],50,0,10,0.5,0.6,0.2,0.2,<class 'torch.optim.adam.Adam'>,0.01,<function cross_entropy at 0x000001C84AF6F880>,5,tolokers_bid,2.6396462785556376,GREEDY,REPLAY,1,0.1,241028135657
13,round_1,seed_prev_pred,0.0,0.0,0.0,0.3910788381742739,0.6651433142701525,0,82,377,128,0.25147706270217896,0.12573853135108948,0.5788036584854126,0.0,0.5578781366348267,0.27893906831741333,0.4046775996685028,432,351,0.21376636624336243,0,12932,1248798,cuda:0,True,False,False,ADVER,NODE,INDUCTIVE,False,3,1,128,459,0,0,REAGE,0.02727929920054431,0.09772070079945569,8,0.5,NONE,False,False,XGB-SP,temporal,64,2,64,2,2,0.1,LeakyReLU,layer,<class 'models.benchmarks_supervised.booster.GIN_noparam'>,<class 'xgboost.sklearn.XGBClassifier'>,<function average_precision_score at 0x000001C8520A5760>,500,7,mean_final,normal,0,1,1,1,1,1,1,round,ndist,True,0.1,0,NONE,0.05,7,OR,100,50,75,['none'],7777777,False,[],50,0,10,0.5,0.6,0.2,0.2,<class 'torch.optim.adam.Adam'>,0.01,<function cross_entropy at 0x000001C84AF6F880>,5,tolokers_bid,2.6396462785556376,GREEDY,REPLAY,1,0.1,241028135657
14,round_2,val_set_best,7.483859300613403,0.5314917127071823,0.5052521008403361,0.6644310427664232,0.7491816775321513,481,471,1918,424,0.2490612119436264,0.1245306059718132,0.5796343088150024,0.0,0.5792666077613831,0.28963330388069153,0.4141639173030853,416,261,0.34590092301368713,0,12932,1248798,cuda:0,True,False,False,ADVER,NODE,INDUCTIVE,False,3,1,128,459,0,0,REAGE,0.02727929920054431,0.09772070079945569,8,0.5,NONE,False,False,XGB-SP,temporal,64,2,64,2,2,0.1,LeakyReLU,layer,<class 'models.benchmarks_supervised.booster.GIN_noparam'>,<class 'xgboost.sklearn.XGBClassifier'>,<function average_precision_score at 0x000001C8520A5760>,500,7,mean_final,normal,0,1,1,1,1,1,1,round,ndist,True,0.1,0,NONE,0.05,7,OR,100,50,75,['none'],7777777,False,[],50,0,10,0.5,0.6,0.2,0.2,<class 'torch.optim.adam.Adam'>,0.01,<function cross_entropy at 0x000001C84AF6F880>,5,tolokers_bid,2.6396462785556376,GREEDY,REPLAY,1,0.1,241028135657
15,round_2,entire_graph,0.0,0.5570517363571935,0.4765080327371931,0.6814269704536822,0.7778993088780326,1572,1727,8383,1250,0.2490612119436264,0.1245306059718132,0.5796343088150024,0.0,0.5792666077613831,0.28963330388069153,0.4141639173030853,416,261,0.34590092301368713,0,12932,1248798,cuda:0,True,False,False,ADVER,NODE,INDUCTIVE,False,3,1,128,459,0,0,REAGE,0.02727929920054431,0.09772070079945569,8,0.5,NONE,False,False,XGB-SP,temporal,64,2,64,2,2,0.1,LeakyReLU,layer,<class 'models.benchmarks_supervised.booster.GIN_noparam'>,<class 'xgboost.sklearn.XGBClassifier'>,<function average_precision_score at 0x000001C8520A5760>,500,7,mean_final,normal,0,1,1,1,1,1,1,round,ndist,True,0.1,0,NONE,0.05,7,OR,100,50,75,['none'],7777777,False,[],50,0,10,0.5,0.6,0.2,0.2,<class 'torch.optim.adam.Adam'>,0.01,<function cross_entropy at 0x000001C84AF6F880>,5,tolokers_bid,2.6396462785556376,GREEDY,REPLAY,1,0.1,241028135657
16,round_2,train_set,0.0,0.6853352984524687,0.575139146567718,0.7320322867711748,0.8219667279326297,930,687,2895,427,0.2490612119436264,0.1245306059718132,0.5796343088150024,0.0,0.5792666077613831,0.28963330388069153,0.4141639173030853,416,261,0.34590092301368713,0,12932,1248798,cuda:0,True,False,False,ADVER,NODE,INDUCTIVE,False,3,1,128,459,0,0,REAGE,0.02727929920054431,0.09772070079945569,8,0.5,NONE,False,False,XGB-SP,temporal,64,2,64,2,2,0.1,LeakyReLU,layer,<class 'models.benchmarks_supervised.booster.GIN_noparam'>,<class 'xgboost.sklearn.XGBClassifier'>,<function average_precision_score at 0x000001C8520A5760>,500,7,mean_final,normal,0,1,1,1,1,1,1,round,ndist,True,0.1,0,NONE,0.05,7,OR,100,50,75,['none'],7777777,False,[],50,0,10,0.5,0.6,0.2,0.2,<class 'torch.optim.adam.Adam'>,0.01,<function cross_entropy at 0x000001C84AF6F880>,5,tolokers_bid,2.6396462785556376,GREEDY,REPLAY,1,0.1,241028135657
17,round_2,val_set,0.0,0.5502762430939226,0.4543795620437956,0.6393268375622523,0.7187824490239565,498,598,1791,407,0.2490612119436264,0.1245306059718132,0.5796343088150024,0.0,0.5792666077613831,0.28963330388069153,0.4141639173030853,416,261,0.34590092301368713,0,12932,1248798,cuda:0,True,False,False,ADVER,NODE,INDUCTIVE,False,3,1,128,459,0,0,REAGE,0.02727929920054431,0.09772070079945569,8,0.5,NONE,False,False,XGB-SP,temporal,64,2,64,2,2,0.1,LeakyReLU,layer,<class 'models.benchmarks_supervised.booster.GIN_noparam'>,<class 'xgboost.sklearn.XGBClassifier'>,<function average_precision_score at 0x000001C8520A5760>,500,7,mean_final,normal,0,1,1,1,1,1,1,round,ndist,True,0.1,0,NONE,0.05,7,OR,100,50,75,['none'],7777777,False,[],50,0,10,0.5,0.6,0.2,0.2,<class 'torch.optim.adam.Adam'>,0.01,<function cross_entropy at 0x000001C84AF6F880>,5,tolokers_bid,2.6396462785556376,GREEDY,REPLAY,1,0.1,241028135657
18,round_2,test_set,0.0,0.2571428571428571,0.24573378839590443,0.5736670532671121,0.7083821575259724,144,442,3697,416,0.2490612119436264,0.1245306059718132,0.5796343088150024,0.0,0.5792666077613831,0.28963330388069153,0.4141639173030853,416,261,0.34590092301368713,0,12932,1248798,cuda:0,True,False,False,ADVER,NODE,INDUCTIVE,False,3,1,128,459,0,0,REAGE,0.02727929920054431,0.09772070079945569,8,0.5,NONE,False,False,XGB-SP,temporal,64,2,64,2,2,0.1,LeakyReLU,layer,<class 'models.benchmarks_supervised.booster.GIN_noparam'>,<class 'xgboost.sklearn.XGBClassifier'>,<function average_precision_score at 0x000001C8520A5760>,500,7,mean_final,normal,0,1,1,1,1,1,1,round,ndist,True,0.1,0,NONE,0.05,7,OR,100,50,75,['none'],7777777,False,[],50,0,10,0.5,0.6,0.2,0.2,<class 'torch.optim.adam.Adam'>,0.01,<function cross_entropy at 0x000001C84AF6F880>,5,tolokers_bid,2.6396462785556376,GREEDY,REPLAY,1,0.1,241028135657
19,round_2,round_0_nodes,0.0,0.5697764070932922,0.4808067664281067,0.6847872744578463,0.7835903422833541,739,798,3784,558,0.2490612119436264,0.1245306059718132,0.5796343088150024,0.0,0.5792666077613831,0.28963330388069153,0.4141639173030853,416,261,0.34590092301368713,0,12932,1248798,cuda:0,True,False,False,ADVER,NODE,INDUCTIVE,False,3,1,128,459,0,0,REAGE,0.02727929920054431,0.09772070079945569,8,0.5,NONE,False,False,XGB-SP,temporal,64,2,64,2,2,0.1,LeakyReLU,layer,<class 'models.benchmarks_supervised.booster.GIN_noparam'>,<class 'xgboost.sklearn.XGBClassifier'>,<function average_precision_score at 0x000001C8520A5760>,500,7,mean_final,normal,0,1,1,1,1,1,1,round,ndist,True,0.1,0,NONE,0.05,7,OR,100,50,75,['none'],7777777,False,[],50,0,10,0.5,0.6,0.2,0.2,<class 'torch.optim.adam.Adam'>,0.01,<function cross_entropy at 0x000001C84AF6F880>,5,tolokers_bid,2.6396462785556376,GREEDY,REPLAY,1,0.1,241028135657
20,round_2,round_1_nodes,0.0,0.4140625,0.41732283464566927,0.6267767607587105,0.7010399645969498,53,74,385,75,0.2490612119436264,0.1245306059718132,0.5796343088150024,0.0,0.5792666077613831,0.28963330388069153,0.4141639173030853,416,261,0.34590092301368713,0,12932,1248798,cuda:0,True,False,False,ADVER,NODE,INDUCTIVE,False,3,1,128,459,0,0,REAGE,0.02727929920054431,0.09772070079945569,8,0.5,NONE,False,False,XGB-SP,temporal,64,2,64,2,2,0.1,LeakyReLU,layer,<class 'models.benchmarks_supervised.booster.GIN_noparam'>,<class 'xgboost.sklearn.XGBClassifier'>,<function average_precision_score at 0x000001C8520A5760>,500,7,mean_final,normal,0,1,1,1,1,1,1,round,ndist,True,0.1,0,NONE,0.05,7,OR,100,50,75,['none'],7777777,False,[],50,0,10,0.5,0.6,0.2,0.2,<class 'torch.optim.adam.Adam'>,0.01,<function cross_entropy at 0x000001C84AF6F880>,5,tolokers_bid,2.6396462785556376,GREEDY,REPLAY,1,0.1,241028135657
21,round_2,round_2_nodes,0.0,0.265625,0.3300970873786408,0.560759848140548,0.652062908496732,34,69,390,94,0.2490612119436264,0.1245306059718132,0.5796343088150024,0.0,0.5792666077613831,0.28963330388069153,0.4141639173030853,416,261,0.34590092301368713,0,12932,1248798,cuda:0,True,False,False,ADVER,NODE,INDUCTIVE,False,3,1,128,459,0,0,REAGE,0.02727929920054431,0.09772070079945569,8,0.5,NONE,False,False,XGB-SP,temporal,64,2,64,2,2,0.1,LeakyReLU,layer,<class 'models.benchmarks_supervised.booster.GIN_noparam'>,<class 'xgboost.sklearn.XGBClassifier'>,<function average_precision_score at 0x000001C8520A5760>,500,7,mean_final,normal,0,1,1,1,1,1,1,round,ndist,True,0.1,0,NONE,0.05,7,OR,100,50,75,['none'],7777777,False,[],50,0,10,0.5,0.6,0.2,0.2,<class 'torch.optim.adam.Adam'>,0.01,<function cross_entropy at 0x000001C84AF6F880>,5,tolokers_bid,2.6396462785556376,GREEDY,REPLAY,1,0.1,241028135657
22,round_2,seed_current_pred,0.0,0.2109375,0.2755102040816326,0.5287517269706136,0.635186887254902,27,71,388,101,0.2490612119436264,0.1245306059718132,0.5796343088150024,0.0,0.5792666077613831,0.28963330388069153,0.4141639173030853,416,261,0.34590092301368713,0,12932,1248798,cuda:0,True,False,False,ADVER,NODE,INDUCTIVE,False,3,1,128,459,0,0,REAGE,0.02727929920054431,0.09772070079945569,8,0.5,NONE,False,False,XGB-SP,temporal,64,2,64,2,2,0.1,LeakyReLU,layer,<class 'models.benchmarks_supervised.booster.GIN_noparam'>,<class 'xgboost.sklearn.XGBClassifier'>,<function average_precision_score at 0x000001C8520A5760>,500,7,mean_final,normal,0,1,1,1,1,1,1,round,ndist,True,0.1,0,NONE,0.05,7,OR,100,50,75,['none'],7777777,False,[],50,0,10,0.5,0.6,0.2,0.2,<class 'torch.optim.adam.Adam'>,0.01,<function cross_entropy at 0x000001C84AF6F880>,5,tolokers_bid,2.6396462785556376,GREEDY,REPLAY,1,0.1,241028135657
23,round_2,seed_prev_pred,0.0,0.0,0.0,0.3872651356993737,0.635186887254902,0,88,371,128,0.2490612119436264,0.1245306059718132,0.5796343088150024,0.0,0.5792666077613831,0.28963330388069153,0.4141639173030853,416,261,0.34590092301368713,0,12932,1248798,cuda:0,True,False,False,ADVER,NODE,INDUCTIVE,False,3,1,128,459,0,0,REAGE,0.02727929920054431,0.09772070079945569,8,0.5,NONE,False,False,XGB-SP,temporal,64,2,64,2,2,0.1,LeakyReLU,layer,<class 'models.benchmarks_supervised.booster.GIN_noparam'>,<class 'xgboost.sklearn.XGBClassifier'>,<function average_precision_score at 0x000001C8520A5760>,500,7,mean_final,normal,0,1,1,1,1,1,1,round,ndist,True,0.1,0,NONE,0.05,7,OR,100,50,75,['none'],7777777,False,[],50,0,10,0.5,0.6,0.2,0.2,<class 'torch.optim.adam.Adam'>,0.01,<function cross_entropy at 0x000001C84AF6F880>,5,tolokers_bid,2.6396462785556376,GREEDY,REPLAY,1,0.1,241028135657
0,round_0,val_set_best,7.308771371841431,0.542,0.4274447949526814,0.6560639070442993,0.7743347732181425,271,363,1489,229,0.34463533759117126,0.17231766879558563,0.4564673900604248,0.2282336950302124,0.6732802987098694,0.0,0.40055137872695923,668,668,0.0,0,12932,1284850,cuda:0,True,False,False,ADVER,NODE,INDUCTIVE,False,3,1,128,459,0,0,REAGE,0.02727929920054431,0.09772070079945569,8,0.5,NONE,False,False,XGB-SP,temporal,64,2,64,2,2,0.1,LeakyReLU,layer,<class 'models.benchmarks_supervised.booster.GIN_noparam'>,<class 'xgboost.sklearn.XGBClassifier'>,<function average_precision_score at 0x000001C8520A5760>,500,7,mean_final,normal,1,0,1,1,1,1,1,round,ndist,True,0.1,0,NONE,0.05,7,OR,100,50,75,['none'],7777777,False,[],50,0,10,0.5,0.6,0.2,0.2,<class 'torch.optim.adam.Adam'>,0.01,<function cross_entropy at 0x000001C84AF6F880>,5,tolokers_bid,2.6932610379550734,GREEDY,REPLAY,1,0.1,241028135657
1,round_0,entire_graph,0.0,0.5140296180826188,0.488699518340126,0.6785536579374359,0.8014433532632328,1319,1380,7812,1247,0.34463533759117126,0.17231766879558563,0.4564673900604248,0.2282336950302124,0.6732802987098694,0.0,0.40055137872695923,668,668,0.0,0,12932,1284850,cuda:0,True,False,False,ADVER,NODE,INDUCTIVE,False,3,1,128,459,0,0,REAGE,0.02727929920054431,0.09772070079945569,8,0.5,NONE,False,False,XGB-SP,temporal,64,2,64,2,2,0.1,LeakyReLU,layer,<class 'models.benchmarks_supervised.booster.GIN_noparam'>,<class 'xgboost.sklearn.XGBClassifier'>,<function average_precision_score at 0x000001C8520A5760>,500,7,mean_final,normal,1,0,1,1,1,1,1,round,ndist,True,0.1,0,NONE,0.05,7,OR,100,50,75,['none'],7777777,False,[],50,0,10,0.5,0.6,0.2,0.2,<class 'torch.optim.adam.Adam'>,0.01,<function cross_entropy at 0x000001C84AF6F880>,5,tolokers_bid,2.6932610379550734,GREEDY,REPLAY,1,0.1,241028135657
2,round_0,train_set,0.0,0.57543391188251,0.53875,0.715846208241935,0.8468553223352279,431,369,2409,318,0.34463533759117126,0.17231766879558563,0.4564673900604248,0.2282336950302124,0.6732802987098694,0.0,0.40055137872695923,668,668,0.0,0,12932,1284850,cuda:0,True,False,False,ADVER,NODE,INDUCTIVE,False,3,1,128,459,0,0,REAGE,0.02727929920054431,0.09772070079945569,8,0.5,NONE,False,False,XGB-SP,temporal,64,2,64,2,2,0.1,LeakyReLU,layer,<class 'models.benchmarks_supervised.booster.GIN_noparam'>,<class 'xgboost.sklearn.XGBClassifier'>,<function average_precision_score at 0x000001C8520A5760>,500,7,mean_final,normal,1,0,1,1,1,1,1,round,ndist,True,0.1,0,NONE,0.05,7,OR,100,50,75,['none'],7777777,False,[],50,0,10,0.5,0.6,0.2,0.2,<class 'torch.optim.adam.Adam'>,0.01,<function cross_entropy at 0x000001C84AF6F880>,5,tolokers_bid,2.6932610379550734,GREEDY,REPLAY,1,0.1,241028135657
3,round_0,val_set,0.0,0.478,0.4149305555555556,0.6397044056348189,0.7624114470842334,239,337,1515,261,0.34463533759117126,0.17231766879558563,0.4564673900604248,0.2282336950302124,0.6732802987098694,0.0,0.40055137872695923,668,668,0.0,0,12932,1284850,cuda:0,True,False,False,ADVER,NODE,INDUCTIVE,False,3,1,128,459,0,0,REAGE,0.02727929920054431,0.09772070079945569,8,0.5,NONE,False,False,XGB-SP,temporal,64,2,64,2,2,0.1,LeakyReLU,layer,<class 'models.benchmarks_supervised.booster.GIN_noparam'>,<class 'xgboost.sklearn.XGBClassifier'>,<function average_precision_score at 0x000001C8520A5760>,500,7,mean_final,normal,1,0,1,1,1,1,1,round,ndist,True,0.1,0,NONE,0.05,7,OR,100,50,75,['none'],7777777,False,[],50,0,10,0.5,0.6,0.2,0.2,<class 'torch.optim.adam.Adam'>,0.01,<function cross_entropy at 0x000001C84AF6F880>,5,tolokers_bid,2.6932610379550734,GREEDY,REPLAY,1,0.1,241028135657
4,round_0,test_set,0.0,0.49278663629460895,0.490551776266062,0.6722426336184836,0.7908704570488705,649,674,3888,668,0.34463533759117126,0.17231766879558563,0.4564673900604248,0.2282336950302124,0.6732802987098694,0.0,0.40055137872695923,668,668,0.0,0,12932,1284850,cuda:0,True,False,False,ADVER,NODE,INDUCTIVE,False,3,1,128,459,0,0,REAGE,0.02727929920054431,0.09772070079945569,8,0.5,NONE,False,False,XGB-SP,temporal,64,2,64,2,2,0.1,LeakyReLU,layer,<class 'models.benchmarks_supervised.booster.GIN_noparam'>,<class 'xgboost.sklearn.XGBClassifier'>,<function average_precision_score at 0x000001C8520A5760>,500,7,mean_final,normal,1,0,1,1,1,1,1,round,ndist,True,0.1,0,NONE,0.05,7,OR,100,50,75,['none'],7777777,False,[],50,0,10,0.5,0.6,0.2,0.2,<class 'torch.optim.adam.Adam'>,0.01,<function cross_entropy at 0x000001C84AF6F880>,5,tolokers_bid,2.6932610379550734,GREEDY,REPLAY,1,0.1,241028135657
5,round_1,val_set_best,7.879969835281372,0.549407114624506,0.4711864406779661,0.6553009220690365,0.7463761907068058,417,468,1654,342,0.3018498420715332,0.1509249210357666,0.3207548260688782,0.1603774130344391,0.563554048538208,0.0,0.3113023340702057,542,450,0.26358696818351746,0,12932,1284850,cuda:0,True,False,False,ADVER,NODE,INDUCTIVE,False,3,1,128,459,0,0,REAGE,0.02727929920054431,0.09772070079945569,8,0.5,NONE,False,False,XGB-SP,temporal,64,2,64,2,2,0.1,LeakyReLU,layer,<class 'models.benchmarks_supervised.booster.GIN_noparam'>,<class 'xgboost.sklearn.XGBClassifier'>,<function average_precision_score at 0x000001C8520A5760>,500,7,mean_final,normal,1,0,1,1,1,1,1,round,ndist,True,0.1,0,NONE,0.05,7,OR,100,50,75,['none'],7777777,False,[],50,0,10,0.5,0.6,0.2,0.2,<class 'torch.optim.adam.Adam'>,0.01,<function cross_entropy at 0x000001C84AF6F880>,5,tolokers_bid,2.6932610379550734,GREEDY,REPLAY,1,0.1,241028135657
6,round_1,entire_graph,0.0,0.5252412769116556,0.49631708172571026,0.6842786093787128,0.7951116074227358,1415,1436,8215,1279,0.3018498420715332,0.1509249210357666,0.3207548260688782,0.1603774130344391,0.563554048538208,0.0,0.3113023340702057,542,450,0.26358696818351746,0,12932,1284850,cuda:0,True,False,False,ADVER,NODE,INDUCTIVE,False,3,1,128,459,0,0,REAGE,0.02727929920054431,0.09772070079945569,8,0.5,NONE,False,False,XGB-SP,temporal,64,2,64,2,2,0.1,LeakyReLU,layer,<class 'models.benchmarks_supervised.booster.GIN_noparam'>,<class 'xgboost.sklearn.XGBClassifier'>,<function average_precision_score at 0x000001C8520A5760>,500,7,mean_final,normal,1,0,1,1,1,1,1,round,ndist,True,0.1,0,NONE,0.05,7,OR,100,50,75,['none'],7777777,False,[],50,0,10,0.5,0.6,0.2,0.2,<class 'torch.optim.adam.Adam'>,0.01,<function cross_entropy at 0x000001C84AF6F880>,5,tolokers_bid,2.6932610379550734,GREEDY,REPLAY,1,0.1,241028135657
7,round_1,train_set,0.0,0.6830553116769096,0.6121164437450826,0.7543042468533443,0.8507590987275329,778,493,2689,361,0.3018498420715332,0.1509249210357666,0.3207548260688782,0.1603774130344391,0.563554048538208,0.0,0.3113023340702057,542,450,0.26358696818351746,0,12932,1284850,cuda:0,True,False,False,ADVER,NODE,INDUCTIVE,False,3,1,128,459,0,0,REAGE,0.02727929920054431,0.09772070079945569,8,0.5,NONE,False,False,XGB-SP,temporal,64,2,64,2,2,0.1,LeakyReLU,layer,<class 'models.benchmarks_supervised.booster.GIN_noparam'>,<class 'xgboost.sklearn.XGBClassifier'>,<function average_precision_score at 0x000001C8520A5760>,500,7,mean_final,normal,1,0,1,1,1,1,1,round,ndist,True,0.1,0,NONE,0.05,7,OR,100,50,75,['none'],7777777,False,[],50,0,10,0.5,0.6,0.2,0.2,<class 'torch.optim.adam.Adam'>,0.01,<function cross_entropy at 0x000001C84AF6F880>,5,tolokers_bid,2.6932610379550734,GREEDY,REPLAY,1,0.1,241028135657
8,round_1,val_set,0.0,0.5046113306982872,0.45868263473053894,0.640947820160535,0.7367068008280154,383,452,1670,376,0.3018498420715332,0.1509249210357666,0.3207548260688782,0.1603774130344391,0.563554048538208,0.0,0.3113023340702057,542,450,0.26358696818351746,0,12932,1284850,cuda:0,True,False,False,ADVER,NODE,INDUCTIVE,False,3,1,128,459,0,0,REAGE,0.02727929920054431,0.09772070079945569,8,0.5,NONE,False,False,XGB-SP,temporal,64,2,64,2,2,0.1,LeakyReLU,layer,<class 'models.benchmarks_supervised.booster.GIN_noparam'>,<class 'xgboost.sklearn.XGBClassifier'>,<function average_precision_score at 0x000001C8520A5760>,500,7,mean_final,normal,1,0,1,1,1,1,1,round,ndist,True,0.1,0,NONE,0.05,7,OR,100,50,75,['none'],7777777,False,[],50,0,10,0.5,0.6,0.2,0.2,<class 'torch.optim.adam.Adam'>,0.01,<function cross_entropy at 0x000001C84AF6F880>,5,tolokers_bid,2.6932610379550734,GREEDY,REPLAY,1,0.1,241028135657
9,round_1,test_set,0.0,0.31909547738693467,0.3409395973154362,0.6057657124178496,0.7542965575519651,254,491,3856,542,0.3018498420715332,0.1509249210357666,0.3207548260688782,0.1603774130344391,0.563554048538208,0.0,0.3113023340702057,542,450,0.26358696818351746,0,12932,1284850,cuda:0,True,False,False,ADVER,NODE,INDUCTIVE,False,3,1,128,459,0,0,REAGE,0.02727929920054431,0.09772070079945569,8,0.5,NONE,False,False,XGB-SP,temporal,64,2,64,2,2,0.1,LeakyReLU,layer,<class 'models.benchmarks_supervised.booster.GIN_noparam'>,<class 'xgboost.sklearn.XGBClassifier'>,<function average_precision_score at 0x000001C8520A5760>,500,7,mean_final,normal,1,0,1,1,1,1,1,round,ndist,True,0.1,0,NONE,0.05,7,OR,100,50,75,['none'],7777777,False,[],50,0,10,0.5,0.6,0.2,0.2,<class 'torch.optim.adam.Adam'>,0.01,<function cross_entropy at 0x000001C84AF6F880>,5,tolokers_bid,2.6932610379550734,GREEDY,REPLAY,1,0.1,241028135657
10,round_1,round_0_nodes,0.0,0.5110098709187547,0.4852198990627253,0.6738960549654082,0.7836185623737342,673,714,3848,644,0.3018498420715332,0.1509249210357666,0.3207548260688782,0.1603774130344391,0.563554048538208,0.0,0.3113023340702057,542,450,0.26358696818351746,0,12932,1284850,cuda:0,True,False,False,ADVER,NODE,INDUCTIVE,False,3,1,128,459,0,0,REAGE,0.02727929920054431,0.09772070079945569,8,0.5,NONE,False,False,XGB-SP,temporal,64,2,64,2,2,0.1,LeakyReLU,layer,<class 'models.benchmarks_supervised.booster.GIN_noparam'>,<class 'xgboost.sklearn.XGBClassifier'>,<function average_precision_score at 0x000001C8520A5760>,500,7,mean_final,normal,1,0,1,1,1,1,1,round,ndist,True,0.1,0,NONE,0.05,7,OR,100,50,75,['none'],7777777,False,[],50,0,10,0.5,0.6,0.2,0.2,<class 'torch.optim.adam.Adam'>,0.01,<function cross_entropy at 0x000001C84AF6F880>,5,tolokers_bid,2.6932610379550734,GREEDY,REPLAY,1,0.1,241028135657
11,round_1,round_1_nodes,0.0,0.28125,0.45569620253164556,0.6041095274493054,0.7536509395424836,36,43,416,92,0.3018498420715332,0.1509249210357666,0.3207548260688782,0.1603774130344391,0.563554048538208,0.0,0.3113023340702057,542,450,0.26358696818351746,0,12932,1284850,cuda:0,True,False,False,ADVER,NODE,INDUCTIVE,False,3,1,128,459,0,0,REAGE,0.02727929920054431,0.09772070079945569,8,0.5,NONE,False,False,XGB-SP,temporal,64,2,64,2,2,0.1,LeakyReLU,layer,<class 'models.benchmarks_supervised.booster.GIN_noparam'>,<class 'xgboost.sklearn.XGBClassifier'>,<function average_precision_score at 0x000001C8520A5760>,500,7,mean_final,normal,1,0,1,1,1,1,1,round,ndist,True,0.1,0,NONE,0.05,7,OR,100,50,75,['none'],7777777,False,[],50,0,10,0.5,0.6,0.2,0.2,<class 'torch.optim.adam.Adam'>,0.01,<function cross_entropy at 0x000001C84AF6F880>,5,tolokers_bid,2.6932610379550734,GREEDY,REPLAY,1,0.1,241028135657
12,round_1,seed_current_pred,0.0,0.328125,0.39622641509433965,0.5996999454446263,0.7500170206971677,42,64,395,86,0.3018498420715332,0.1509249210357666,0.3207548260688782,0.1603774130344391,0.563554048538208,0.0,0.3113023340702057,542,450,0.26358696818351746,0,12932,1284850,cuda:0,True,False,False,ADVER,NODE,INDUCTIVE,False,3,1,128,459,0,0,REAGE,0.02727929920054431,0.09772070079945569,8,0.5,NONE,False,False,XGB-SP,temporal,64,2,64,2,2,0.1,LeakyReLU,layer,<class 'models.benchmarks_supervised.booster.GIN_noparam'>,<class 'xgboost.sklearn.XGBClassifier'>,<function average_precision_score at 0x000001C8520A5760>,500,7,mean_final,normal,1,0,1,1,1,1,1,round,ndist,True,0.1,0,NONE,0.05,7,OR,100,50,75,['none'],7777777,False,[],50,0,10,0.5,0.6,0.2,0.2,<class 'torch.optim.adam.Adam'>,0.01,<function cross_entropy at 0x000001C84AF6F880>,5,tolokers_bid,2.6932610379550734,GREEDY,REPLAY,1,0.1,241028135657
13,round_1,seed_prev_pred,0.0,0.0,0.0,0.40163098878695214,0.7500170206971677,0,65,394,128,0.3018498420715332,0.1509249210357666,0.3207548260688782,0.1603774130344391,0.563554048538208,0.0,0.3113023340702057,542,450,0.26358696818351746,0,12932,1284850,cuda:0,True,False,False,ADVER,NODE,INDUCTIVE,False,3,1,128,459,0,0,REAGE,0.02727929920054431,0.09772070079945569,8,0.5,NONE,False,False,XGB-SP,temporal,64,2,64,2,2,0.1,LeakyReLU,layer,<class 'models.benchmarks_supervised.booster.GIN_noparam'>,<class 'xgboost.sklearn.XGBClassifier'>,<function average_precision_score at 0x000001C8520A5760>,500,7,mean_final,normal,1,0,1,1,1,1,1,round,ndist,True,0.1,0,NONE,0.05,7,OR,100,50,75,['none'],7777777,False,[],50,0,10,0.5,0.6,0.2,0.2,<class 'torch.optim.adam.Adam'>,0.01,<function cross_entropy at 0x000001C84AF6F880>,5,tolokers_bid,2.6932610379550734,GREEDY,REPLAY,1,0.1,241028135657
14,round_2,val_set_best,9.182549715042114,0.5934959349593496,0.48344370860927155,0.6655224567633327,0.7603672816587651,511,546,1772,350,0.2921679615974426,0.1460839807987213,0.29222697019577026,0.14611348509788513,0.5845556259155273,0.0,0.29219746589660645,449,309,0.4929705262184143,0,12932,1284850,cuda:0,True,False,False,ADVER,NODE,INDUCTIVE,False,3,1,128,459,0,0,REAGE,0.02727929920054431,0.09772070079945569,8,0.5,NONE,False,False,XGB-SP,temporal,64,2,64,2,2,0.1,LeakyReLU,layer,<class 'models.benchmarks_supervised.booster.GIN_noparam'>,<class 'xgboost.sklearn.XGBClassifier'>,<function average_precision_score at 0x000001C8520A5760>,500,7,mean_final,normal,1,0,1,1,1,1,1,round,ndist,True,0.1,0,NONE,0.05,7,OR,100,50,75,['none'],7777777,False,[],50,0,10,0.5,0.6,0.2,0.2,<class 'torch.optim.adam.Adam'>,0.01,<function cross_entropy at 0x000001C84AF6F880>,5,tolokers_bid,2.6932610379550734,GREEDY,REPLAY,1,0.1,241028135657
15,round_2,entire_graph,0.0,0.609851169383416,0.45881098373766993,0.6806768606778644,0.7955805768018838,1721,2030,8080,1101,0.2921679615974426,0.1460839807987213,0.29222697019577026,0.14611348509788513,0.5845556259155273,0.0,0.29219746589660645,449,309,0.4929705262184143,0,12932,1284850,cuda:0,True,False,False,ADVER,NODE,INDUCTIVE,False,3,1,128,459,0,0,REAGE,0.02727929920054431,0.09772070079945569,8,0.5,NONE,False,False,XGB-SP,temporal,64,2,64,2,2,0.1,LeakyReLU,layer,<class 'models.benchmarks_supervised.booster.GIN_noparam'>,<class 'xgboost.sklearn.XGBClassifier'>,<function average_precision_score at 0x000001C8520A5760>,500,7,mean_final,normal,1,0,1,1,1,1,1,round,ndist,True,0.1,0,NONE,0.05,7,OR,100,50,75,['none'],7777777,False,[],50,0,10,0.5,0.6,0.2,0.2,<class 'torch.optim.adam.Adam'>,0.01,<function cross_entropy at 0x000001C84AF6F880>,5,tolokers_bid,2.6932610379550734,GREEDY,REPLAY,1,0.1,241028135657
16,round_2,train_set,0.0,0.7490317583268784,0.5478753541076488,0.7298526274966066,0.8348433113742695,967,798,2679,324,0.2921679615974426,0.1460839807987213,0.29222697019577026,0.14611348509788513,0.5845556259155273,0.0,0.29219746589660645,449,309,0.4929705262184143,0,12932,1284850,cuda:0,True,False,False,ADVER,NODE,INDUCTIVE,False,3,1,128,459,0,0,REAGE,0.02727929920054431,0.09772070079945569,8,0.5,NONE,False,False,XGB-SP,temporal,64,2,64,2,2,0.1,LeakyReLU,layer,<class 'models.benchmarks_supervised.booster.GIN_noparam'>,<class 'xgboost.sklearn.XGBClassifier'>,<function average_precision_score at 0x000001C8520A5760>,500,7,mean_final,normal,1,0,1,1,1,1,1,round,ndist,True,0.1,0,NONE,0.05,7,OR,100,50,75,['none'],7777777,False,[],50,0,10,0.5,0.6,0.2,0.2,<class 'torch.optim.adam.Adam'>,0.01,<function cross_entropy at 0x000001C84AF6F880>,5,tolokers_bid,2.6932610379550734,GREEDY,REPLAY,1,0.1,241028135657
17,round_2,val_set,0.0,0.6190476190476191,0.4419568822553897,0.6412221572429643,0.7369175136962759,533,673,1645,328,0.2921679615974426,0.1460839807987213,0.29222697019577026,0.14611348509788513,0.5845556259155273,0.0,0.29219746589660645,449,309,0.4929705262184143,0,12932,1284850,cuda:0,True,False,False,ADVER,NODE,INDUCTIVE,False,3,1,128,459,0,0,REAGE,0.02727929920054431,0.09772070079945569,8,0.5,NONE,False,False,XGB-SP,temporal,64,2,64,2,2,0.1,LeakyReLU,layer,<class 'models.benchmarks_supervised.booster.GIN_noparam'>,<class 'xgboost.sklearn.XGBClassifier'>,<function average_precision_score at 0x000001C8520A5760>,500,7,mean_final,normal,1,0,1,1,1,1,1,round,ndist,True,0.1,0,NONE,0.05,7,OR,100,50,75,['none'],7777777,False,[],50,0,10,0.5,0.6,0.2,0.2,<class 'torch.optim.adam.Adam'>,0.01,<function cross_entropy at 0x000001C84AF6F880>,5,tolokers_bid,2.6932610379550734,GREEDY,REPLAY,1,0.1,241028135657
18,round_2,test_set,0.0,0.32985074626865674,0.2833333333333333,0.5932588635259834,0.7524103699347988,221,559,3756,449,0.2921679615974426,0.1460839807987213,0.29222697019577026,0.14611348509788513,0.5845556259155273,0.0,0.29219746589660645,449,309,0.4929705262184143,0,12932,1284850,cuda:0,True,False,False,ADVER,NODE,INDUCTIVE,False,3,1,128,459,0,0,REAGE,0.02727929920054431,0.09772070079945569,8,0.5,NONE,False,False,XGB-SP,temporal,64,2,64,2,2,0.1,LeakyReLU,layer,<class 'models.benchmarks_supervised.booster.GIN_noparam'>,<class 'xgboost.sklearn.XGBClassifier'>,<function average_precision_score at 0x000001C8520A5760>,500,7,mean_final,normal,1,0,1,1,1,1,1,round,ndist,True,0.1,0,NONE,0.05,7,OR,100,50,75,['none'],7777777,False,[],50,0,10,0.5,0.6,0.2,0.2,<class 'torch.optim.adam.Adam'>,0.01,<function cross_entropy at 0x000001C84AF6F880>,5,tolokers_bid,2.6932610379550734,GREEDY,REPLAY,1,0.1,241028135657
19,round_2,round_0_nodes,0.0,0.5968109339407744,0.4712230215827338,0.6827854077179468,0.7948479682777773,786,882,3680,531,0.2921679615974426,0.1460839807987213,0.29222697019577026,0.14611348509788513,0.5845556259155273,0.0,0.29219746589660645,449,309,0.4929705262184143,0,12932,1284850,cuda:0,True,False,False,ADVER,NODE,INDUCTIVE,False,3,1,128,459,0,0,REAGE,0.02727929920054431,0.09772070079945569,8,0.5,NONE,False,False,XGB-SP,temporal,64,2,64,2,2,0.1,LeakyReLU,layer,<class 'models.benchmarks_supervised.booster.GIN_noparam'>,<class 'xgboost.sklearn.XGBClassifier'>,<function average_precision_score at 0x000001C8520A5760>,500,7,mean_final,normal,1,0,1,1,1,1,1,round,ndist,True,0.1,0,NONE,0.05,7,OR,100,50,75,['none'],7777777,False,[],50,0,10,0.5,0.6,0.2,0.2,<class 'torch.optim.adam.Adam'>,0.01,<function cross_entropy at 0x000001C84AF6F880>,5,tolokers_bid,2.6932610379550734,GREEDY,REPLAY,1,0.1,241028135657
20,round_2,round_1_nodes,0.0,0.4375,0.417910447761194,0.631503615910004,0.7702376089324618,56,78,381,72,0.2921679615974426,0.1460839807987213,0.29222697019577026,0.14611348509788513,0.5845556259155273,0.0,0.29219746589660645,449,309,0.4929705262184143,0,12932,1284850,cuda:0,True,False,False,ADVER,NODE,INDUCTIVE,False,3,1,128,459,0,0,REAGE,0.02727929920054431,0.09772070079945569,8,0.5,NONE,False,False,XGB-SP,temporal,64,2,64,2,2,0.1,LeakyReLU,layer,<class 'models.benchmarks_supervised.booster.GIN_noparam'>,<class 'xgboost.sklearn.XGBClassifier'>,<function average_precision_score at 0x000001C8520A5760>,500,7,mean_final,normal,1,0,1,1,1,1,1,round,ndist,True,0.1,0,NONE,0.05,7,OR,100,50,75,['none'],7777777,False,[],50,0,10,0.5,0.6,0.2,0.2,<class 'torch.optim.adam.Adam'>,0.01,<function cross_entropy at 0x000001C84AF6F880>,5,tolokers_bid,2.6932610379550734,GREEDY,REPLAY,1,0.1,241028135657
21,round_2,round_2_nodes,0.0,0.375,0.36363636363636365,0.5948998485103517,0.7106481481481481,48,84,375,80,0.2921679615974426,0.1460839807987213,0.29222697019577026,0.14611348509788513,0.5845556259155273,0.0,0.29219746589660645,449,309,0.4929705262184143,0,12932,1284850,cuda:0,True,False,False,ADVER,NODE,INDUCTIVE,False,3,1,128,459,0,0,REAGE,0.02727929920054431,0.09772070079945569,8,0.5,NONE,False,False,XGB-SP,temporal,64,2,64,2,2,0.1,LeakyReLU,layer,<class 'models.benchmarks_supervised.booster.GIN_noparam'>,<class 'xgboost.sklearn.XGBClassifier'>,<function average_precision_score at 0x000001C8520A5760>,500,7,mean_final,normal,1,0,1,1,1,1,1,round,ndist,True,0.1,0,NONE,0.05,7,OR,100,50,75,['none'],7777777,False,[],50,0,10,0.5,0.6,0.2,0.2,<class 'torch.optim.adam.Adam'>,0.01,<function cross_entropy at 0x000001C84AF6F880>,5,tolokers_bid,2.6932610379550734,GREEDY,REPLAY,1,0.1,241028135657
22,round_2,seed_current_pred,0.0,0.40625,0.3611111111111111,0.5980500847789226,0.7029547930283224,52,92,367,76,0.2921679615974426,0.1460839807987213,0.29222697019577026,0.14611348509788513,0.5845556259155273,0.0,0.29219746589660645,449,309,0.4929705262184143,0,12932,1284850,cuda:0,True,False,False,ADVER,NODE,INDUCTIVE,False,3,1,128,459,0,0,REAGE,0.02727929920054431,0.09772070079945569,8,0.5,NONE,False,False,XGB-SP,temporal,64,2,64,2,2,0.1,LeakyReLU,layer,<class 'models.benchmarks_supervised.booster.GIN_noparam'>,<class 'xgboost.sklearn.XGBClassifier'>,<function average_precision_score at 0x000001C8520A5760>,500,7,mean_final,normal,1,0,1,1,1,1,1,round,ndist,True,0.1,0,NONE,0.05,7,OR,100,50,75,['none'],7777777,False,[],50,0,10,0.5,0.6,0.2,0.2,<class 'torch.optim.adam.Adam'>,0.01,<function cross_entropy at 0x000001C84AF6F880>,5,tolokers_bid,2.6932610379550734,GREEDY,REPLAY,1,0.1,241028135657
23,round_2,seed_prev_pred,0.0,0.0,0.0,0.40345528455284546,0.7029547930283224,0,62,397,128,0.2921679615974426,0.1460839807987213,0.29222697019577026,0.14611348509788513,0.5845556259155273,0.0,0.29219746589660645,449,309,0.4929705262184143,0,12932,1284850,cuda:0,True,False,False,ADVER,NODE,INDUCTIVE,False,3,1,128,459,0,0,REAGE,0.02727929920054431,0.09772070079945569,8,0.5,NONE,False,False,XGB-SP,temporal,64,2,64,2,2,0.1,LeakyReLU,layer,<class 'models.benchmarks_supervised.booster.GIN_noparam'>,<class 'xgboost.sklearn.XGBClassifier'>,<function average_precision_score at 0x000001C8520A5760>,500,7,mean_final,normal,1,0,1,1,1,1,1,round,ndist,True,0.1,0,NONE,0.05,7,OR,100,50,75,['none'],7777777,False,[],50,0,10,0.5,0.6,0.2,0.2,<class 'torch.optim.adam.Adam'>,0.01,<function cross_entropy at 0x000001C84AF6F880>,5,tolokers_bid,2.6932610379550734,GREEDY,REPLAY,1,0.1,241028135657
0,round_0,val_set_best,6.847254276275635,0.521484375,0.47007042253521125,0.6718910963944077,0.7967890200407609,267,301,1539,245,0.26259762048721313,0.08753254016240437,0.41522300243377686,0.1384076674779256,0.6641983389854431,0.22139944632848102,0.4473396837711334,571,571,0.0,0,12932,1258382,cuda:0,True,False,False,ADVER,NODE,INDUCTIVE,False,3,1,128,459,0,0,REAGE,0.02727929920054431,0.09772070079945569,8,0.5,NONE,False,False,XGB-SP,temporal,64,2,64,2,2,0.1,LeakyReLU,layer,<class 'models.benchmarks_supervised.booster.GIN_noparam'>,<class 'xgboost.sklearn.XGBClassifier'>,<function average_precision_score at 0x000001C8520A5760>,500,7,mean_final,normal,1,1,1,1,1,1,1,round,ndist,True,0.1,0,NONE,0.05,7,OR,100,50,75,['none'],7777777,False,[],50,0,10,0.5,0.6,0.2,0.2,<class 'torch.optim.adam.Adam'>,0.01,<function cross_entropy at 0x000001C84AF6F880>,5,tolokers_bid,2.6354642313546424,GREEDY,REPLAY,1,0.1,241028135657
1,round_0,entire_graph,0.0,0.5670303975058457,0.4897340962638842,0.6897202215218621,0.8157917530713956,1455,1516,7676,1111,0.26259762048721313,0.08753254016240437,0.41522300243377686,0.1384076674779256,0.6641983389854431,0.22139944632848102,0.4473396837711334,571,571,0.0,0,12932,1258382,cuda:0,True,False,False,ADVER,NODE,INDUCTIVE,False,3,1,128,459,0,0,REAGE,0.02727929920054431,0.09772070079945569,8,0.5,NONE,False,False,XGB-SP,temporal,64,2,64,2,2,0.1,LeakyReLU,layer,<class 'models.benchmarks_supervised.booster.GIN_noparam'>,<class 'xgboost.sklearn.XGBClassifier'>,<function average_precision_score at 0x000001C8520A5760>,500,7,mean_final,normal,1,1,1,1,1,1,1,round,ndist,True,0.1,0,NONE,0.05,7,OR,100,50,75,['none'],7777777,False,[],50,0,10,0.5,0.6,0.2,0.2,<class 'torch.optim.adam.Adam'>,0.01,<function cross_entropy at 0x000001C84AF6F880>,5,tolokers_bid,2.6354642313546424,GREEDY,REPLAY,1,0.1,241028135657
2,round_0,train_set,0.0,0.6302083333333334,0.55,0.7307962386273432,0.8591218040201765,484,396,2363,284,0.26259762048721313,0.08753254016240437,0.41522300243377686,0.1384076674779256,0.6641983389854431,0.22139944632848102,0.4473396837711334,571,571,0.0,0,12932,1258382,cuda:0,True,False,False,ADVER,NODE,INDUCTIVE,False,3,1,128,459,0,0,REAGE,0.02727929920054431,0.09772070079945569,8,0.5,NONE,False,False,XGB-SP,temporal,64,2,64,2,2,0.1,LeakyReLU,layer,<class 'models.benchmarks_supervised.booster.GIN_noparam'>,<class 'xgboost.sklearn.XGBClassifier'>,<function average_precision_score at 0x000001C8520A5760>,500,7,mean_final,normal,1,1,1,1,1,1,1,round,ndist,True,0.1,0,NONE,0.05,7,OR,100,50,75,['none'],7777777,False,[],50,0,10,0.5,0.6,0.2,0.2,<class 'torch.optim.adam.Adam'>,0.01,<function cross_entropy at 0x000001C84AF6F880>,5,tolokers_bid,2.6354642313546424,GREEDY,REPLAY,1,0.1,241028135657
3,round_0,val_set,0.0,0.5,0.4547069271758437,0.6605699564874685,0.7841950789741847,256,307,1533,256,0.26259762048721313,0.08753254016240437,0.41522300243377686,0.1384076674779256,0.6641983389854431,0.22139944632848102,0.4473396837711334,571,571,0.0,0,12932,1258382,cuda:0,True,False,False,ADVER,NODE,INDUCTIVE,False,3,1,128,459,0,0,REAGE,0.02727929920054431,0.09772070079945569,8,0.5,NONE,False,False,XGB-SP,temporal,64,2,64,2,2,0.1,LeakyReLU,layer,<class 'models.benchmarks_supervised.booster.GIN_noparam'>,<class 'xgboost.sklearn.XGBClassifier'>,<function average_precision_score at 0x000001C8520A5760>,500,7,mean_final,normal,1,1,1,1,1,1,1,round,ndist,True,0.1,0,NONE,0.05,7,OR,100,50,75,['none'],7777777,False,[],50,0,10,0.5,0.6,0.2,0.2,<class 'torch.optim.adam.Adam'>,0.01,<function cross_entropy at 0x000001C84AF6F880>,5,tolokers_bid,2.6354642313546424,GREEDY,REPLAY,1,0.1,241028135657
4,round_0,test_set,0.0,0.5559875583203733,0.46793193717277487,0.6767164051960999,0.8023282607009992,715,813,3780,571,0.26259762048721313,0.08753254016240437,0.41522300243377686,0.1384076674779256,0.6641983389854431,0.22139944632848102,0.4473396837711334,571,571,0.0,0,12932,1258382,cuda:0,True,False,False,ADVER,NODE,INDUCTIVE,False,3,1,128,459,0,0,REAGE,0.02727929920054431,0.09772070079945569,8,0.5,NONE,False,False,XGB-SP,temporal,64,2,64,2,2,0.1,LeakyReLU,layer,<class 'models.benchmarks_supervised.booster.GIN_noparam'>,<class 'xgboost.sklearn.XGBClassifier'>,<function average_precision_score at 0x000001C8520A5760>,500,7,mean_final,normal,1,1,1,1,1,1,1,round,ndist,True,0.1,0,NONE,0.05,7,OR,100,50,75,['none'],7777777,False,[],50,0,10,0.5,0.6,0.2,0.2,<class 'torch.optim.adam.Adam'>,0.01,<function cross_entropy at 0x000001C84AF6F880>,5,tolokers_bid,2.6354642313546424,GREEDY,REPLAY,1,0.1,241028135657
5,round_1,val_set_best,6.51738715171814,0.568922305764411,0.49455337690631807,0.6686067693193584,0.7709967760046769,454,464,1701,344,0.21969389915466309,0.07323129971822102,0.3337065577507019,0.11123551925023396,0.562383234500885,0.18746107816696167,0.3719279170036316,503,406,0.2320413440465927,0,12932,1258382,cuda:0,True,False,False,ADVER,NODE,INDUCTIVE,False,3,1,128,459,0,0,REAGE,0.02727929920054431,0.09772070079945569,8,0.5,NONE,False,False,XGB-SP,temporal,64,2,64,2,2,0.1,LeakyReLU,layer,<class 'models.benchmarks_supervised.booster.GIN_noparam'>,<class 'xgboost.sklearn.XGBClassifier'>,<function average_precision_score at 0x000001C8520A5760>,500,7,mean_final,normal,1,1,1,1,1,1,1,round,ndist,True,0.1,0,NONE,0.05,7,OR,100,50,75,['none'],7777777,False,[],50,0,10,0.5,0.6,0.2,0.2,<class 'torch.optim.adam.Adam'>,0.01,<function cross_entropy at 0x000001C84AF6F880>,5,tolokers_bid,2.6354642313546424,GREEDY,REPLAY,1,0.1,241028135657
6,round_1,entire_graph,0.0,0.566815144766147,0.5260075783672064,0.706229640327872,0.8222579763516589,1527,1376,8275,1167,0.21969389915466309,0.07323129971822102,0.3337065577507019,0.11123551925023396,0.562383234500885,0.18746107816696167,0.3719279170036316,503,406,0.2320413440465927,0,12932,1258382,cuda:0,True,False,False,ADVER,NODE,INDUCTIVE,False,3,1,128,459,0,0,REAGE,0.02727929920054431,0.09772070079945569,8,0.5,NONE,False,False,XGB-SP,temporal,64,2,64,2,2,0.1,LeakyReLU,layer,<class 'models.benchmarks_supervised.booster.GIN_noparam'>,<class 'xgboost.sklearn.XGBClassifier'>,<function average_precision_score at 0x000001C8520A5760>,500,7,mean_final,normal,1,1,1,1,1,1,1,round,ndist,True,0.1,0,NONE,0.05,7,OR,100,50,75,['none'],7777777,False,[],50,0,10,0.5,0.6,0.2,0.2,<class 'torch.optim.adam.Adam'>,0.01,<function cross_entropy at 0x000001C84AF6F880>,5,tolokers_bid,2.6354642313546424,GREEDY,REPLAY,1,0.1,241028135657
7,round_1,train_set,0.0,0.7192982456140351,0.6158798283261803,0.7624291234686857,0.8697823760715824,861,537,2710,336,0.21969389915466309,0.07323129971822102,0.3337065577507019,0.11123551925023396,0.562383234500885,0.18746107816696167,0.3719279170036316,503,406,0.2320413440465927,0,12932,1258382,cuda:0,True,False,False,ADVER,NODE,INDUCTIVE,False,3,1,128,459,0,0,REAGE,0.02727929920054431,0.09772070079945569,8,0.5,NONE,False,False,XGB-SP,temporal,64,2,64,2,2,0.1,LeakyReLU,layer,<class 'models.benchmarks_supervised.booster.GIN_noparam'>,<class 'xgboost.sklearn.XGBClassifier'>,<function average_precision_score at 0x000001C8520A5760>,500,7,mean_final,normal,1,1,1,1,1,1,1,round,ndist,True,0.1,0,NONE,0.05,7,OR,100,50,75,['none'],7777777,False,[],50,0,10,0.5,0.6,0.2,0.2,<class 'torch.optim.adam.Adam'>,0.01,<function cross_entropy at 0x000001C84AF6F880>,5,tolokers_bid,2.6354642313546424,GREEDY,REPLAY,1,0.1,241028135657
8,round_1,val_set,0.0,0.5889724310776943,0.4952581664910432,0.6724784277919157,0.7745663234298217,470,479,1686,328,0.21969389915466309,0.07323129971822102,0.3337065577507019,0.11123551925023396,0.562383234500885,0.18746107816696167,0.3719279170036316,503,406,0.2320413440465927,0,12932,1258382,cuda:0,True,False,False,ADVER,NODE,INDUCTIVE,False,3,1,128,459,0,0,REAGE,0.02727929920054431,0.09772070079945569,8,0.5,NONE,False,False,XGB-SP,temporal,64,2,64,2,2,0.1,LeakyReLU,layer,<class 'models.benchmarks_supervised.booster.GIN_noparam'>,<class 'xgboost.sklearn.XGBClassifier'>,<function average_precision_score at 0x000001C8520A5760>,500,7,mean_final,normal,1,1,1,1,1,1,1,round,ndist,True,0.1,0,NONE,0.05,7,OR,100,50,75,['none'],7777777,False,[],50,0,10,0.5,0.6,0.2,0.2,<class 'torch.optim.adam.Adam'>,0.01,<function cross_entropy at 0x000001C84AF6F880>,5,tolokers_bid,2.6354642313546424,GREEDY,REPLAY,1,0.1,241028135657
9,round_1,test_set,0.0,0.2804005722460658,0.35251798561151076,0.6061231006839132,0.7687141776696462,196,360,3879,503,0.21969389915466309,0.07323129971822102,0.3337065577507019,0.11123551925023396,0.562383234500885,0.18746107816696167,0.3719279170036316,503,406,0.2320413440465927,0,12932,1258382,cuda:0,True,False,False,ADVER,NODE,INDUCTIVE,False,3,1,128,459,0,0,REAGE,0.02727929920054431,0.09772070079945569,8,0.5,NONE,False,False,XGB-SP,temporal,64,2,64,2,2,0.1,LeakyReLU,layer,<class 'models.benchmarks_supervised.booster.GIN_noparam'>,<class 'xgboost.sklearn.XGBClassifier'>,<function average_precision_score at 0x000001C8520A5760>,500,7,mean_final,normal,1,1,1,1,1,1,1,round,ndist,True,0.1,0,NONE,0.05,7,OR,100,50,75,['none'],7777777,False,[],50,0,10,0.5,0.6,0.2,0.2,<class 'torch.optim.adam.Adam'>,0.01,<function cross_entropy at 0x000001C84AF6F880>,5,tolokers_bid,2.6354642313546424,GREEDY,REPLAY,1,0.1,241028135657
10,round_1,round_0_nodes,0.0,0.531104199066874,0.5294573643410853,0.6992499671920893,0.8140820655138541,683,607,3986,603,0.21969389915466309,0.07323129971822102,0.3337065577507019,0.11123551925023396,0.562383234500885,0.18746107816696167,0.3719279170036316,503,406,0.2320413440465927,0,12932,1258382,cuda:0,True,False,False,ADVER,NODE,INDUCTIVE,False,3,1,128,459,0,0,REAGE,0.02727929920054431,0.09772070079945569,8,0.5,NONE,False,False,XGB-SP,temporal,64,2,64,2,2,0.1,LeakyReLU,layer,<class 'models.benchmarks_supervised.booster.GIN_noparam'>,<class 'xgboost.sklearn.XGBClassifier'>,<function average_precision_score at 0x000001C8520A5760>,500,7,mean_final,normal,1,1,1,1,1,1,1,round,ndist,True,0.1,0,NONE,0.05,7,OR,100,50,75,['none'],7777777,False,[],50,0,10,0.5,0.6,0.2,0.2,<class 'torch.optim.adam.Adam'>,0.01,<function cross_entropy at 0x000001C84AF6F880>,5,tolokers_bid,2.6354642313546424,GREEDY,REPLAY,1,0.1,241028135657
11,round_1,round_1_nodes,0.0,0.2421875,0.4025974025974026,0.5774321024943996,0.7002740332244008,31,46,413,97,0.21969389915466309,0.07323129971822102,0.3337065577507019,0.11123551925023396,0.562383234500885,0.18746107816696167,0.3719279170036316,503,406,0.2320413440465927,0,12932,1258382,cuda:0,True,False,False,ADVER,NODE,INDUCTIVE,False,3,1,128,459,0,0,REAGE,0.02727929920054431,0.09772070079945569,8,0.5,NONE,False,False,XGB-SP,temporal,64,2,64,2,2,0.1,LeakyReLU,layer,<class 'models.benchmarks_supervised.booster.GIN_noparam'>,<class 'xgboost.sklearn.XGBClassifier'>,<function average_precision_score at 0x000001C8520A5760>,500,7,mean_final,normal,1,1,1,1,1,1,1,round,ndist,True,0.1,0,NONE,0.05,7,OR,100,50,75,['none'],7777777,False,[],50,0,10,0.5,0.6,0.2,0.2,<class 'torch.optim.adam.Adam'>,0.01,<function cross_entropy at 0x000001C84AF6F880>,5,tolokers_bid,2.6354642313546424,GREEDY,REPLAY,1,0.1,241028135657
12,round_1,seed_current_pred,0.0,0.3046875,0.35454545454545455,0.578395460748402,0.6945125272331154,39,71,388,89,0.21969389915466309,0.07323129971822102,0.3337065577507019,0.11123551925023396,0.562383234500885,0.18746107816696167,0.3719279170036316,503,406,0.2320413440465927,0,12932,1258382,cuda:0,True,False,False,ADVER,NODE,INDUCTIVE,False,3,1,128,459,0,0,REAGE,0.02727929920054431,0.09772070079945569,8,0.5,NONE,False,False,XGB-SP,temporal,64,2,64,2,2,0.1,LeakyReLU,layer,<class 'models.benchmarks_supervised.booster.GIN_noparam'>,<class 'xgboost.sklearn.XGBClassifier'>,<function average_precision_score at 0x000001C8520A5760>,500,7,mean_final,normal,1,1,1,1,1,1,1,round,ndist,True,0.1,0,NONE,0.05,7,OR,100,50,75,['none'],7777777,False,[],50,0,10,0.5,0.6,0.2,0.2,<class 'torch.optim.adam.Adam'>,0.01,<function cross_entropy at 0x000001C84AF6F880>,5,tolokers_bid,2.6354642313546424,GREEDY,REPLAY,1,0.1,241028135657
13,round_1,seed_prev_pred,0.0,0.0,0.0,0.39546858908341914,0.6945125272331154,0,75,384,128,0.21969389915466309,0.07323129971822102,0.3337065577507019,0.11123551925023396,0.562383234500885,0.18746107816696167,0.3719279170036316,503,406,0.2320413440465927,0,12932,1258382,cuda:0,True,False,False,ADVER,NODE,INDUCTIVE,False,3,1,128,459,0,0,REAGE,0.02727929920054431,0.09772070079945569,8,0.5,NONE,False,False,XGB-SP,temporal,64,2,64,2,2,0.1,LeakyReLU,layer,<class 'models.benchmarks_supervised.booster.GIN_noparam'>,<class 'xgboost.sklearn.XGBClassifier'>,<function average_precision_score at 0x000001C8520A5760>,500,7,mean_final,normal,1,1,1,1,1,1,1,round,ndist,True,0.1,0,NONE,0.05,7,OR,100,50,75,['none'],7777777,False,[],50,0,10,0.5,0.6,0.2,0.2,<class 'torch.optim.adam.Adam'>,0.01,<function cross_entropy at 0x000001C84AF6F880>,5,tolokers_bid,2.6354642313546424,GREEDY,REPLAY,1,0.1,241028135657
14,round_2,val_set_best,6.116971254348755,0.6681870011402509,0.4875207986688852,0.6762291982417769,0.774239219592364,586,616,1693,291,0.20262739062309265,0.06754246354103088,0.3147454857826233,0.10491516192754109,0.5829533934593201,0.19431779781977335,0.3667754530906677,470,293,0.4220515191555023,0,12932,1258382,cuda:0,True,False,False,ADVER,NODE,INDUCTIVE,False,3,1,128,459,0,0,REAGE,0.02727929920054431,0.09772070079945569,8,0.5,NONE,False,False,XGB-SP,temporal,64,2,64,2,2,0.1,LeakyReLU,layer,<class 'models.benchmarks_supervised.booster.GIN_noparam'>,<class 'xgboost.sklearn.XGBClassifier'>,<function average_precision_score at 0x000001C8520A5760>,500,7,mean_final,normal,1,1,1,1,1,1,1,round,ndist,True,0.1,0,NONE,0.05,7,OR,100,50,75,['none'],7777777,False,[],50,0,10,0.5,0.6,0.2,0.2,<class 'torch.optim.adam.Adam'>,0.01,<function cross_entropy at 0x000001C84AF6F880>,5,tolokers_bid,2.6354642313546424,GREEDY,REPLAY,1,0.1,241028135657
15,round_2,entire_graph,0.0,0.57512402551382,0.5052926525529265,0.6986782747821181,0.814288783691232,1623,1589,8521,1199,0.20262739062309265,0.06754246354103088,0.3147454857826233,0.10491516192754109,0.5829533934593201,0.19431779781977335,0.3667754530906677,470,293,0.4220515191555023,0,12932,1258382,cuda:0,True,False,False,ADVER,NODE,INDUCTIVE,False,3,1,128,459,0,0,REAGE,0.02727929920054431,0.09772070079945569,8,0.5,NONE,False,False,XGB-SP,temporal,64,2,64,2,2,0.1,LeakyReLU,layer,<class 'models.benchmarks_supervised.booster.GIN_noparam'>,<class 'xgboost.sklearn.XGBClassifier'>,<function average_precision_score at 0x000001C8520A5760>,500,7,mean_final,normal,1,1,1,1,1,1,1,round,ndist,True,0.1,0,NONE,0.05,7,OR,100,50,75,['none'],7777777,False,[],50,0,10,0.5,0.6,0.2,0.2,<class 'torch.optim.adam.Adam'>,0.01,<function cross_entropy at 0x000001C84AF6F880>,5,tolokers_bid,2.6354642313546424,GREEDY,REPLAY,1,0.1,241028135657
16,round_2,train_set,0.0,0.7290715372907154,0.5939243645381277,0.751018715095852,0.8521543905544634,958,655,2808,356,0.20262739062309265,0.06754246354103088,0.3147454857826233,0.10491516192754109,0.5829533934593201,0.19431779781977335,0.3667754530906677,470,293,0.4220515191555023,0,12932,1258382,cuda:0,True,False,False,ADVER,NODE,INDUCTIVE,False,3,1,128,459,0,0,REAGE,0.02727929920054431,0.09772070079945569,8,0.5,NONE,False,False,XGB-SP,temporal,64,2,64,2,2,0.1,LeakyReLU,layer,<class 'models.benchmarks_supervised.booster.GIN_noparam'>,<class 'xgboost.sklearn.XGBClassifier'>,<function average_precision_score at 0x000001C8520A5760>,500,7,mean_final,normal,1,1,1,1,1,1,1,round,ndist,True,0.1,0,NONE,0.05,7,OR,100,50,75,['none'],7777777,False,[],50,0,10,0.5,0.6,0.2,0.2,<class 'torch.optim.adam.Adam'>,0.01,<function cross_entropy at 0x000001C84AF6F880>,5,tolokers_bid,2.6354642313546424,GREEDY,REPLAY,1,0.1,241028135657
17,round_2,val_set,0.0,0.5746864310148233,0.4980237154150198,0.6685477411459821,0.7738187243116397,504,508,1801,373,0.20262739062309265,0.06754246354103088,0.3147454857826233,0.10491516192754109,0.5829533934593201,0.19431779781977335,0.3667754530906677,470,293,0.4220515191555023,0,12932,1258382,cuda:0,True,False,False,ADVER,NODE,INDUCTIVE,False,3,1,128,459,0,0,REAGE,0.02727929920054431,0.09772070079945569,8,0.5,NONE,False,False,XGB-SP,temporal,64,2,64,2,2,0.1,LeakyReLU,layer,<class 'models.benchmarks_supervised.booster.GIN_noparam'>,<class 'xgboost.sklearn.XGBClassifier'>,<function average_precision_score at 0x000001C8520A5760>,500,7,mean_final,normal,1,1,1,1,1,1,1,round,ndist,True,0.1,0,NONE,0.05,7,OR,100,50,75,['none'],7777777,False,[],50,0,10,0.5,0.6,0.2,0.2,<class 'torch.optim.adam.Adam'>,0.01,<function cross_entropy at 0x000001C84AF6F880>,5,tolokers_bid,2.6354642313546424,GREEDY,REPLAY,1,0.1,241028135657
18,round_2,test_set,0.0,0.2551505546751189,0.27427597955706984,0.5808077612569862,0.750811572664523,161,426,3912,470,0.20262739062309265,0.06754246354103088,0.3147454857826233,0.10491516192754109,0.5829533934593201,0.19431779781977335,0.3667754530906677,470,293,0.4220515191555023,0,12932,1258382,cuda:0,True,False,False,ADVER,NODE,INDUCTIVE,False,3,1,128,459,0,0,REAGE,0.02727929920054431,0.09772070079945569,8,0.5,NONE,False,False,XGB-SP,temporal,64,2,64,2,2,0.1,LeakyReLU,layer,<class 'models.benchmarks_supervised.booster.GIN_noparam'>,<class 'xgboost.sklearn.XGBClassifier'>,<function average_precision_score at 0x000001C8520A5760>,500,7,mean_final,normal,1,1,1,1,1,1,1,round,ndist,True,0.1,0,NONE,0.05,7,OR,100,50,75,['none'],7777777,False,[],50,0,10,0.5,0.6,0.2,0.2,<class 'torch.optim.adam.Adam'>,0.01,<function cross_entropy at 0x000001C84AF6F880>,5,tolokers_bid,2.6354642313546424,GREEDY,REPLAY,1,0.1,241028135657
19,round_2,round_0_nodes,0.0,0.5692068429237948,0.5079805690492714,0.6985010315891516,0.8101929401662343,732,709,3884,554,0.20262739062309265,0.06754246354103088,0.3147454857826233,0.10491516192754109,0.5829533934593201,0.19431779781977335,0.3667754530906677,470,293,0.4220515191555023,0,12932,1258382,cuda:0,True,False,False,ADVER,NODE,INDUCTIVE,False,3,1,128,459,0,0,REAGE,0.02727929920054431,0.09772070079945569,8,0.5,NONE,False,False,XGB-SP,temporal,64,2,64,2,2,0.1,LeakyReLU,layer,<class 'models.benchmarks_supervised.booster.GIN_noparam'>,<class 'xgboost.sklearn.XGBClassifier'>,<function average_precision_score at 0x000001C8520A5760>,500,7,mean_final,normal,1,1,1,1,1,1,1,round,ndist,True,0.1,0,NONE,0.05,7,OR,100,50,75,['none'],7777777,False,[],50,0,10,0.5,0.6,0.2,0.2,<class 'torch.optim.adam.Adam'>,0.01,<function cross_entropy at 0x000001C84AF6F880>,5,tolokers_bid,2.6354642313546424,GREEDY,REPLAY,1,0.1,241028135657
20,round_2,round_1_nodes,0.0,0.359375,0.38016528925619836,0.5998740909584284,0.7193287037037037,46,75,384,82,0.20262739062309265,0.06754246354103088,0.3147454857826233,0.10491516192754109,0.5829533934593201,0.19431779781977335,0.3667754530906677,470,293,0.4220515191555023,0,12932,1258382,cuda:0,True,False,False,ADVER,NODE,INDUCTIVE,False,3,1,128,459,0,0,REAGE,0.02727929920054431,0.09772070079945569,8,0.5,NONE,False,False,XGB-SP,temporal,64,2,64,2,2,0.1,LeakyReLU,layer,<class 'models.benchmarks_supervised.booster.GIN_noparam'>,<class 'xgboost.sklearn.XGBClassifier'>,<function average_precision_score at 0x000001C8520A5760>,500,7,mean_final,normal,1,1,1,1,1,1,1,round,ndist,True,0.1,0,NONE,0.05,7,OR,100,50,75,['none'],7777777,False,[],50,0,10,0.5,0.6,0.2,0.2,<class 'torch.optim.adam.Adam'>,0.01,<function cross_entropy at 0x000001C84AF6F880>,5,tolokers_bid,2.6354642313546424,GREEDY,REPLAY,1,0.1,241028135657
21,round_2,round_2_nodes,0.0,0.1796875,0.26136363636363635,0.5177549679115442,0.6735855800653594,23,65,394,105,0.20262739062309265,0.06754246354103088,0.3147454857826233,0.10491516192754109,0.5829533934593201,0.19431779781977335,0.3667754530906677,470,293,0.4220515191555023,0,12932,1258382,cuda:0,True,False,False,ADVER,NODE,INDUCTIVE,False,3,1,128,459,0,0,REAGE,0.02727929920054431,0.09772070079945569,8,0.5,NONE,False,False,XGB-SP,temporal,64,2,64,2,2,0.1,LeakyReLU,layer,<class 'models.benchmarks_supervised.booster.GIN_noparam'>,<class 'xgboost.sklearn.XGBClassifier'>,<function average_precision_score at 0x000001C8520A5760>,500,7,mean_final,normal,1,1,1,1,1,1,1,round,ndist,True,0.1,0,NONE,0.05,7,OR,100,50,75,['none'],7777777,False,[],50,0,10,0.5,0.6,0.2,0.2,<class 'torch.optim.adam.Adam'>,0.01,<function cross_entropy at 0x000001C84AF6F880>,5,tolokers_bid,2.6354642313546424,GREEDY,REPLAY,1,0.1,241028135657
22,round_2,seed_current_pred,0.0,0.21875,0.27184466019417475,0.5284231498441466,0.6831171704793029,28,75,384,100,0.20262739062309265,0.06754246354103088,0.3147454857826233,0.10491516192754109,0.5829533934593201,0.19431779781977335,0.3667754530906677,470,293,0.4220515191555023,0,12932,1258382,cuda:0,True,False,False,ADVER,NODE,INDUCTIVE,False,3,1,128,459,0,0,REAGE,0.02727929920054431,0.09772070079945569,8,0.5,NONE,False,False,XGB-SP,temporal,64,2,64,2,2,0.1,LeakyReLU,layer,<class 'models.benchmarks_supervised.booster.GIN_noparam'>,<class 'xgboost.sklearn.XGBClassifier'>,<function average_precision_score at 0x000001C8520A5760>,500,7,mean_final,normal,1,1,1,1,1,1,1,round,ndist,True,0.1,0,NONE,0.05,7,OR,100,50,75,['none'],7777777,False,[],50,0,10,0.5,0.6,0.2,0.2,<class 'torch.optim.adam.Adam'>,0.01,<function cross_entropy at 0x000001C84AF6F880>,5,tolokers_bid,2.6354642313546424,GREEDY,REPLAY,1,0.1,241028135657
23,round_2,seed_prev_pred,0.0,0.0,0.0,0.4094567404426559,0.6831171704793029,0,52,407,128,0.20262739062309265,0.06754246354103088,0.3147454857826233,0.10491516192754109,0.5829533934593201,0.19431779781977335,0.3667754530906677,470,293,0.4220515191555023,0,12932,1258382,cuda:0,True,False,False,ADVER,NODE,INDUCTIVE,False,3,1,128,459,0,0,REAGE,0.02727929920054431,0.09772070079945569,8,0.5,NONE,False,False,XGB-SP,temporal,64,2,64,2,2,0.1,LeakyReLU,layer,<class 'models.benchmarks_supervised.booster.GIN_noparam'>,<class 'xgboost.sklearn.XGBClassifier'>,<function average_precision_score at 0x000001C8520A5760>,500,7,mean_final,normal,1,1,1,1,1,1,1,round,ndist,True,0.1,0,NONE,0.05,7,OR,100,50,75,['none'],7777777,False,[],50,0,10,0.5,0.6,0.2,0.2,<class 'torch.optim.adam.Adam'>,0.01,<function cross_entropy at 0x000001C84AF6F880>,5,tolokers_bid,2.6354642313546424,GREEDY,REPLAY,1,0.1,241028135657
