,round,eval_type,time,rec,prec,f1,auc,tp,fp,tn,fn,recon_loss,weighted_recon_loss,disen_loss,weighted_disen_loss,temp_loss,weighted_temp_loss,final_loss,predicted_pos,predicted_pos_og,prediction_speed,trial,num_nodes,num_edges,device,save_df,save_embedding,save_temp_sne,exp_type,task_type,setting_type,full_oracle,round_num,node_expiration_time,round_new_pos,round_new_neg,round_budget_pos,round_budget_neg,augment_name,augment_pos_ratio,augment_neg_ratio,augment_round_split,augment_prob,pseudo_name,pseudo_skip_initial,pseudo_new_pos_only,model_name,embed_type,h_feats,num_layers,mlp_feats,mlp_layers,att_heads,dropout_rate,act_name,norm_name,boost_agg_backbone,boost_predictor,boost_metric,n_estimator,round_window,temporal_agg,tloss_type,alpha,beta,gamma,lambda_,lambda1,lambda2,k,training_type,loss_type,loss_sample,loss_sample_ratio,drop_rate,addon_name,addon_perc,addon_round_window,addon_internal_agg,num_epoch,num_round_epoch,early_stopping,etypes,random_state,round_reset_model,round_train_list,stuck_stopping,stuck_threshold,train_max_retry,ratio_initial,ratio_train,ratio_val,ratio_test,optimizer,learning_rate,loss,loss_gamma,dset_name,ce_weight,adver_choose_name,adver_mod_name,adver_feat_coef,adver_conn_coef,timestamp
0,round_0,val_set_best,7.2068140506744385,0.5137795275590551,0.4547038327526132,0.6639146068746038,0.7919908364220198,261,313,1531,247,0.280367910861969,0.1401839554309845,0.7339513301849365,0.0,0.6658723950386047,0.33293619751930237,0.47312015295028687,564,564,0.0,0,12932,1248798,cuda:0,True,False,False,ADVER,NODE,INDUCTIVE,False,3,1,128,459,0,0,REAGE,0.02727929920054431,0.09772070079945569,8,0.5,NONE,False,False,XGB-SP,temporal,64,2,64,2,2,0.1,LeakyReLU,layer,<class 'models.benchmarks_supervised.booster.GIN_noparam'>,<class 'xgboost.sklearn.XGBClassifier'>,<function average_precision_score at 0x000001C8520A5760>,500,7,mean_final,normal,0,1,1,1,1,1,1,round,ndist,True,0.1,0,NONE,0.05,7,OR,100,50,75,['none'],7777777,False,[],50,0,10,0.5,0.6,0.2,0.2,<class 'torch.optim.adam.Adam'>,0.01,<function cross_entropy at 0x000001C84AF6F880>,5,tolokers_bid,2.6396462785556376,GREEDY,REPLAY,1,0.1,241028135657
1,round_0,entire_graph,0.0,0.6137957911145752,0.4785779398359161,0.6922625285579409,0.8207540682297189,1575,1716,7476,991,0.280367910861969,0.1401839554309845,0.7339513301849365,0.0,0.6658723950386047,0.33293619751930237,0.47312015295028687,564,564,0.0,0,12932,1248798,cuda:0,True,False,False,ADVER,NODE,INDUCTIVE,False,3,1,128,459,0,0,REAGE,0.02727929920054431,0.09772070079945569,8,0.5,NONE,False,False,XGB-SP,temporal,64,2,64,2,2,0.1,LeakyReLU,layer,<class 'models.benchmarks_supervised.booster.GIN_noparam'>,<class 'xgboost.sklearn.XGBClassifier'>,<function average_precision_score at 0x000001C8520A5760>,500,7,mean_final,normal,0,1,1,1,1,1,1,round,ndist,True,0.1,0,NONE,0.05,7,OR,100,50,75,['none'],7777777,False,[],50,0,10,0.5,0.6,0.2,0.2,<class 'torch.optim.adam.Adam'>,0.01,<function cross_entropy at 0x000001C84AF6F880>,5,tolokers_bid,2.6396462785556376,GREEDY,REPLAY,1,0.1,241028135657
2,round_0,train_set,0.0,0.7148488830486203,0.5171102661596958,0.7308889675395521,0.8640788322249808,544,508,2258,217,0.280367910861969,0.1401839554309845,0.7339513301849365,0.0,0.6658723950386047,0.33293619751930237,0.47312015295028687,564,564,0.0,0,12932,1248798,cuda:0,True,False,False,ADVER,NODE,INDUCTIVE,False,3,1,128,459,0,0,REAGE,0.02727929920054431,0.09772070079945569,8,0.5,NONE,False,False,XGB-SP,temporal,64,2,64,2,2,0.1,LeakyReLU,layer,<class 'models.benchmarks_supervised.booster.GIN_noparam'>,<class 'xgboost.sklearn.XGBClassifier'>,<function average_precision_score at 0x000001C8520A5760>,500,7,mean_final,normal,0,1,1,1,1,1,1,round,ndist,True,0.1,0,NONE,0.05,7,OR,100,50,75,['none'],7777777,False,[],50,0,10,0.5,0.6,0.2,0.2,<class 'torch.optim.adam.Adam'>,0.01,<function cross_entropy at 0x000001C84AF6F880>,5,tolokers_bid,2.6396462785556376,GREEDY,REPLAY,1,0.1,241028135657
3,round_0,val_set,0.0,0.5866141732283464,0.4191279887482419,0.6550796040219246,0.7920634276734931,298,413,1431,210,0.280367910861969,0.1401839554309845,0.7339513301849365,0.0,0.6658723950386047,0.33293619751930237,0.47312015295028687,564,564,0.0,0,12932,1248798,cuda:0,True,False,False,ADVER,NODE,INDUCTIVE,False,3,1,128,459,0,0,REAGE,0.02727929920054431,0.09772070079945569,8,0.5,NONE,False,False,XGB-SP,temporal,64,2,64,2,2,0.1,LeakyReLU,layer,<class 'models.benchmarks_supervised.booster.GIN_noparam'>,<class 'xgboost.sklearn.XGBClassifier'>,<function average_precision_score at 0x000001C8520A5760>,500,7,mean_final,normal,0,1,1,1,1,1,1,round,ndist,True,0.1,0,NONE,0.05,7,OR,100,50,75,['none'],7777777,False,[],50,0,10,0.5,0.6,0.2,0.2,<class 'torch.optim.adam.Adam'>,0.01,<function cross_entropy at 0x000001C84AF6F880>,5,tolokers_bid,2.6396462785556376,GREEDY,REPLAY,1,0.1,241028135657
4,round_0,test_set,0.0,0.5651503469545104,0.47971204188481675,0.6834027554191529,0.8077825906542546,733,795,3787,564,0.280367910861969,0.1401839554309845,0.7339513301849365,0.0,0.6658723950386047,0.33293619751930237,0.47312015295028687,564,564,0.0,0,12932,1248798,cuda:0,True,False,False,ADVER,NODE,INDUCTIVE,False,3,1,128,459,0,0,REAGE,0.02727929920054431,0.09772070079945569,8,0.5,NONE,False,False,XGB-SP,temporal,64,2,64,2,2,0.1,LeakyReLU,layer,<class 'models.benchmarks_supervised.booster.GIN_noparam'>,<class 'xgboost.sklearn.XGBClassifier'>,<function average_precision_score at 0x000001C8520A5760>,500,7,mean_final,normal,0,1,1,1,1,1,1,round,ndist,True,0.1,0,NONE,0.05,7,OR,100,50,75,['none'],7777777,False,[],50,0,10,0.5,0.6,0.2,0.2,<class 'torch.optim.adam.Adam'>,0.01,<function cross_entropy at 0x000001C84AF6F880>,5,tolokers_bid,2.6396462785556376,GREEDY,REPLAY,1,0.1,241028135657
5,round_1,val_set_best,6.098579168319702,0.6079900124843945,0.4664750957854406,0.6572425988900908,0.7322458282373675,487,557,1605,314,0.25147706270217896,0.12573853135108948,0.5788036584854126,0.0,0.5578781366348267,0.27893906831741333,0.4046775996685028,432,351,0.21376636624336243,0,12932,1248798,cuda:0,True,False,False,ADVER,NODE,INDUCTIVE,False,3,1,128,459,0,0,REAGE,0.02727929920054431,0.09772070079945569,8,0.5,NONE,False,False,XGB-SP,temporal,64,2,64,2,2,0.1,LeakyReLU,layer,<class 'models.benchmarks_supervised.booster.GIN_noparam'>,<class 'xgboost.sklearn.XGBClassifier'>,<function average_precision_score at 0x000001C8520A5760>,500,7,mean_final,normal,0,1,1,1,1,1,1,round,ndist,True,0.1,0,NONE,0.05,7,OR,100,50,75,['none'],7777777,False,[],50,0,10,0.5,0.6,0.2,0.2,<class 'torch.optim.adam.Adam'>,0.01,<function cross_entropy at 0x000001C84AF6F880>,5,tolokers_bid,2.6396462785556376,GREEDY,REPLAY,1,0.1,241028135657
6,round_1,entire_graph,0.0,0.6046770601336303,0.46199659671015314,0.6817130238137101,0.775194853466916,1629,1897,7754,1065,0.25147706270217896,0.12573853135108948,0.5788036584854126,0.0,0.5578781366348267,0.27893906831741333,0.4046775996685028,432,351,0.21376636624336243,0,12932,1248798,cuda:0,True,False,False,ADVER,NODE,INDUCTIVE,False,3,1,128,459,0,0,REAGE,0.02727929920054431,0.09772070079945569,8,0.5,NONE,False,False,XGB-SP,temporal,64,2,64,2,2,0.1,LeakyReLU,layer,<class 'models.benchmarks_supervised.booster.GIN_noparam'>,<class 'xgboost.sklearn.XGBClassifier'>,<function average_precision_score at 0x000001C8520A5760>,500,7,mean_final,normal,0,1,1,1,1,1,1,round,ndist,True,0.1,0,NONE,0.05,7,OR,100,50,75,['none'],7777777,False,[],50,0,10,0.5,0.6,0.2,0.2,<class 'torch.optim.adam.Adam'>,0.01,<function cross_entropy at 0x000001C84AF6F880>,5,tolokers_bid,2.6396462785556376,GREEDY,REPLAY,1,0.1,241028135657
7,round_1,train_set,0.0,0.7402164862614488,0.5450643776824035,0.7268912933151228,0.8189083616464129,889,742,2501,312,0.25147706270217896,0.12573853135108948,0.5788036584854126,0.0,0.5578781366348267,0.27893906831741333,0.4046775996685028,432,351,0.21376636624336243,0,12932,1248798,cuda:0,True,False,False,ADVER,NODE,INDUCTIVE,False,3,1,128,459,0,0,REAGE,0.02727929920054431,0.09772070079945569,8,0.5,NONE,False,False,XGB-SP,temporal,64,2,64,2,2,0.1,LeakyReLU,layer,<class 'models.benchmarks_supervised.booster.GIN_noparam'>,<class 'xgboost.sklearn.XGBClassifier'>,<function average_precision_score at 0x000001C8520A5760>,500,7,mean_final,normal,0,1,1,1,1,1,1,round,ndist,True,0.1,0,NONE,0.05,7,OR,100,50,75,['none'],7777777,False,[],50,0,10,0.5,0.6,0.2,0.2,<class 'torch.optim.adam.Adam'>,0.01,<function cross_entropy at 0x000001C84AF6F880>,5,tolokers_bid,2.6396462785556376,GREEDY,REPLAY,1,0.1,241028135657
8,round_1,val_set,0.0,0.599250936329588,0.4490177736202058,0.6445050047991225,0.7228019785628741,480,589,1573,321,0.25147706270217896,0.12573853135108948,0.5788036584854126,0.0,0.5578781366348267,0.27893906831741333,0.4046775996685028,432,351,0.21376636624336243,0,12932,1248798,cuda:0,True,False,False,ADVER,NODE,INDUCTIVE,False,3,1,128,459,0,0,REAGE,0.02727929920054431,0.09772070079945569,8,0.5,NONE,False,False,XGB-SP,temporal,64,2,64,2,2,0.1,LeakyReLU,layer,<class 'models.benchmarks_supervised.booster.GIN_noparam'>,<class 'xgboost.sklearn.XGBClassifier'>,<function average_precision_score at 0x000001C8520A5760>,500,7,mean_final,normal,0,1,1,1,1,1,1,round,ndist,True,0.1,0,NONE,0.05,7,OR,100,50,75,['none'],7777777,False,[],50,0,10,0.5,0.6,0.2,0.2,<class 'torch.optim.adam.Adam'>,0.01,<function cross_entropy at 0x000001C84AF6F880>,5,tolokers_bid,2.6396462785556376,GREEDY,REPLAY,1,0.1,241028135657
9,round_1,test_set,0.0,0.37572254335260113,0.31476997578692495,0.6115747190687106,0.7307710895531735,260,566,3680,432,0.25147706270217896,0.12573853135108948,0.5788036584854126,0.0,0.5578781366348267,0.27893906831741333,0.4046775996685028,432,351,0.21376636624336243,0,12932,1248798,cuda:0,True,False,False,ADVER,NODE,INDUCTIVE,False,3,1,128,459,0,0,REAGE,0.02727929920054431,0.09772070079945569,8,0.5,NONE,False,False,XGB-SP,temporal,64,2,64,2,2,0.1,LeakyReLU,layer,<class 'models.benchmarks_supervised.booster.GIN_noparam'>,<class 'xgboost.sklearn.XGBClassifier'>,<function average_precision_score at 0x000001C8520A5760>,500,7,mean_final,normal,0,1,1,1,1,1,1,round,ndist,True,0.1,0,NONE,0.05,7,OR,100,50,75,['none'],7777777,False,[],50,0,10,0.5,0.6,0.2,0.2,<class 'torch.optim.adam.Adam'>,0.01,<function cross_entropy at 0x000001C84AF6F880>,5,tolokers_bid,2.6396462785556376,GREEDY,REPLAY,1,0.1,241028135657
10,round_1,round_0_nodes,0.0,0.558982266769468,0.453125,0.6686089618605021,0.7685156828688707,725,875,3707,572,0.25147706270217896,0.12573853135108948,0.5788036584854126,0.0,0.5578781366348267,0.27893906831741333,0.4046775996685028,432,351,0.21376636624336243,0,12932,1248798,cuda:0,True,False,False,ADVER,NODE,INDUCTIVE,False,3,1,128,459,0,0,REAGE,0.02727929920054431,0.09772070079945569,8,0.5,NONE,False,False,XGB-SP,temporal,64,2,64,2,2,0.1,LeakyReLU,layer,<class 'models.benchmarks_supervised.booster.GIN_noparam'>,<class 'xgboost.sklearn.XGBClassifier'>,<function average_precision_score at 0x000001C8520A5760>,500,7,mean_final,normal,0,1,1,1,1,1,1,round,ndist,True,0.1,0,NONE,0.05,7,OR,100,50,75,['none'],7777777,False,[],50,0,10,0.5,0.6,0.2,0.2,<class 'torch.optim.adam.Adam'>,0.01,<function cross_entropy at 0x000001C84AF6F880>,5,tolokers_bid,2.6396462785556376,GREEDY,REPLAY,1,0.1,241028135657
11,round_1,round_1_nodes,0.0,0.3671875,0.43119266055045874,0.6220048723594919,0.6915168845315904,47,62,397,81,0.25147706270217896,0.12573853135108948,0.5788036584854126,0.0,0.5578781366348267,0.27893906831741333,0.4046775996685028,432,351,0.21376636624336243,0,12932,1248798,cuda:0,True,False,False,ADVER,NODE,INDUCTIVE,False,3,1,128,459,0,0,REAGE,0.02727929920054431,0.09772070079945569,8,0.5,NONE,False,False,XGB-SP,temporal,64,2,64,2,2,0.1,LeakyReLU,layer,<class 'models.benchmarks_supervised.booster.GIN_noparam'>,<class 'xgboost.sklearn.XGBClassifier'>,<function average_precision_score at 0x000001C8520A5760>,500,7,mean_final,normal,0,1,1,1,1,1,1,round,ndist,True,0.1,0,NONE,0.05,7,OR,100,50,75,['none'],7777777,False,[],50,0,10,0.5,0.6,0.2,0.2,<class 'torch.optim.adam.Adam'>,0.01,<function cross_entropy at 0x000001C84AF6F880>,5,tolokers_bid,2.6396462785556376,GREEDY,REPLAY,1,0.1,241028135657
12,round_1,seed_current_pred,0.0,0.3984375,0.4015748031496063,0.6167573449401523,0.6651433142701525,51,76,383,77,0.25147706270217896,0.12573853135108948,0.5788036584854126,0.0,0.5578781366348267,0.27893906831741333,0.4046775996685028,432,351,0.21376636624336243,0,12932,1248798,cuda:0,True,False,False,ADVER,NODE,INDUCTIVE,False,3,1,128,459,0,0,REAGE,0.02727929920054431,0.09772070079945569,8,0.5,NONE,False,False,XGB-SP,temporal,64,2,64,2,2,0.1,LeakyReLU,layer,<class 'models.benchmarks_supervised.booster.GIN_noparam'>,<class 'xgboost.sklearn.XGBClassifier'>,<function average_precision_score at 0x000001C8520A5760>,500,7,mean_final,normal,0,1,1,1,1,1,1,round,ndist,True,0.1,0,NONE,0.05,7,OR,100,50,75,['none'],7777777,False,[],50,0,10,0.5,0.6,0.2,0.2,<class 'torch.optim.adam.Adam'>,0.01,<function cross_entropy at 0x000001C84AF6F880>,5,tolokers_bid,2.6396462785556376,GREEDY,REPLAY,1,0.1,241028135657
13,round_1,seed_prev_pred,0.0,0.0,0.0,0.3910788381742739,0.6651433142701525,0,82,377,128,0.25147706270217896,0.12573853135108948,0.5788036584854126,0.0,0.5578781366348267,0.27893906831741333,0.4046775996685028,432,351,0.21376636624336243,0,12932,1248798,cuda:0,True,False,False,ADVER,NODE,INDUCTIVE,False,3,1,128,459,0,0,REAGE,0.02727929920054431,0.09772070079945569,8,0.5,NONE,False,False,XGB-SP,temporal,64,2,64,2,2,0.1,LeakyReLU,layer,<class 'models.benchmarks_supervised.booster.GIN_noparam'>,<class 'xgboost.sklearn.XGBClassifier'>,<function average_precision_score at 0x000001C8520A5760>,500,7,mean_final,normal,0,1,1,1,1,1,1,round,ndist,True,0.1,0,NONE,0.05,7,OR,100,50,75,['none'],7777777,False,[],50,0,10,0.5,0.6,0.2,0.2,<class 'torch.optim.adam.Adam'>,0.01,<function cross_entropy at 0x000001C84AF6F880>,5,tolokers_bid,2.6396462785556376,GREEDY,REPLAY,1,0.1,241028135657
14,round_2,val_set_best,7.483859300613403,0.5314917127071823,0.5052521008403361,0.6644310427664232,0.7491816775321513,481,471,1918,424,0.2490612119436264,0.1245306059718132,0.5796343088150024,0.0,0.5792666077613831,0.28963330388069153,0.4141639173030853,416,261,0.34590092301368713,0,12932,1248798,cuda:0,True,False,False,ADVER,NODE,INDUCTIVE,False,3,1,128,459,0,0,REAGE,0.02727929920054431,0.09772070079945569,8,0.5,NONE,False,False,XGB-SP,temporal,64,2,64,2,2,0.1,LeakyReLU,layer,<class 'models.benchmarks_supervised.booster.GIN_noparam'>,<class 'xgboost.sklearn.XGBClassifier'>,<function average_precision_score at 0x000001C8520A5760>,500,7,mean_final,normal,0,1,1,1,1,1,1,round,ndist,True,0.1,0,NONE,0.05,7,OR,100,50,75,['none'],7777777,False,[],50,0,10,0.5,0.6,0.2,0.2,<class 'torch.optim.adam.Adam'>,0.01,<function cross_entropy at 0x000001C84AF6F880>,5,tolokers_bid,2.6396462785556376,GREEDY,REPLAY,1,0.1,241028135657
15,round_2,entire_graph,0.0,0.5570517363571935,0.4765080327371931,0.6814269704536822,0.7778993088780326,1572,1727,8383,1250,0.2490612119436264,0.1245306059718132,0.5796343088150024,0.0,0.5792666077613831,0.28963330388069153,0.4141639173030853,416,261,0.34590092301368713,0,12932,1248798,cuda:0,True,False,False,ADVER,NODE,INDUCTIVE,False,3,1,128,459,0,0,REAGE,0.02727929920054431,0.09772070079945569,8,0.5,NONE,False,False,XGB-SP,temporal,64,2,64,2,2,0.1,LeakyReLU,layer,<class 'models.benchmarks_supervised.booster.GIN_noparam'>,<class 'xgboost.sklearn.XGBClassifier'>,<function average_precision_score at 0x000001C8520A5760>,500,7,mean_final,normal,0,1,1,1,1,1,1,round,ndist,True,0.1,0,NONE,0.05,7,OR,100,50,75,['none'],7777777,False,[],50,0,10,0.5,0.6,0.2,0.2,<class 'torch.optim.adam.Adam'>,0.01,<function cross_entropy at 0x000001C84AF6F880>,5,tolokers_bid,2.6396462785556376,GREEDY,REPLAY,1,0.1,241028135657
16,round_2,train_set,0.0,0.6853352984524687,0.575139146567718,0.7320322867711748,0.8219667279326297,930,687,2895,427,0.2490612119436264,0.1245306059718132,0.5796343088150024,0.0,0.5792666077613831,0.28963330388069153,0.4141639173030853,416,261,0.34590092301368713,0,12932,1248798,cuda:0,True,False,False,ADVER,NODE,INDUCTIVE,False,3,1,128,459,0,0,REAGE,0.02727929920054431,0.09772070079945569,8,0.5,NONE,False,False,XGB-SP,temporal,64,2,64,2,2,0.1,LeakyReLU,layer,<class 'models.benchmarks_supervised.booster.GIN_noparam'>,<class 'xgboost.sklearn.XGBClassifier'>,<function average_precision_score at 0x000001C8520A5760>,500,7,mean_final,normal,0,1,1,1,1,1,1,round,ndist,True,0.1,0,NONE,0.05,7,OR,100,50,75,['none'],7777777,False,[],50,0,10,0.5,0.6,0.2,0.2,<class 'torch.optim.adam.Adam'>,0.01,<function cross_entropy at 0x000001C84AF6F880>,5,tolokers_bid,2.6396462785556376,GREEDY,REPLAY,1,0.1,241028135657
17,round_2,val_set,0.0,0.5502762430939226,0.4543795620437956,0.6393268375622523,0.7187824490239565,498,598,1791,407,0.2490612119436264,0.1245306059718132,0.5796343088150024,0.0,0.5792666077613831,0.28963330388069153,0.4141639173030853,416,261,0.34590092301368713,0,12932,1248798,cuda:0,True,False,False,ADVER,NODE,INDUCTIVE,False,3,1,128,459,0,0,REAGE,0.02727929920054431,0.09772070079945569,8,0.5,NONE,False,False,XGB-SP,temporal,64,2,64,2,2,0.1,LeakyReLU,layer,<class 'models.benchmarks_supervised.booster.GIN_noparam'>,<class 'xgboost.sklearn.XGBClassifier'>,<function average_precision_score at 0x000001C8520A5760>,500,7,mean_final,normal,0,1,1,1,1,1,1,round,ndist,True,0.1,0,NONE,0.05,7,OR,100,50,75,['none'],7777777,False,[],50,0,10,0.5,0.6,0.2,0.2,<class 'torch.optim.adam.Adam'>,0.01,<function cross_entropy at 0x000001C84AF6F880>,5,tolokers_bid,2.6396462785556376,GREEDY,REPLAY,1,0.1,241028135657
18,round_2,test_set,0.0,0.2571428571428571,0.24573378839590443,0.5736670532671121,0.7083821575259724,144,442,3697,416,0.2490612119436264,0.1245306059718132,0.5796343088150024,0.0,0.5792666077613831,0.28963330388069153,0.4141639173030853,416,261,0.34590092301368713,0,12932,1248798,cuda:0,True,False,False,ADVER,NODE,INDUCTIVE,False,3,1,128,459,0,0,REAGE,0.02727929920054431,0.09772070079945569,8,0.5,NONE,False,False,XGB-SP,temporal,64,2,64,2,2,0.1,LeakyReLU,layer,<class 'models.benchmarks_supervised.booster.GIN_noparam'>,<class 'xgboost.sklearn.XGBClassifier'>,<function average_precision_score at 0x000001C8520A5760>,500,7,mean_final,normal,0,1,1,1,1,1,1,round,ndist,True,0.1,0,NONE,0.05,7,OR,100,50,75,['none'],7777777,False,[],50,0,10,0.5,0.6,0.2,0.2,<class 'torch.optim.adam.Adam'>,0.01,<function cross_entropy at 0x000001C84AF6F880>,5,tolokers_bid,2.6396462785556376,GREEDY,REPLAY,1,0.1,241028135657
19,round_2,round_0_nodes,0.0,0.5697764070932922,0.4808067664281067,0.6847872744578463,0.7835903422833541,739,798,3784,558,0.2490612119436264,0.1245306059718132,0.5796343088150024,0.0,0.5792666077613831,0.28963330388069153,0.4141639173030853,416,261,0.34590092301368713,0,12932,1248798,cuda:0,True,False,False,ADVER,NODE,INDUCTIVE,False,3,1,128,459,0,0,REAGE,0.02727929920054431,0.09772070079945569,8,0.5,NONE,False,False,XGB-SP,temporal,64,2,64,2,2,0.1,LeakyReLU,layer,<class 'models.benchmarks_supervised.booster.GIN_noparam'>,<class 'xgboost.sklearn.XGBClassifier'>,<function average_precision_score at 0x000001C8520A5760>,500,7,mean_final,normal,0,1,1,1,1,1,1,round,ndist,True,0.1,0,NONE,0.05,7,OR,100,50,75,['none'],7777777,False,[],50,0,10,0.5,0.6,0.2,0.2,<class 'torch.optim.adam.Adam'>,0.01,<function cross_entropy at 0x000001C84AF6F880>,5,tolokers_bid,2.6396462785556376,GREEDY,REPLAY,1,0.1,241028135657
20,round_2,round_1_nodes,0.0,0.4140625,0.41732283464566927,0.6267767607587105,0.7010399645969498,53,74,385,75,0.2490612119436264,0.1245306059718132,0.5796343088150024,0.0,0.5792666077613831,0.28963330388069153,0.4141639173030853,416,261,0.34590092301368713,0,12932,1248798,cuda:0,True,False,False,ADVER,NODE,INDUCTIVE,False,3,1,128,459,0,0,REAGE,0.02727929920054431,0.09772070079945569,8,0.5,NONE,False,False,XGB-SP,temporal,64,2,64,2,2,0.1,LeakyReLU,layer,<class 'models.benchmarks_supervised.booster.GIN_noparam'>,<class 'xgboost.sklearn.XGBClassifier'>,<function average_precision_score at 0x000001C8520A5760>,500,7,mean_final,normal,0,1,1,1,1,1,1,round,ndist,True,0.1,0,NONE,0.05,7,OR,100,50,75,['none'],7777777,False,[],50,0,10,0.5,0.6,0.2,0.2,<class 'torch.optim.adam.Adam'>,0.01,<function cross_entropy at 0x000001C84AF6F880>,5,tolokers_bid,2.6396462785556376,GREEDY,REPLAY,1,0.1,241028135657
21,round_2,round_2_nodes,0.0,0.265625,0.3300970873786408,0.560759848140548,0.652062908496732,34,69,390,94,0.2490612119436264,0.1245306059718132,0.5796343088150024,0.0,0.5792666077613831,0.28963330388069153,0.4141639173030853,416,261,0.34590092301368713,0,12932,1248798,cuda:0,True,False,False,ADVER,NODE,INDUCTIVE,False,3,1,128,459,0,0,REAGE,0.02727929920054431,0.09772070079945569,8,0.5,NONE,False,False,XGB-SP,temporal,64,2,64,2,2,0.1,LeakyReLU,layer,<class 'models.benchmarks_supervised.booster.GIN_noparam'>,<class 'xgboost.sklearn.XGBClassifier'>,<function average_precision_score at 0x000001C8520A5760>,500,7,mean_final,normal,0,1,1,1,1,1,1,round,ndist,True,0.1,0,NONE,0.05,7,OR,100,50,75,['none'],7777777,False,[],50,0,10,0.5,0.6,0.2,0.2,<class 'torch.optim.adam.Adam'>,0.01,<function cross_entropy at 0x000001C84AF6F880>,5,tolokers_bid,2.6396462785556376,GREEDY,REPLAY,1,0.1,241028135657
22,round_2,seed_current_pred,0.0,0.2109375,0.2755102040816326,0.5287517269706136,0.635186887254902,27,71,388,101,0.2490612119436264,0.1245306059718132,0.5796343088150024,0.0,0.5792666077613831,0.28963330388069153,0.4141639173030853,416,261,0.34590092301368713,0,12932,1248798,cuda:0,True,False,False,ADVER,NODE,INDUCTIVE,False,3,1,128,459,0,0,REAGE,0.02727929920054431,0.09772070079945569,8,0.5,NONE,False,False,XGB-SP,temporal,64,2,64,2,2,0.1,LeakyReLU,layer,<class 'models.benchmarks_supervised.booster.GIN_noparam'>,<class 'xgboost.sklearn.XGBClassifier'>,<function average_precision_score at 0x000001C8520A5760>,500,7,mean_final,normal,0,1,1,1,1,1,1,round,ndist,True,0.1,0,NONE,0.05,7,OR,100,50,75,['none'],7777777,False,[],50,0,10,0.5,0.6,0.2,0.2,<class 'torch.optim.adam.Adam'>,0.01,<function cross_entropy at 0x000001C84AF6F880>,5,tolokers_bid,2.6396462785556376,GREEDY,REPLAY,1,0.1,241028135657
23,round_2,seed_prev_pred,0.0,0.0,0.0,0.3872651356993737,0.635186887254902,0,88,371,128,0.2490612119436264,0.1245306059718132,0.5796343088150024,0.0,0.5792666077613831,0.28963330388069153,0.4141639173030853,416,261,0.34590092301368713,0,12932,1248798,cuda:0,True,False,False,ADVER,NODE,INDUCTIVE,False,3,1,128,459,0,0,REAGE,0.02727929920054431,0.09772070079945569,8,0.5,NONE,False,False,XGB-SP,temporal,64,2,64,2,2,0.1,LeakyReLU,layer,<class 'models.benchmarks_supervised.booster.GIN_noparam'>,<class 'xgboost.sklearn.XGBClassifier'>,<function average_precision_score at 0x000001C8520A5760>,500,7,mean_final,normal,0,1,1,1,1,1,1,round,ndist,True,0.1,0,NONE,0.05,7,OR,100,50,75,['none'],7777777,False,[],50,0,10,0.5,0.6,0.2,0.2,<class 'torch.optim.adam.Adam'>,0.01,<function cross_entropy at 0x000001C84AF6F880>,5,tolokers_bid,2.6396462785556376,GREEDY,REPLAY,1,0.1,241028135657
