,round,eval_type,time,rec,prec,f1,auc,tp,fp,tn,fn,recon_loss,weighted_recon_loss,disen_loss,weighted_disen_loss,temp_loss,weighted_temp_loss,final_loss,predicted_pos,predicted_pos_og,prediction_speed,trial,num_nodes,num_edges,device,save_df,save_embedding,save_temp_sne,exp_type,task_type,setting_type,full_oracle,round_num,node_expiration_time,round_new_pos,round_new_neg,round_budget_pos,round_budget_neg,augment_name,augment_pos_ratio,augment_neg_ratio,augment_round_split,augment_prob,pseudo_name,pseudo_skip_initial,pseudo_new_pos_only,model_name,embed_type,h_feats,num_layers,mlp_feats,mlp_layers,att_heads,dropout_rate,act_name,norm_name,boost_agg_backbone,boost_predictor,boost_metric,n_estimator,round_window,temporal_agg,tloss_type,alpha,beta,gamma,lambda_,lambda1,lambda2,k,training_type,loss_type,loss_sample,loss_sample_ratio,drop_rate,addon_name,addon_perc,addon_round_window,addon_internal_agg,num_epoch,num_round_epoch,early_stopping,etypes,random_state,round_reset_model,round_train_list,stuck_stopping,stuck_threshold,train_max_retry,ratio_initial,ratio_train,ratio_val,ratio_test,optimizer,learning_rate,loss,loss_gamma,dset_name,ce_weight,adver_choose_name,adver_mod_name,adver_feat_coef,adver_conn_coef,timestamp
0,round_0,val_set_best,7.751331567764282,0.5555555555555556,0.4272863568215892,0.6549760480193925,0.7724248389083398,285,382,1457,228,0.20398405194282532,0.20398405194282532,0.7267478704452515,0.0,0.6702895760536194,0.0,0.20398405194282532,491,491,0.0,0,12932,1254134,cuda:0,True,False,False,ADVER,NODE,INDUCTIVE,False,3,1,128,459,0,0,REAGE,0.02727929920054431,0.09772070079945569,8,0.5,NONE,False,False,XGB-SP,temporal,64,2,64,2,2,0.1,LeakyReLU,layer,<class 'models.benchmarks_supervised.booster.GIN_noparam'>,<class 'xgboost.sklearn.XGBClassifier'>,<function average_precision_score at 0x000001C8520A5760>,500,7,mean_final,normal,0,0,1,1,1,1,1,round,ndist,True,0.1,0,NONE,0.05,7,OR,100,50,75,['none'],7777777,False,[],50,0,10,0.5,0.6,0.2,0.2,<class 'torch.optim.adam.Adam'>,0.01,<function cross_entropy at 0x000001C84AF6F880>,5,tolokers_bid,2.678985507246377,GREEDY,REPLAY,1,0.1,241028135657
1,round_0,entire_graph,0.0,0.6332813717848792,0.44642857142857145,0.6764592063773098,0.8010480876657801,1625,2015,7177,941,0.20398405194282532,0.20398405194282532,0.7267478704452515,0.0,0.6702895760536194,0.0,0.20398405194282532,491,491,0.0,0,12932,1254134,cuda:0,True,False,False,ADVER,NODE,INDUCTIVE,False,3,1,128,459,0,0,REAGE,0.02727929920054431,0.09772070079945569,8,0.5,NONE,False,False,XGB-SP,temporal,64,2,64,2,2,0.1,LeakyReLU,layer,<class 'models.benchmarks_supervised.booster.GIN_noparam'>,<class 'xgboost.sklearn.XGBClassifier'>,<function average_precision_score at 0x000001C8520A5760>,500,7,mean_final,normal,0,0,1,1,1,1,1,round,ndist,True,0.1,0,NONE,0.05,7,OR,100,50,75,['none'],7777777,False,[],50,0,10,0.5,0.6,0.2,0.2,<class 'torch.optim.adam.Adam'>,0.01,<function cross_entropy at 0x000001C84AF6F880>,5,tolokers_bid,2.678985507246377,GREEDY,REPLAY,1,0.1,241028135657
2,round_0,train_set,0.0,0.6983094928478544,0.49085923217550276,0.7122478487633899,0.8429187204312127,537,557,2201,232,0.20398405194282532,0.20398405194282532,0.7267478704452515,0.0,0.6702895760536194,0.0,0.20398405194282532,491,491,0.0,0,12932,1254134,cuda:0,True,False,False,ADVER,NODE,INDUCTIVE,False,3,1,128,459,0,0,REAGE,0.02727929920054431,0.09772070079945569,8,0.5,NONE,False,False,XGB-SP,temporal,64,2,64,2,2,0.1,LeakyReLU,layer,<class 'models.benchmarks_supervised.booster.GIN_noparam'>,<class 'xgboost.sklearn.XGBClassifier'>,<function average_precision_score at 0x000001C8520A5760>,500,7,mean_final,normal,0,0,1,1,1,1,1,round,ndist,True,0.1,0,NONE,0.05,7,OR,100,50,75,['none'],7777777,False,[],50,0,10,0.5,0.6,0.2,0.2,<class 'torch.optim.adam.Adam'>,0.01,<function cross_entropy at 0x000001C84AF6F880>,5,tolokers_bid,2.678985507246377,GREEDY,REPLAY,1,0.1,241028135657
3,round_0,val_set,0.0,0.5750487329434698,0.4149085794655415,0.6499211178724363,0.7698787479846979,295,416,1423,218,0.20398405194282532,0.20398405194282532,0.7267478704452515,0.0,0.6702895760536194,0.0,0.20398405194282532,491,491,0.0,0,12932,1254134,cuda:0,True,False,False,ADVER,NODE,INDUCTIVE,False,3,1,128,459,0,0,REAGE,0.02727929920054431,0.09772070079945569,8,0.5,NONE,False,False,XGB-SP,temporal,64,2,64,2,2,0.1,LeakyReLU,layer,<class 'models.benchmarks_supervised.booster.GIN_noparam'>,<class 'xgboost.sklearn.XGBClassifier'>,<function average_precision_score at 0x000001C8520A5760>,500,7,mean_final,normal,0,0,1,1,1,1,1,round,ndist,True,0.1,0,NONE,0.05,7,OR,100,50,75,['none'],7777777,False,[],50,0,10,0.5,0.6,0.2,0.2,<class 'torch.optim.adam.Adam'>,0.01,<function cross_entropy at 0x000001C84AF6F880>,5,tolokers_bid,2.678985507246377,GREEDY,REPLAY,1,0.1,241028135657
4,round_0,test_set,0.0,0.617601246105919,0.4321525885558583,0.665522609522101,0.7879655524256015,793,1042,3553,491,0.20398405194282532,0.20398405194282532,0.7267478704452515,0.0,0.6702895760536194,0.0,0.20398405194282532,491,491,0.0,0,12932,1254134,cuda:0,True,False,False,ADVER,NODE,INDUCTIVE,False,3,1,128,459,0,0,REAGE,0.02727929920054431,0.09772070079945569,8,0.5,NONE,False,False,XGB-SP,temporal,64,2,64,2,2,0.1,LeakyReLU,layer,<class 'models.benchmarks_supervised.booster.GIN_noparam'>,<class 'xgboost.sklearn.XGBClassifier'>,<function average_precision_score at 0x000001C8520A5760>,500,7,mean_final,normal,0,0,1,1,1,1,1,round,ndist,True,0.1,0,NONE,0.05,7,OR,100,50,75,['none'],7777777,False,[],50,0,10,0.5,0.6,0.2,0.2,<class 'torch.optim.adam.Adam'>,0.01,<function cross_entropy at 0x000001C84AF6F880>,5,tolokers_bid,2.678985507246377,GREEDY,REPLAY,1,0.1,241028135657
5,round_1,val_set_best,9.338430166244507,0.7180722891566265,0.475658419792498,0.6771749363977473,0.7814502691617534,596,657,1599,234,0.1876242607831955,0.1876242607831955,0.5881092548370361,0.0,0.5688790082931519,0.0,0.1876242607831955,394,319,0.18265952169895172,0,12932,1254134,cuda:0,True,False,False,ADVER,NODE,INDUCTIVE,False,3,1,128,459,0,0,REAGE,0.02727929920054431,0.09772070079945569,8,0.5,NONE,False,False,XGB-SP,temporal,64,2,64,2,2,0.1,LeakyReLU,layer,<class 'models.benchmarks_supervised.booster.GIN_noparam'>,<class 'xgboost.sklearn.XGBClassifier'>,<function average_precision_score at 0x000001C8520A5760>,500,7,mean_final,normal,0,0,1,1,1,1,1,round,ndist,True,0.1,0,NONE,0.05,7,OR,100,50,75,['none'],7777777,False,[],50,0,10,0.5,0.6,0.2,0.2,<class 'torch.optim.adam.Adam'>,0.01,<function cross_entropy at 0x000001C84AF6F880>,5,tolokers_bid,2.678985507246377,GREEDY,REPLAY,1,0.1,241028135657
6,round_1,entire_graph,0.0,0.5820341499628805,0.4921531701192718,0.6937267410951621,0.8167706444135673,1568,1618,8033,1126,0.1876242607831955,0.1876242607831955,0.5881092548370361,0.0,0.5688790082931519,0.0,0.1876242607831955,394,319,0.18265952169895172,0,12932,1254134,cuda:0,True,False,False,ADVER,NODE,INDUCTIVE,False,3,1,128,459,0,0,REAGE,0.02727929920054431,0.09772070079945569,8,0.5,NONE,False,False,XGB-SP,temporal,64,2,64,2,2,0.1,LeakyReLU,layer,<class 'models.benchmarks_supervised.booster.GIN_noparam'>,<class 'xgboost.sklearn.XGBClassifier'>,<function average_precision_score at 0x000001C8520A5760>,500,7,mean_final,normal,0,0,1,1,1,1,1,round,ndist,True,0.1,0,NONE,0.05,7,OR,100,50,75,['none'],7777777,False,[],50,0,10,0.5,0.6,0.2,0.2,<class 'torch.optim.adam.Adam'>,0.01,<function cross_entropy at 0x000001C84AF6F880>,5,tolokers_bid,2.678985507246377,GREEDY,REPLAY,1,0.1,241028135657
7,round_1,train_set,0.0,0.6987951807228916,0.6083916083916084,0.754195808664706,0.8660411673296794,870,560,2823,375,0.1876242607831955,0.1876242607831955,0.5881092548370361,0.0,0.5688790082931519,0.0,0.1876242607831955,394,319,0.18265952169895172,0,12932,1254134,cuda:0,True,False,False,ADVER,NODE,INDUCTIVE,False,3,1,128,459,0,0,REAGE,0.02727929920054431,0.09772070079945569,8,0.5,NONE,False,False,XGB-SP,temporal,64,2,64,2,2,0.1,LeakyReLU,layer,<class 'models.benchmarks_supervised.booster.GIN_noparam'>,<class 'xgboost.sklearn.XGBClassifier'>,<function average_precision_score at 0x000001C8520A5760>,500,7,mean_final,normal,0,0,1,1,1,1,1,round,ndist,True,0.1,0,NONE,0.05,7,OR,100,50,75,['none'],7777777,False,[],50,0,10,0.5,0.6,0.2,0.2,<class 'torch.optim.adam.Adam'>,0.01,<function cross_entropy at 0x000001C84AF6F880>,5,tolokers_bid,2.678985507246377,GREEDY,REPLAY,1,0.1,241028135657
8,round_1,val_set,0.0,0.5698795180722892,0.46924603174603174,0.6544376951131148,0.7566112855678032,473,535,1721,357,0.1876242607831955,0.1876242607831955,0.5881092548370361,0.0,0.5688790082931519,0.0,0.1876242607831955,394,319,0.18265952169895172,0,12932,1254134,cuda:0,True,False,False,ADVER,NODE,INDUCTIVE,False,3,1,128,459,0,0,REAGE,0.02727929920054431,0.09772070079945569,8,0.5,NONE,False,False,XGB-SP,temporal,64,2,64,2,2,0.1,LeakyReLU,layer,<class 'models.benchmarks_supervised.booster.GIN_noparam'>,<class 'xgboost.sklearn.XGBClassifier'>,<function average_precision_score at 0x000001C8520A5760>,500,7,mean_final,normal,0,0,1,1,1,1,1,round,ndist,True,0.1,0,NONE,0.05,7,OR,100,50,75,['none'],7777777,False,[],50,0,10,0.5,0.6,0.2,0.2,<class 'torch.optim.adam.Adam'>,0.01,<function cross_entropy at 0x000001C84AF6F880>,5,tolokers_bid,2.678985507246377,GREEDY,REPLAY,1,0.1,241028135657
9,round_1,test_set,0.0,0.36348949919224555,0.30080213903743314,0.6065192706207525,0.7722861303005362,225,523,3489,394,0.1876242607831955,0.1876242607831955,0.5881092548370361,0.0,0.5688790082931519,0.0,0.1876242607831955,394,319,0.18265952169895172,0,12932,1254134,cuda:0,True,False,False,ADVER,NODE,INDUCTIVE,False,3,1,128,459,0,0,REAGE,0.02727929920054431,0.09772070079945569,8,0.5,NONE,False,False,XGB-SP,temporal,64,2,64,2,2,0.1,LeakyReLU,layer,<class 'models.benchmarks_supervised.booster.GIN_noparam'>,<class 'xgboost.sklearn.XGBClassifier'>,<function average_precision_score at 0x000001C8520A5760>,500,7,mean_final,normal,0,0,1,1,1,1,1,round,ndist,True,0.1,0,NONE,0.05,7,OR,100,50,75,['none'],7777777,False,[],50,0,10,0.5,0.6,0.2,0.2,<class 'torch.optim.adam.Adam'>,0.01,<function cross_entropy at 0x000001C84AF6F880>,5,tolokers_bid,2.678985507246377,GREEDY,REPLAY,1,0.1,241028135657
10,round_1,round_0_nodes,0.0,0.5825545171339563,0.47856685860524634,0.6869275164855662,0.80367060566307,748,815,3780,536,0.1876242607831955,0.1876242607831955,0.5881092548370361,0.0,0.5688790082931519,0.0,0.1876242607831955,394,319,0.18265952169895172,0,12932,1254134,cuda:0,True,False,False,ADVER,NODE,INDUCTIVE,False,3,1,128,459,0,0,REAGE,0.02727929920054431,0.09772070079945569,8,0.5,NONE,False,False,XGB-SP,temporal,64,2,64,2,2,0.1,LeakyReLU,layer,<class 'models.benchmarks_supervised.booster.GIN_noparam'>,<class 'xgboost.sklearn.XGBClassifier'>,<function average_precision_score at 0x000001C8520A5760>,500,7,mean_final,normal,0,0,1,1,1,1,1,round,ndist,True,0.1,0,NONE,0.05,7,OR,100,50,75,['none'],7777777,False,[],50,0,10,0.5,0.6,0.2,0.2,<class 'torch.optim.adam.Adam'>,0.01,<function cross_entropy at 0x000001C84AF6F880>,5,tolokers_bid,2.678985507246377,GREEDY,REPLAY,1,0.1,241028135657
11,round_1,round_1_nodes,0.0,0.4140625,0.375886524822695,0.6069707736860482,0.74734477124183,53,88,371,75,0.1876242607831955,0.1876242607831955,0.5881092548370361,0.0,0.5688790082931519,0.0,0.1876242607831955,394,319,0.18265952169895172,0,12932,1254134,cuda:0,True,False,False,ADVER,NODE,INDUCTIVE,False,3,1,128,459,0,0,REAGE,0.02727929920054431,0.09772070079945569,8,0.5,NONE,False,False,XGB-SP,temporal,64,2,64,2,2,0.1,LeakyReLU,layer,<class 'models.benchmarks_supervised.booster.GIN_noparam'>,<class 'xgboost.sklearn.XGBClassifier'>,<function average_precision_score at 0x000001C8520A5760>,500,7,mean_final,normal,0,0,1,1,1,1,1,round,ndist,True,0.1,0,NONE,0.05,7,OR,100,50,75,['none'],7777777,False,[],50,0,10,0.5,0.6,0.2,0.2,<class 'torch.optim.adam.Adam'>,0.01,<function cross_entropy at 0x000001C84AF6F880>,5,tolokers_bid,2.678985507246377,GREEDY,REPLAY,1,0.1,241028135657
12,round_1,seed_current_pred,0.0,0.3984375,0.3923076923076923,0.6125215801767036,0.74135348583878,51,79,380,77,0.1876242607831955,0.1876242607831955,0.5881092548370361,0.0,0.5688790082931519,0.0,0.1876242607831955,394,319,0.18265952169895172,0,12932,1254134,cuda:0,True,False,False,ADVER,NODE,INDUCTIVE,False,3,1,128,459,0,0,REAGE,0.02727929920054431,0.09772070079945569,8,0.5,NONE,False,False,XGB-SP,temporal,64,2,64,2,2,0.1,LeakyReLU,layer,<class 'models.benchmarks_supervised.booster.GIN_noparam'>,<class 'xgboost.sklearn.XGBClassifier'>,<function average_precision_score at 0x000001C8520A5760>,500,7,mean_final,normal,0,0,1,1,1,1,1,round,ndist,True,0.1,0,NONE,0.05,7,OR,100,50,75,['none'],7777777,False,[],50,0,10,0.5,0.6,0.2,0.2,<class 'torch.optim.adam.Adam'>,0.01,<function cross_entropy at 0x000001C84AF6F880>,5,tolokers_bid,2.678985507246377,GREEDY,REPLAY,1,0.1,241028135657
13,round_1,seed_prev_pred,0.0,0.0,0.0,0.37949260042283295,0.74135348583878,0,100,359,128,0.1876242607831955,0.1876242607831955,0.5881092548370361,0.0,0.5688790082931519,0.0,0.1876242607831955,394,319,0.18265952169895172,0,12932,1254134,cuda:0,True,False,False,ADVER,NODE,INDUCTIVE,False,3,1,128,459,0,0,REAGE,0.02727929920054431,0.09772070079945569,8,0.5,NONE,False,False,XGB-SP,temporal,64,2,64,2,2,0.1,LeakyReLU,layer,<class 'models.benchmarks_supervised.booster.GIN_noparam'>,<class 'xgboost.sklearn.XGBClassifier'>,<function average_precision_score at 0x000001C8520A5760>,500,7,mean_final,normal,0,0,1,1,1,1,1,round,ndist,True,0.1,0,NONE,0.05,7,OR,100,50,75,['none'],7777777,False,[],50,0,10,0.5,0.6,0.2,0.2,<class 'torch.optim.adam.Adam'>,0.01,<function cross_entropy at 0x000001C84AF6F880>,5,tolokers_bid,2.678985507246377,GREEDY,REPLAY,1,0.1,241028135657
14,round_2,val_set_best,7.82139253616333,0.5836956521739131,0.4718804920913884,0.6565186831463121,0.7486400917188465,537,601,1864,383,0.17896275222301483,0.17896275222301483,0.5831656455993652,0.0,0.5874521136283875,0.0,0.17896275222301483,385,237,0.3298337757587433,0,12932,1254134,cuda:0,True,False,False,ADVER,NODE,INDUCTIVE,False,3,1,128,459,0,0,REAGE,0.02727929920054431,0.09772070079945569,8,0.5,NONE,False,False,XGB-SP,temporal,64,2,64,2,2,0.1,LeakyReLU,layer,<class 'models.benchmarks_supervised.booster.GIN_noparam'>,<class 'xgboost.sklearn.XGBClassifier'>,<function average_precision_score at 0x000001C8520A5760>,500,7,mean_final,normal,0,0,1,1,1,1,1,round,ndist,True,0.1,0,NONE,0.05,7,OR,100,50,75,['none'],7777777,False,[],50,0,10,0.5,0.6,0.2,0.2,<class 'torch.optim.adam.Adam'>,0.01,<function cross_entropy at 0x000001C84AF6F880>,5,tolokers_bid,2.678985507246377,GREEDY,REPLAY,1,0.1,241028135657
15,round_2,entire_graph,0.0,0.5627214741318214,0.47702012616401324,0.682711583636169,0.790909229517126,1588,1741,8369,1234,0.17896275222301483,0.17896275222301483,0.5831656455993652,0.0,0.5874521136283875,0.0,0.17896275222301483,385,237,0.3298337757587433,0,12932,1254134,cuda:0,True,False,False,ADVER,NODE,INDUCTIVE,False,3,1,128,459,0,0,REAGE,0.02727929920054431,0.09772070079945569,8,0.5,NONE,False,False,XGB-SP,temporal,64,2,64,2,2,0.1,LeakyReLU,layer,<class 'models.benchmarks_supervised.booster.GIN_noparam'>,<class 'xgboost.sklearn.XGBClassifier'>,<function average_precision_score at 0x000001C8520A5760>,500,7,mean_final,normal,0,0,1,1,1,1,1,round,ndist,True,0.1,0,NONE,0.05,7,OR,100,50,75,['none'],7777777,False,[],50,0,10,0.5,0.6,0.2,0.2,<class 'torch.optim.adam.Adam'>,0.01,<function cross_entropy at 0x000001C84AF6F880>,5,tolokers_bid,2.678985507246377,GREEDY,REPLAY,1,0.1,241028135657
16,round_2,train_set,0.0,0.6847826086956522,0.5699638118214716,0.7303966138487163,0.8320996656121492,945,713,2984,435,0.17896275222301483,0.17896275222301483,0.5831656455993652,0.0,0.5874521136283875,0.0,0.17896275222301483,385,237,0.3298337757587433,0,12932,1254134,cuda:0,True,False,False,ADVER,NODE,INDUCTIVE,False,3,1,128,459,0,0,REAGE,0.02727929920054431,0.09772070079945569,8,0.5,NONE,False,False,XGB-SP,temporal,64,2,64,2,2,0.1,LeakyReLU,layer,<class 'models.benchmarks_supervised.booster.GIN_noparam'>,<class 'xgboost.sklearn.XGBClassifier'>,<function average_precision_score at 0x000001C8520A5760>,500,7,mean_final,normal,0,0,1,1,1,1,1,round,ndist,True,0.1,0,NONE,0.05,7,OR,100,50,75,['none'],7777777,False,[],50,0,10,0.5,0.6,0.2,0.2,<class 'torch.optim.adam.Adam'>,0.01,<function cross_entropy at 0x000001C84AF6F880>,5,tolokers_bid,2.678985507246377,GREEDY,REPLAY,1,0.1,241028135657
17,round_2,val_set,0.0,0.55,0.4462081128747795,0.6358736093251506,0.7267693359202753,506,628,1837,414,0.17896275222301483,0.17896275222301483,0.5831656455993652,0.0,0.5874521136283875,0.0,0.17896275222301483,385,237,0.3298337757587433,0,12932,1254134,cuda:0,True,False,False,ADVER,NODE,INDUCTIVE,False,3,1,128,459,0,0,REAGE,0.02727929920054431,0.09772070079945569,8,0.5,NONE,False,False,XGB-SP,temporal,64,2,64,2,2,0.1,LeakyReLU,layer,<class 'models.benchmarks_supervised.booster.GIN_noparam'>,<class 'xgboost.sklearn.XGBClassifier'>,<function average_precision_score at 0x000001C8520A5760>,500,7,mean_final,normal,0,0,1,1,1,1,1,round,ndist,True,0.1,0,NONE,0.05,7,OR,100,50,75,['none'],7777777,False,[],50,0,10,0.5,0.6,0.2,0.2,<class 'torch.optim.adam.Adam'>,0.01,<function cross_entropy at 0x000001C84AF6F880>,5,tolokers_bid,2.678985507246377,GREEDY,REPLAY,1,0.1,241028135657
18,round_2,test_set,0.0,0.2624521072796935,0.25512104283054005,0.5795640032163991,0.7268021152375518,137,400,3548,385,0.17896275222301483,0.17896275222301483,0.5831656455993652,0.0,0.5874521136283875,0.0,0.17896275222301483,385,237,0.3298337757587433,0,12932,1254134,cuda:0,True,False,False,ADVER,NODE,INDUCTIVE,False,3,1,128,459,0,0,REAGE,0.02727929920054431,0.09772070079945569,8,0.5,NONE,False,False,XGB-SP,temporal,64,2,64,2,2,0.1,LeakyReLU,layer,<class 'models.benchmarks_supervised.booster.GIN_noparam'>,<class 'xgboost.sklearn.XGBClassifier'>,<function average_precision_score at 0x000001C8520A5760>,500,7,mean_final,normal,0,0,1,1,1,1,1,round,ndist,True,0.1,0,NONE,0.05,7,OR,100,50,75,['none'],7777777,False,[],50,0,10,0.5,0.6,0.2,0.2,<class 'torch.optim.adam.Adam'>,0.01,<function cross_entropy at 0x000001C84AF6F880>,5,tolokers_bid,2.678985507246377,GREEDY,REPLAY,1,0.1,241028135657
19,round_2,round_0_nodes,0.0,0.5825545171339563,0.48226950354609927,0.6888139779469302,0.794886253851708,748,803,3792,536,0.17896275222301483,0.17896275222301483,0.5831656455993652,0.0,0.5874521136283875,0.0,0.17896275222301483,385,237,0.3298337757587433,0,12932,1254134,cuda:0,True,False,False,ADVER,NODE,INDUCTIVE,False,3,1,128,459,0,0,REAGE,0.02727929920054431,0.09772070079945569,8,0.5,NONE,False,False,XGB-SP,temporal,64,2,64,2,2,0.1,LeakyReLU,layer,<class 'models.benchmarks_supervised.booster.GIN_noparam'>,<class 'xgboost.sklearn.XGBClassifier'>,<function average_precision_score at 0x000001C8520A5760>,500,7,mean_final,normal,0,0,1,1,1,1,1,round,ndist,True,0.1,0,NONE,0.05,7,OR,100,50,75,['none'],7777777,False,[],50,0,10,0.5,0.6,0.2,0.2,<class 'torch.optim.adam.Adam'>,0.01,<function cross_entropy at 0x000001C84AF6F880>,5,tolokers_bid,2.678985507246377,GREEDY,REPLAY,1,0.1,241028135657
20,round_2,round_1_nodes,0.0,0.4296875,0.4198473282442748,0.63093444732789,0.7208860974945535,55,76,383,73,0.17896275222301483,0.17896275222301483,0.5831656455993652,0.0,0.5874521136283875,0.0,0.17896275222301483,385,237,0.3298337757587433,0,12932,1254134,cuda:0,True,False,False,ADVER,NODE,INDUCTIVE,False,3,1,128,459,0,0,REAGE,0.02727929920054431,0.09772070079945569,8,0.5,NONE,False,False,XGB-SP,temporal,64,2,64,2,2,0.1,LeakyReLU,layer,<class 'models.benchmarks_supervised.booster.GIN_noparam'>,<class 'xgboost.sklearn.XGBClassifier'>,<function average_precision_score at 0x000001C8520A5760>,500,7,mean_final,normal,0,0,1,1,1,1,1,round,ndist,True,0.1,0,NONE,0.05,7,OR,100,50,75,['none'],7777777,False,[],50,0,10,0.5,0.6,0.2,0.2,<class 'torch.optim.adam.Adam'>,0.01,<function cross_entropy at 0x000001C84AF6F880>,5,tolokers_bid,2.678985507246377,GREEDY,REPLAY,1,0.1,241028135657
21,round_2,round_2_nodes,0.0,0.25,0.3047619047619048,0.5475409686526524,0.6276382080610021,32,73,386,96,0.17896275222301483,0.17896275222301483,0.5831656455993652,0.0,0.5874521136283875,0.0,0.17896275222301483,385,237,0.3298337757587433,0,12932,1254134,cuda:0,True,False,False,ADVER,NODE,INDUCTIVE,False,3,1,128,459,0,0,REAGE,0.02727929920054431,0.09772070079945569,8,0.5,NONE,False,False,XGB-SP,temporal,64,2,64,2,2,0.1,LeakyReLU,layer,<class 'models.benchmarks_supervised.booster.GIN_noparam'>,<class 'xgboost.sklearn.XGBClassifier'>,<function average_precision_score at 0x000001C8520A5760>,500,7,mean_final,normal,0,0,1,1,1,1,1,round,ndist,True,0.1,0,NONE,0.05,7,OR,100,50,75,['none'],7777777,False,[],50,0,10,0.5,0.6,0.2,0.2,<class 'torch.optim.adam.Adam'>,0.01,<function cross_entropy at 0x000001C84AF6F880>,5,tolokers_bid,2.678985507246377,GREEDY,REPLAY,1,0.1,241028135657
22,round_2,seed_current_pred,0.0,0.234375,0.23622047244094488,0.5115534788452922,0.6281828703703703,30,97,362,98,0.17896275222301483,0.17896275222301483,0.5831656455993652,0.0,0.5874521136283875,0.0,0.17896275222301483,385,237,0.3298337757587433,0,12932,1254134,cuda:0,True,False,False,ADVER,NODE,INDUCTIVE,False,3,1,128,459,0,0,REAGE,0.02727929920054431,0.09772070079945569,8,0.5,NONE,False,False,XGB-SP,temporal,64,2,64,2,2,0.1,LeakyReLU,layer,<class 'models.benchmarks_supervised.booster.GIN_noparam'>,<class 'xgboost.sklearn.XGBClassifier'>,<function average_precision_score at 0x000001C8520A5760>,500,7,mean_final,normal,0,0,1,1,1,1,1,round,ndist,True,0.1,0,NONE,0.05,7,OR,100,50,75,['none'],7777777,False,[],50,0,10,0.5,0.6,0.2,0.2,<class 'torch.optim.adam.Adam'>,0.01,<function cross_entropy at 0x000001C84AF6F880>,5,tolokers_bid,2.678985507246377,GREEDY,REPLAY,1,0.1,241028135657
23,round_2,seed_prev_pred,0.0,0.0,0.0,0.3904465212876428,0.6281828703703703,0,83,376,128,0.17896275222301483,0.17896275222301483,0.5831656455993652,0.0,0.5874521136283875,0.0,0.17896275222301483,385,237,0.3298337757587433,0,12932,1254134,cuda:0,True,False,False,ADVER,NODE,INDUCTIVE,False,3,1,128,459,0,0,REAGE,0.02727929920054431,0.09772070079945569,8,0.5,NONE,False,False,XGB-SP,temporal,64,2,64,2,2,0.1,LeakyReLU,layer,<class 'models.benchmarks_supervised.booster.GIN_noparam'>,<class 'xgboost.sklearn.XGBClassifier'>,<function average_precision_score at 0x000001C8520A5760>,500,7,mean_final,normal,0,0,1,1,1,1,1,round,ndist,True,0.1,0,NONE,0.05,7,OR,100,50,75,['none'],7777777,False,[],50,0,10,0.5,0.6,0.2,0.2,<class 'torch.optim.adam.Adam'>,0.01,<function cross_entropy at 0x000001C84AF6F880>,5,tolokers_bid,2.678985507246377,GREEDY,REPLAY,1,0.1,241028135657
