,round,eval_type,time,rec,prec,f1,auc,tp,fp,tn,fn,recon_loss,weighted_recon_loss,disen_loss,weighted_disen_loss,temp_loss,weighted_temp_loss,final_loss,predicted_pos,predicted_pos_og,prediction_speed,trial,num_nodes,num_edges,device,save_df,save_embedding,save_temp_sne,exp_type,task_type,setting_type,full_oracle,round_num,node_expiration_time,round_new_pos,round_new_neg,round_budget_pos,round_budget_neg,augment_name,augment_pos_ratio,augment_neg_ratio,augment_round_split,augment_prob,pseudo_name,pseudo_skip_initial,pseudo_new_pos_only,model_name,embed_type,h_feats,num_layers,mlp_feats,mlp_layers,att_heads,dropout_rate,act_name,norm_name,boost_agg_backbone,boost_predictor,boost_metric,n_estimator,round_window,temporal_agg,tloss_type,alpha,beta,gamma,lambda_,lambda1,lambda2,k,training_type,loss_type,loss_sample,loss_sample_ratio,drop_rate,addon_name,addon_perc,addon_round_window,addon_internal_agg,num_epoch,num_round_epoch,early_stopping,etypes,random_state,round_reset_model,round_train_list,stuck_stopping,stuck_threshold,train_max_retry,ratio_initial,ratio_train,ratio_val,ratio_test,optimizer,learning_rate,loss,loss_gamma,dset_name,ce_weight,adver_choose_name,adver_mod_name,adver_feat_coef,adver_conn_coef,timestamp
0,round_0,val_set_best,7.308771371841431,0.542,0.4274447949526814,0.6560639070442993,0.7743347732181425,271,363,1489,229,0.34463533759117126,0.17231766879558563,0.4564673900604248,0.2282336950302124,0.6732802987098694,0.0,0.40055137872695923,668,668,0.0,0,12932,1284850,cuda:0,True,False,False,ADVER,NODE,INDUCTIVE,False,3,1,128,459,0,0,REAGE,0.02727929920054431,0.09772070079945569,8,0.5,NONE,False,False,XGB-SP,temporal,64,2,64,2,2,0.1,LeakyReLU,layer,<class 'models.benchmarks_supervised.booster.GIN_noparam'>,<class 'xgboost.sklearn.XGBClassifier'>,<function average_precision_score at 0x000001C8520A5760>,500,7,mean_final,normal,1,0,1,1,1,1,1,round,ndist,True,0.1,0,NONE,0.05,7,OR,100,50,75,['none'],7777777,False,[],50,0,10,0.5,0.6,0.2,0.2,<class 'torch.optim.adam.Adam'>,0.01,<function cross_entropy at 0x000001C84AF6F880>,5,tolokers_bid,2.6932610379550734,GREEDY,REPLAY,1,0.1,241028135657
1,round_0,entire_graph,0.0,0.5140296180826188,0.488699518340126,0.6785536579374359,0.8014433532632328,1319,1380,7812,1247,0.34463533759117126,0.17231766879558563,0.4564673900604248,0.2282336950302124,0.6732802987098694,0.0,0.40055137872695923,668,668,0.0,0,12932,1284850,cuda:0,True,False,False,ADVER,NODE,INDUCTIVE,False,3,1,128,459,0,0,REAGE,0.02727929920054431,0.09772070079945569,8,0.5,NONE,False,False,XGB-SP,temporal,64,2,64,2,2,0.1,LeakyReLU,layer,<class 'models.benchmarks_supervised.booster.GIN_noparam'>,<class 'xgboost.sklearn.XGBClassifier'>,<function average_precision_score at 0x000001C8520A5760>,500,7,mean_final,normal,1,0,1,1,1,1,1,round,ndist,True,0.1,0,NONE,0.05,7,OR,100,50,75,['none'],7777777,False,[],50,0,10,0.5,0.6,0.2,0.2,<class 'torch.optim.adam.Adam'>,0.01,<function cross_entropy at 0x000001C84AF6F880>,5,tolokers_bid,2.6932610379550734,GREEDY,REPLAY,1,0.1,241028135657
2,round_0,train_set,0.0,0.57543391188251,0.53875,0.715846208241935,0.8468553223352279,431,369,2409,318,0.34463533759117126,0.17231766879558563,0.4564673900604248,0.2282336950302124,0.6732802987098694,0.0,0.40055137872695923,668,668,0.0,0,12932,1284850,cuda:0,True,False,False,ADVER,NODE,INDUCTIVE,False,3,1,128,459,0,0,REAGE,0.02727929920054431,0.09772070079945569,8,0.5,NONE,False,False,XGB-SP,temporal,64,2,64,2,2,0.1,LeakyReLU,layer,<class 'models.benchmarks_supervised.booster.GIN_noparam'>,<class 'xgboost.sklearn.XGBClassifier'>,<function average_precision_score at 0x000001C8520A5760>,500,7,mean_final,normal,1,0,1,1,1,1,1,round,ndist,True,0.1,0,NONE,0.05,7,OR,100,50,75,['none'],7777777,False,[],50,0,10,0.5,0.6,0.2,0.2,<class 'torch.optim.adam.Adam'>,0.01,<function cross_entropy at 0x000001C84AF6F880>,5,tolokers_bid,2.6932610379550734,GREEDY,REPLAY,1,0.1,241028135657
3,round_0,val_set,0.0,0.478,0.4149305555555556,0.6397044056348189,0.7624114470842334,239,337,1515,261,0.34463533759117126,0.17231766879558563,0.4564673900604248,0.2282336950302124,0.6732802987098694,0.0,0.40055137872695923,668,668,0.0,0,12932,1284850,cuda:0,True,False,False,ADVER,NODE,INDUCTIVE,False,3,1,128,459,0,0,REAGE,0.02727929920054431,0.09772070079945569,8,0.5,NONE,False,False,XGB-SP,temporal,64,2,64,2,2,0.1,LeakyReLU,layer,<class 'models.benchmarks_supervised.booster.GIN_noparam'>,<class 'xgboost.sklearn.XGBClassifier'>,<function average_precision_score at 0x000001C8520A5760>,500,7,mean_final,normal,1,0,1,1,1,1,1,round,ndist,True,0.1,0,NONE,0.05,7,OR,100,50,75,['none'],7777777,False,[],50,0,10,0.5,0.6,0.2,0.2,<class 'torch.optim.adam.Adam'>,0.01,<function cross_entropy at 0x000001C84AF6F880>,5,tolokers_bid,2.6932610379550734,GREEDY,REPLAY,1,0.1,241028135657
4,round_0,test_set,0.0,0.49278663629460895,0.490551776266062,0.6722426336184836,0.7908704570488705,649,674,3888,668,0.34463533759117126,0.17231766879558563,0.4564673900604248,0.2282336950302124,0.6732802987098694,0.0,0.40055137872695923,668,668,0.0,0,12932,1284850,cuda:0,True,False,False,ADVER,NODE,INDUCTIVE,False,3,1,128,459,0,0,REAGE,0.02727929920054431,0.09772070079945569,8,0.5,NONE,False,False,XGB-SP,temporal,64,2,64,2,2,0.1,LeakyReLU,layer,<class 'models.benchmarks_supervised.booster.GIN_noparam'>,<class 'xgboost.sklearn.XGBClassifier'>,<function average_precision_score at 0x000001C8520A5760>,500,7,mean_final,normal,1,0,1,1,1,1,1,round,ndist,True,0.1,0,NONE,0.05,7,OR,100,50,75,['none'],7777777,False,[],50,0,10,0.5,0.6,0.2,0.2,<class 'torch.optim.adam.Adam'>,0.01,<function cross_entropy at 0x000001C84AF6F880>,5,tolokers_bid,2.6932610379550734,GREEDY,REPLAY,1,0.1,241028135657
5,round_1,val_set_best,7.879969835281372,0.549407114624506,0.4711864406779661,0.6553009220690365,0.7463761907068058,417,468,1654,342,0.3018498420715332,0.1509249210357666,0.3207548260688782,0.1603774130344391,0.563554048538208,0.0,0.3113023340702057,542,450,0.26358696818351746,0,12932,1284850,cuda:0,True,False,False,ADVER,NODE,INDUCTIVE,False,3,1,128,459,0,0,REAGE,0.02727929920054431,0.09772070079945569,8,0.5,NONE,False,False,XGB-SP,temporal,64,2,64,2,2,0.1,LeakyReLU,layer,<class 'models.benchmarks_supervised.booster.GIN_noparam'>,<class 'xgboost.sklearn.XGBClassifier'>,<function average_precision_score at 0x000001C8520A5760>,500,7,mean_final,normal,1,0,1,1,1,1,1,round,ndist,True,0.1,0,NONE,0.05,7,OR,100,50,75,['none'],7777777,False,[],50,0,10,0.5,0.6,0.2,0.2,<class 'torch.optim.adam.Adam'>,0.01,<function cross_entropy at 0x000001C84AF6F880>,5,tolokers_bid,2.6932610379550734,GREEDY,REPLAY,1,0.1,241028135657
6,round_1,entire_graph,0.0,0.5252412769116556,0.49631708172571026,0.6842786093787128,0.7951116074227358,1415,1436,8215,1279,0.3018498420715332,0.1509249210357666,0.3207548260688782,0.1603774130344391,0.563554048538208,0.0,0.3113023340702057,542,450,0.26358696818351746,0,12932,1284850,cuda:0,True,False,False,ADVER,NODE,INDUCTIVE,False,3,1,128,459,0,0,REAGE,0.02727929920054431,0.09772070079945569,8,0.5,NONE,False,False,XGB-SP,temporal,64,2,64,2,2,0.1,LeakyReLU,layer,<class 'models.benchmarks_supervised.booster.GIN_noparam'>,<class 'xgboost.sklearn.XGBClassifier'>,<function average_precision_score at 0x000001C8520A5760>,500,7,mean_final,normal,1,0,1,1,1,1,1,round,ndist,True,0.1,0,NONE,0.05,7,OR,100,50,75,['none'],7777777,False,[],50,0,10,0.5,0.6,0.2,0.2,<class 'torch.optim.adam.Adam'>,0.01,<function cross_entropy at 0x000001C84AF6F880>,5,tolokers_bid,2.6932610379550734,GREEDY,REPLAY,1,0.1,241028135657
7,round_1,train_set,0.0,0.6830553116769096,0.6121164437450826,0.7543042468533443,0.8507590987275329,778,493,2689,361,0.3018498420715332,0.1509249210357666,0.3207548260688782,0.1603774130344391,0.563554048538208,0.0,0.3113023340702057,542,450,0.26358696818351746,0,12932,1284850,cuda:0,True,False,False,ADVER,NODE,INDUCTIVE,False,3,1,128,459,0,0,REAGE,0.02727929920054431,0.09772070079945569,8,0.5,NONE,False,False,XGB-SP,temporal,64,2,64,2,2,0.1,LeakyReLU,layer,<class 'models.benchmarks_supervised.booster.GIN_noparam'>,<class 'xgboost.sklearn.XGBClassifier'>,<function average_precision_score at 0x000001C8520A5760>,500,7,mean_final,normal,1,0,1,1,1,1,1,round,ndist,True,0.1,0,NONE,0.05,7,OR,100,50,75,['none'],7777777,False,[],50,0,10,0.5,0.6,0.2,0.2,<class 'torch.optim.adam.Adam'>,0.01,<function cross_entropy at 0x000001C84AF6F880>,5,tolokers_bid,2.6932610379550734,GREEDY,REPLAY,1,0.1,241028135657
8,round_1,val_set,0.0,0.5046113306982872,0.45868263473053894,0.640947820160535,0.7367068008280154,383,452,1670,376,0.3018498420715332,0.1509249210357666,0.3207548260688782,0.1603774130344391,0.563554048538208,0.0,0.3113023340702057,542,450,0.26358696818351746,0,12932,1284850,cuda:0,True,False,False,ADVER,NODE,INDUCTIVE,False,3,1,128,459,0,0,REAGE,0.02727929920054431,0.09772070079945569,8,0.5,NONE,False,False,XGB-SP,temporal,64,2,64,2,2,0.1,LeakyReLU,layer,<class 'models.benchmarks_supervised.booster.GIN_noparam'>,<class 'xgboost.sklearn.XGBClassifier'>,<function average_precision_score at 0x000001C8520A5760>,500,7,mean_final,normal,1,0,1,1,1,1,1,round,ndist,True,0.1,0,NONE,0.05,7,OR,100,50,75,['none'],7777777,False,[],50,0,10,0.5,0.6,0.2,0.2,<class 'torch.optim.adam.Adam'>,0.01,<function cross_entropy at 0x000001C84AF6F880>,5,tolokers_bid,2.6932610379550734,GREEDY,REPLAY,1,0.1,241028135657
9,round_1,test_set,0.0,0.31909547738693467,0.3409395973154362,0.6057657124178496,0.7542965575519651,254,491,3856,542,0.3018498420715332,0.1509249210357666,0.3207548260688782,0.1603774130344391,0.563554048538208,0.0,0.3113023340702057,542,450,0.26358696818351746,0,12932,1284850,cuda:0,True,False,False,ADVER,NODE,INDUCTIVE,False,3,1,128,459,0,0,REAGE,0.02727929920054431,0.09772070079945569,8,0.5,NONE,False,False,XGB-SP,temporal,64,2,64,2,2,0.1,LeakyReLU,layer,<class 'models.benchmarks_supervised.booster.GIN_noparam'>,<class 'xgboost.sklearn.XGBClassifier'>,<function average_precision_score at 0x000001C8520A5760>,500,7,mean_final,normal,1,0,1,1,1,1,1,round,ndist,True,0.1,0,NONE,0.05,7,OR,100,50,75,['none'],7777777,False,[],50,0,10,0.5,0.6,0.2,0.2,<class 'torch.optim.adam.Adam'>,0.01,<function cross_entropy at 0x000001C84AF6F880>,5,tolokers_bid,2.6932610379550734,GREEDY,REPLAY,1,0.1,241028135657
10,round_1,round_0_nodes,0.0,0.5110098709187547,0.4852198990627253,0.6738960549654082,0.7836185623737342,673,714,3848,644,0.3018498420715332,0.1509249210357666,0.3207548260688782,0.1603774130344391,0.563554048538208,0.0,0.3113023340702057,542,450,0.26358696818351746,0,12932,1284850,cuda:0,True,False,False,ADVER,NODE,INDUCTIVE,False,3,1,128,459,0,0,REAGE,0.02727929920054431,0.09772070079945569,8,0.5,NONE,False,False,XGB-SP,temporal,64,2,64,2,2,0.1,LeakyReLU,layer,<class 'models.benchmarks_supervised.booster.GIN_noparam'>,<class 'xgboost.sklearn.XGBClassifier'>,<function average_precision_score at 0x000001C8520A5760>,500,7,mean_final,normal,1,0,1,1,1,1,1,round,ndist,True,0.1,0,NONE,0.05,7,OR,100,50,75,['none'],7777777,False,[],50,0,10,0.5,0.6,0.2,0.2,<class 'torch.optim.adam.Adam'>,0.01,<function cross_entropy at 0x000001C84AF6F880>,5,tolokers_bid,2.6932610379550734,GREEDY,REPLAY,1,0.1,241028135657
11,round_1,round_1_nodes,0.0,0.28125,0.45569620253164556,0.6041095274493054,0.7536509395424836,36,43,416,92,0.3018498420715332,0.1509249210357666,0.3207548260688782,0.1603774130344391,0.563554048538208,0.0,0.3113023340702057,542,450,0.26358696818351746,0,12932,1284850,cuda:0,True,False,False,ADVER,NODE,INDUCTIVE,False,3,1,128,459,0,0,REAGE,0.02727929920054431,0.09772070079945569,8,0.5,NONE,False,False,XGB-SP,temporal,64,2,64,2,2,0.1,LeakyReLU,layer,<class 'models.benchmarks_supervised.booster.GIN_noparam'>,<class 'xgboost.sklearn.XGBClassifier'>,<function average_precision_score at 0x000001C8520A5760>,500,7,mean_final,normal,1,0,1,1,1,1,1,round,ndist,True,0.1,0,NONE,0.05,7,OR,100,50,75,['none'],7777777,False,[],50,0,10,0.5,0.6,0.2,0.2,<class 'torch.optim.adam.Adam'>,0.01,<function cross_entropy at 0x000001C84AF6F880>,5,tolokers_bid,2.6932610379550734,GREEDY,REPLAY,1,0.1,241028135657
12,round_1,seed_current_pred,0.0,0.328125,0.39622641509433965,0.5996999454446263,0.7500170206971677,42,64,395,86,0.3018498420715332,0.1509249210357666,0.3207548260688782,0.1603774130344391,0.563554048538208,0.0,0.3113023340702057,542,450,0.26358696818351746,0,12932,1284850,cuda:0,True,False,False,ADVER,NODE,INDUCTIVE,False,3,1,128,459,0,0,REAGE,0.02727929920054431,0.09772070079945569,8,0.5,NONE,False,False,XGB-SP,temporal,64,2,64,2,2,0.1,LeakyReLU,layer,<class 'models.benchmarks_supervised.booster.GIN_noparam'>,<class 'xgboost.sklearn.XGBClassifier'>,<function average_precision_score at 0x000001C8520A5760>,500,7,mean_final,normal,1,0,1,1,1,1,1,round,ndist,True,0.1,0,NONE,0.05,7,OR,100,50,75,['none'],7777777,False,[],50,0,10,0.5,0.6,0.2,0.2,<class 'torch.optim.adam.Adam'>,0.01,<function cross_entropy at 0x000001C84AF6F880>,5,tolokers_bid,2.6932610379550734,GREEDY,REPLAY,1,0.1,241028135657
13,round_1,seed_prev_pred,0.0,0.0,0.0,0.40163098878695214,0.7500170206971677,0,65,394,128,0.3018498420715332,0.1509249210357666,0.3207548260688782,0.1603774130344391,0.563554048538208,0.0,0.3113023340702057,542,450,0.26358696818351746,0,12932,1284850,cuda:0,True,False,False,ADVER,NODE,INDUCTIVE,False,3,1,128,459,0,0,REAGE,0.02727929920054431,0.09772070079945569,8,0.5,NONE,False,False,XGB-SP,temporal,64,2,64,2,2,0.1,LeakyReLU,layer,<class 'models.benchmarks_supervised.booster.GIN_noparam'>,<class 'xgboost.sklearn.XGBClassifier'>,<function average_precision_score at 0x000001C8520A5760>,500,7,mean_final,normal,1,0,1,1,1,1,1,round,ndist,True,0.1,0,NONE,0.05,7,OR,100,50,75,['none'],7777777,False,[],50,0,10,0.5,0.6,0.2,0.2,<class 'torch.optim.adam.Adam'>,0.01,<function cross_entropy at 0x000001C84AF6F880>,5,tolokers_bid,2.6932610379550734,GREEDY,REPLAY,1,0.1,241028135657
14,round_2,val_set_best,9.182549715042114,0.5934959349593496,0.48344370860927155,0.6655224567633327,0.7603672816587651,511,546,1772,350,0.2921679615974426,0.1460839807987213,0.29222697019577026,0.14611348509788513,0.5845556259155273,0.0,0.29219746589660645,449,309,0.4929705262184143,0,12932,1284850,cuda:0,True,False,False,ADVER,NODE,INDUCTIVE,False,3,1,128,459,0,0,REAGE,0.02727929920054431,0.09772070079945569,8,0.5,NONE,False,False,XGB-SP,temporal,64,2,64,2,2,0.1,LeakyReLU,layer,<class 'models.benchmarks_supervised.booster.GIN_noparam'>,<class 'xgboost.sklearn.XGBClassifier'>,<function average_precision_score at 0x000001C8520A5760>,500,7,mean_final,normal,1,0,1,1,1,1,1,round,ndist,True,0.1,0,NONE,0.05,7,OR,100,50,75,['none'],7777777,False,[],50,0,10,0.5,0.6,0.2,0.2,<class 'torch.optim.adam.Adam'>,0.01,<function cross_entropy at 0x000001C84AF6F880>,5,tolokers_bid,2.6932610379550734,GREEDY,REPLAY,1,0.1,241028135657
15,round_2,entire_graph,0.0,0.609851169383416,0.45881098373766993,0.6806768606778644,0.7955805768018838,1721,2030,8080,1101,0.2921679615974426,0.1460839807987213,0.29222697019577026,0.14611348509788513,0.5845556259155273,0.0,0.29219746589660645,449,309,0.4929705262184143,0,12932,1284850,cuda:0,True,False,False,ADVER,NODE,INDUCTIVE,False,3,1,128,459,0,0,REAGE,0.02727929920054431,0.09772070079945569,8,0.5,NONE,False,False,XGB-SP,temporal,64,2,64,2,2,0.1,LeakyReLU,layer,<class 'models.benchmarks_supervised.booster.GIN_noparam'>,<class 'xgboost.sklearn.XGBClassifier'>,<function average_precision_score at 0x000001C8520A5760>,500,7,mean_final,normal,1,0,1,1,1,1,1,round,ndist,True,0.1,0,NONE,0.05,7,OR,100,50,75,['none'],7777777,False,[],50,0,10,0.5,0.6,0.2,0.2,<class 'torch.optim.adam.Adam'>,0.01,<function cross_entropy at 0x000001C84AF6F880>,5,tolokers_bid,2.6932610379550734,GREEDY,REPLAY,1,0.1,241028135657
16,round_2,train_set,0.0,0.7490317583268784,0.5478753541076488,0.7298526274966066,0.8348433113742695,967,798,2679,324,0.2921679615974426,0.1460839807987213,0.29222697019577026,0.14611348509788513,0.5845556259155273,0.0,0.29219746589660645,449,309,0.4929705262184143,0,12932,1284850,cuda:0,True,False,False,ADVER,NODE,INDUCTIVE,False,3,1,128,459,0,0,REAGE,0.02727929920054431,0.09772070079945569,8,0.5,NONE,False,False,XGB-SP,temporal,64,2,64,2,2,0.1,LeakyReLU,layer,<class 'models.benchmarks_supervised.booster.GIN_noparam'>,<class 'xgboost.sklearn.XGBClassifier'>,<function average_precision_score at 0x000001C8520A5760>,500,7,mean_final,normal,1,0,1,1,1,1,1,round,ndist,True,0.1,0,NONE,0.05,7,OR,100,50,75,['none'],7777777,False,[],50,0,10,0.5,0.6,0.2,0.2,<class 'torch.optim.adam.Adam'>,0.01,<function cross_entropy at 0x000001C84AF6F880>,5,tolokers_bid,2.6932610379550734,GREEDY,REPLAY,1,0.1,241028135657
17,round_2,val_set,0.0,0.6190476190476191,0.4419568822553897,0.6412221572429643,0.7369175136962759,533,673,1645,328,0.2921679615974426,0.1460839807987213,0.29222697019577026,0.14611348509788513,0.5845556259155273,0.0,0.29219746589660645,449,309,0.4929705262184143,0,12932,1284850,cuda:0,True,False,False,ADVER,NODE,INDUCTIVE,False,3,1,128,459,0,0,REAGE,0.02727929920054431,0.09772070079945569,8,0.5,NONE,False,False,XGB-SP,temporal,64,2,64,2,2,0.1,LeakyReLU,layer,<class 'models.benchmarks_supervised.booster.GIN_noparam'>,<class 'xgboost.sklearn.XGBClassifier'>,<function average_precision_score at 0x000001C8520A5760>,500,7,mean_final,normal,1,0,1,1,1,1,1,round,ndist,True,0.1,0,NONE,0.05,7,OR,100,50,75,['none'],7777777,False,[],50,0,10,0.5,0.6,0.2,0.2,<class 'torch.optim.adam.Adam'>,0.01,<function cross_entropy at 0x000001C84AF6F880>,5,tolokers_bid,2.6932610379550734,GREEDY,REPLAY,1,0.1,241028135657
18,round_2,test_set,0.0,0.32985074626865674,0.2833333333333333,0.5932588635259834,0.7524103699347988,221,559,3756,449,0.2921679615974426,0.1460839807987213,0.29222697019577026,0.14611348509788513,0.5845556259155273,0.0,0.29219746589660645,449,309,0.4929705262184143,0,12932,1284850,cuda:0,True,False,False,ADVER,NODE,INDUCTIVE,False,3,1,128,459,0,0,REAGE,0.02727929920054431,0.09772070079945569,8,0.5,NONE,False,False,XGB-SP,temporal,64,2,64,2,2,0.1,LeakyReLU,layer,<class 'models.benchmarks_supervised.booster.GIN_noparam'>,<class 'xgboost.sklearn.XGBClassifier'>,<function average_precision_score at 0x000001C8520A5760>,500,7,mean_final,normal,1,0,1,1,1,1,1,round,ndist,True,0.1,0,NONE,0.05,7,OR,100,50,75,['none'],7777777,False,[],50,0,10,0.5,0.6,0.2,0.2,<class 'torch.optim.adam.Adam'>,0.01,<function cross_entropy at 0x000001C84AF6F880>,5,tolokers_bid,2.6932610379550734,GREEDY,REPLAY,1,0.1,241028135657
19,round_2,round_0_nodes,0.0,0.5968109339407744,0.4712230215827338,0.6827854077179468,0.7948479682777773,786,882,3680,531,0.2921679615974426,0.1460839807987213,0.29222697019577026,0.14611348509788513,0.5845556259155273,0.0,0.29219746589660645,449,309,0.4929705262184143,0,12932,1284850,cuda:0,True,False,False,ADVER,NODE,INDUCTIVE,False,3,1,128,459,0,0,REAGE,0.02727929920054431,0.09772070079945569,8,0.5,NONE,False,False,XGB-SP,temporal,64,2,64,2,2,0.1,LeakyReLU,layer,<class 'models.benchmarks_supervised.booster.GIN_noparam'>,<class 'xgboost.sklearn.XGBClassifier'>,<function average_precision_score at 0x000001C8520A5760>,500,7,mean_final,normal,1,0,1,1,1,1,1,round,ndist,True,0.1,0,NONE,0.05,7,OR,100,50,75,['none'],7777777,False,[],50,0,10,0.5,0.6,0.2,0.2,<class 'torch.optim.adam.Adam'>,0.01,<function cross_entropy at 0x000001C84AF6F880>,5,tolokers_bid,2.6932610379550734,GREEDY,REPLAY,1,0.1,241028135657
20,round_2,round_1_nodes,0.0,0.4375,0.417910447761194,0.631503615910004,0.7702376089324618,56,78,381,72,0.2921679615974426,0.1460839807987213,0.29222697019577026,0.14611348509788513,0.5845556259155273,0.0,0.29219746589660645,449,309,0.4929705262184143,0,12932,1284850,cuda:0,True,False,False,ADVER,NODE,INDUCTIVE,False,3,1,128,459,0,0,REAGE,0.02727929920054431,0.09772070079945569,8,0.5,NONE,False,False,XGB-SP,temporal,64,2,64,2,2,0.1,LeakyReLU,layer,<class 'models.benchmarks_supervised.booster.GIN_noparam'>,<class 'xgboost.sklearn.XGBClassifier'>,<function average_precision_score at 0x000001C8520A5760>,500,7,mean_final,normal,1,0,1,1,1,1,1,round,ndist,True,0.1,0,NONE,0.05,7,OR,100,50,75,['none'],7777777,False,[],50,0,10,0.5,0.6,0.2,0.2,<class 'torch.optim.adam.Adam'>,0.01,<function cross_entropy at 0x000001C84AF6F880>,5,tolokers_bid,2.6932610379550734,GREEDY,REPLAY,1,0.1,241028135657
21,round_2,round_2_nodes,0.0,0.375,0.36363636363636365,0.5948998485103517,0.7106481481481481,48,84,375,80,0.2921679615974426,0.1460839807987213,0.29222697019577026,0.14611348509788513,0.5845556259155273,0.0,0.29219746589660645,449,309,0.4929705262184143,0,12932,1284850,cuda:0,True,False,False,ADVER,NODE,INDUCTIVE,False,3,1,128,459,0,0,REAGE,0.02727929920054431,0.09772070079945569,8,0.5,NONE,False,False,XGB-SP,temporal,64,2,64,2,2,0.1,LeakyReLU,layer,<class 'models.benchmarks_supervised.booster.GIN_noparam'>,<class 'xgboost.sklearn.XGBClassifier'>,<function average_precision_score at 0x000001C8520A5760>,500,7,mean_final,normal,1,0,1,1,1,1,1,round,ndist,True,0.1,0,NONE,0.05,7,OR,100,50,75,['none'],7777777,False,[],50,0,10,0.5,0.6,0.2,0.2,<class 'torch.optim.adam.Adam'>,0.01,<function cross_entropy at 0x000001C84AF6F880>,5,tolokers_bid,2.6932610379550734,GREEDY,REPLAY,1,0.1,241028135657
22,round_2,seed_current_pred,0.0,0.40625,0.3611111111111111,0.5980500847789226,0.7029547930283224,52,92,367,76,0.2921679615974426,0.1460839807987213,0.29222697019577026,0.14611348509788513,0.5845556259155273,0.0,0.29219746589660645,449,309,0.4929705262184143,0,12932,1284850,cuda:0,True,False,False,ADVER,NODE,INDUCTIVE,False,3,1,128,459,0,0,REAGE,0.02727929920054431,0.09772070079945569,8,0.5,NONE,False,False,XGB-SP,temporal,64,2,64,2,2,0.1,LeakyReLU,layer,<class 'models.benchmarks_supervised.booster.GIN_noparam'>,<class 'xgboost.sklearn.XGBClassifier'>,<function average_precision_score at 0x000001C8520A5760>,500,7,mean_final,normal,1,0,1,1,1,1,1,round,ndist,True,0.1,0,NONE,0.05,7,OR,100,50,75,['none'],7777777,False,[],50,0,10,0.5,0.6,0.2,0.2,<class 'torch.optim.adam.Adam'>,0.01,<function cross_entropy at 0x000001C84AF6F880>,5,tolokers_bid,2.6932610379550734,GREEDY,REPLAY,1,0.1,241028135657
23,round_2,seed_prev_pred,0.0,0.0,0.0,0.40345528455284546,0.7029547930283224,0,62,397,128,0.2921679615974426,0.1460839807987213,0.29222697019577026,0.14611348509788513,0.5845556259155273,0.0,0.29219746589660645,449,309,0.4929705262184143,0,12932,1284850,cuda:0,True,False,False,ADVER,NODE,INDUCTIVE,False,3,1,128,459,0,0,REAGE,0.02727929920054431,0.09772070079945569,8,0.5,NONE,False,False,XGB-SP,temporal,64,2,64,2,2,0.1,LeakyReLU,layer,<class 'models.benchmarks_supervised.booster.GIN_noparam'>,<class 'xgboost.sklearn.XGBClassifier'>,<function average_precision_score at 0x000001C8520A5760>,500,7,mean_final,normal,1,0,1,1,1,1,1,round,ndist,True,0.1,0,NONE,0.05,7,OR,100,50,75,['none'],7777777,False,[],50,0,10,0.5,0.6,0.2,0.2,<class 'torch.optim.adam.Adam'>,0.01,<function cross_entropy at 0x000001C84AF6F880>,5,tolokers_bid,2.6932610379550734,GREEDY,REPLAY,1,0.1,241028135657
