,round,eval_type,time,rec,prec,f1,auc,tp,fp,tn,fn,recon_loss,weighted_recon_loss,disen_loss,weighted_disen_loss,temp_loss,weighted_temp_loss,final_loss,predicted_pos,predicted_pos_og,prediction_speed,trial,num_nodes,num_edges,device,save_df,save_embedding,save_temp_sne,exp_type,task_type,setting_type,full_oracle,round_num,node_expiration_time,round_new_pos,round_new_neg,round_budget_pos,round_budget_neg,augment_name,augment_pos_ratio,augment_neg_ratio,augment_round_split,augment_prob,pseudo_name,pseudo_skip_initial,pseudo_new_pos_only,model_name,embed_type,h_feats,num_layers,mlp_feats,mlp_layers,att_heads,dropout_rate,act_name,norm_name,boost_agg_backbone,boost_predictor,boost_metric,n_estimator,round_window,temporal_agg,tloss_type,alpha,beta,gamma,lambda_,lambda1,lambda2,k,training_type,loss_type,loss_sample,loss_sample_ratio,drop_rate,addon_name,addon_perc,addon_round_window,addon_internal_agg,num_epoch,num_round_epoch,early_stopping,etypes,random_state,round_reset_model,round_train_list,stuck_stopping,stuck_threshold,train_max_retry,ratio_initial,ratio_train,ratio_val,ratio_test,optimizer,learning_rate,loss,loss_gamma,dset_name,ce_weight,adver_choose_name,adver_mod_name,adver_feat_coef,adver_conn_coef,timestamp
0,round_0,val_set_best,6.847254276275635,0.521484375,0.47007042253521125,0.6718910963944077,0.7967890200407609,267,301,1539,245,0.26259762048721313,0.08753254016240437,0.41522300243377686,0.1384076674779256,0.6641983389854431,0.22139944632848102,0.4473396837711334,571,571,0.0,0,12932,1258382,cuda:0,True,False,False,ADVER,NODE,INDUCTIVE,False,3,1,128,459,0,0,REAGE,0.02727929920054431,0.09772070079945569,8,0.5,NONE,False,False,XGB-SP,temporal,64,2,64,2,2,0.1,LeakyReLU,layer,<class 'models.benchmarks_supervised.booster.GIN_noparam'>,<class 'xgboost.sklearn.XGBClassifier'>,<function average_precision_score at 0x000001C8520A5760>,500,7,mean_final,normal,1,1,1,1,1,1,1,round,ndist,True,0.1,0,NONE,0.05,7,OR,100,50,75,['none'],7777777,False,[],50,0,10,0.5,0.6,0.2,0.2,<class 'torch.optim.adam.Adam'>,0.01,<function cross_entropy at 0x000001C84AF6F880>,5,tolokers_bid,2.6354642313546424,GREEDY,REPLAY,1,0.1,241028135657
1,round_0,entire_graph,0.0,0.5670303975058457,0.4897340962638842,0.6897202215218621,0.8157917530713956,1455,1516,7676,1111,0.26259762048721313,0.08753254016240437,0.41522300243377686,0.1384076674779256,0.6641983389854431,0.22139944632848102,0.4473396837711334,571,571,0.0,0,12932,1258382,cuda:0,True,False,False,ADVER,NODE,INDUCTIVE,False,3,1,128,459,0,0,REAGE,0.02727929920054431,0.09772070079945569,8,0.5,NONE,False,False,XGB-SP,temporal,64,2,64,2,2,0.1,LeakyReLU,layer,<class 'models.benchmarks_supervised.booster.GIN_noparam'>,<class 'xgboost.sklearn.XGBClassifier'>,<function average_precision_score at 0x000001C8520A5760>,500,7,mean_final,normal,1,1,1,1,1,1,1,round,ndist,True,0.1,0,NONE,0.05,7,OR,100,50,75,['none'],7777777,False,[],50,0,10,0.5,0.6,0.2,0.2,<class 'torch.optim.adam.Adam'>,0.01,<function cross_entropy at 0x000001C84AF6F880>,5,tolokers_bid,2.6354642313546424,GREEDY,REPLAY,1,0.1,241028135657
2,round_0,train_set,0.0,0.6302083333333334,0.55,0.7307962386273432,0.8591218040201765,484,396,2363,284,0.26259762048721313,0.08753254016240437,0.41522300243377686,0.1384076674779256,0.6641983389854431,0.22139944632848102,0.4473396837711334,571,571,0.0,0,12932,1258382,cuda:0,True,False,False,ADVER,NODE,INDUCTIVE,False,3,1,128,459,0,0,REAGE,0.02727929920054431,0.09772070079945569,8,0.5,NONE,False,False,XGB-SP,temporal,64,2,64,2,2,0.1,LeakyReLU,layer,<class 'models.benchmarks_supervised.booster.GIN_noparam'>,<class 'xgboost.sklearn.XGBClassifier'>,<function average_precision_score at 0x000001C8520A5760>,500,7,mean_final,normal,1,1,1,1,1,1,1,round,ndist,True,0.1,0,NONE,0.05,7,OR,100,50,75,['none'],7777777,False,[],50,0,10,0.5,0.6,0.2,0.2,<class 'torch.optim.adam.Adam'>,0.01,<function cross_entropy at 0x000001C84AF6F880>,5,tolokers_bid,2.6354642313546424,GREEDY,REPLAY,1,0.1,241028135657
3,round_0,val_set,0.0,0.5,0.4547069271758437,0.6605699564874685,0.7841950789741847,256,307,1533,256,0.26259762048721313,0.08753254016240437,0.41522300243377686,0.1384076674779256,0.6641983389854431,0.22139944632848102,0.4473396837711334,571,571,0.0,0,12932,1258382,cuda:0,True,False,False,ADVER,NODE,INDUCTIVE,False,3,1,128,459,0,0,REAGE,0.02727929920054431,0.09772070079945569,8,0.5,NONE,False,False,XGB-SP,temporal,64,2,64,2,2,0.1,LeakyReLU,layer,<class 'models.benchmarks_supervised.booster.GIN_noparam'>,<class 'xgboost.sklearn.XGBClassifier'>,<function average_precision_score at 0x000001C8520A5760>,500,7,mean_final,normal,1,1,1,1,1,1,1,round,ndist,True,0.1,0,NONE,0.05,7,OR,100,50,75,['none'],7777777,False,[],50,0,10,0.5,0.6,0.2,0.2,<class 'torch.optim.adam.Adam'>,0.01,<function cross_entropy at 0x000001C84AF6F880>,5,tolokers_bid,2.6354642313546424,GREEDY,REPLAY,1,0.1,241028135657
4,round_0,test_set,0.0,0.5559875583203733,0.46793193717277487,0.6767164051960999,0.8023282607009992,715,813,3780,571,0.26259762048721313,0.08753254016240437,0.41522300243377686,0.1384076674779256,0.6641983389854431,0.22139944632848102,0.4473396837711334,571,571,0.0,0,12932,1258382,cuda:0,True,False,False,ADVER,NODE,INDUCTIVE,False,3,1,128,459,0,0,REAGE,0.02727929920054431,0.09772070079945569,8,0.5,NONE,False,False,XGB-SP,temporal,64,2,64,2,2,0.1,LeakyReLU,layer,<class 'models.benchmarks_supervised.booster.GIN_noparam'>,<class 'xgboost.sklearn.XGBClassifier'>,<function average_precision_score at 0x000001C8520A5760>,500,7,mean_final,normal,1,1,1,1,1,1,1,round,ndist,True,0.1,0,NONE,0.05,7,OR,100,50,75,['none'],7777777,False,[],50,0,10,0.5,0.6,0.2,0.2,<class 'torch.optim.adam.Adam'>,0.01,<function cross_entropy at 0x000001C84AF6F880>,5,tolokers_bid,2.6354642313546424,GREEDY,REPLAY,1,0.1,241028135657
5,round_1,val_set_best,6.51738715171814,0.568922305764411,0.49455337690631807,0.6686067693193584,0.7709967760046769,454,464,1701,344,0.21969389915466309,0.07323129971822102,0.3337065577507019,0.11123551925023396,0.562383234500885,0.18746107816696167,0.3719279170036316,503,406,0.2320413440465927,0,12932,1258382,cuda:0,True,False,False,ADVER,NODE,INDUCTIVE,False,3,1,128,459,0,0,REAGE,0.02727929920054431,0.09772070079945569,8,0.5,NONE,False,False,XGB-SP,temporal,64,2,64,2,2,0.1,LeakyReLU,layer,<class 'models.benchmarks_supervised.booster.GIN_noparam'>,<class 'xgboost.sklearn.XGBClassifier'>,<function average_precision_score at 0x000001C8520A5760>,500,7,mean_final,normal,1,1,1,1,1,1,1,round,ndist,True,0.1,0,NONE,0.05,7,OR,100,50,75,['none'],7777777,False,[],50,0,10,0.5,0.6,0.2,0.2,<class 'torch.optim.adam.Adam'>,0.01,<function cross_entropy at 0x000001C84AF6F880>,5,tolokers_bid,2.6354642313546424,GREEDY,REPLAY,1,0.1,241028135657
6,round_1,entire_graph,0.0,0.566815144766147,0.5260075783672064,0.706229640327872,0.8222579763516589,1527,1376,8275,1167,0.21969389915466309,0.07323129971822102,0.3337065577507019,0.11123551925023396,0.562383234500885,0.18746107816696167,0.3719279170036316,503,406,0.2320413440465927,0,12932,1258382,cuda:0,True,False,False,ADVER,NODE,INDUCTIVE,False,3,1,128,459,0,0,REAGE,0.02727929920054431,0.09772070079945569,8,0.5,NONE,False,False,XGB-SP,temporal,64,2,64,2,2,0.1,LeakyReLU,layer,<class 'models.benchmarks_supervised.booster.GIN_noparam'>,<class 'xgboost.sklearn.XGBClassifier'>,<function average_precision_score at 0x000001C8520A5760>,500,7,mean_final,normal,1,1,1,1,1,1,1,round,ndist,True,0.1,0,NONE,0.05,7,OR,100,50,75,['none'],7777777,False,[],50,0,10,0.5,0.6,0.2,0.2,<class 'torch.optim.adam.Adam'>,0.01,<function cross_entropy at 0x000001C84AF6F880>,5,tolokers_bid,2.6354642313546424,GREEDY,REPLAY,1,0.1,241028135657
7,round_1,train_set,0.0,0.7192982456140351,0.6158798283261803,0.7624291234686857,0.8697823760715824,861,537,2710,336,0.21969389915466309,0.07323129971822102,0.3337065577507019,0.11123551925023396,0.562383234500885,0.18746107816696167,0.3719279170036316,503,406,0.2320413440465927,0,12932,1258382,cuda:0,True,False,False,ADVER,NODE,INDUCTIVE,False,3,1,128,459,0,0,REAGE,0.02727929920054431,0.09772070079945569,8,0.5,NONE,False,False,XGB-SP,temporal,64,2,64,2,2,0.1,LeakyReLU,layer,<class 'models.benchmarks_supervised.booster.GIN_noparam'>,<class 'xgboost.sklearn.XGBClassifier'>,<function average_precision_score at 0x000001C8520A5760>,500,7,mean_final,normal,1,1,1,1,1,1,1,round,ndist,True,0.1,0,NONE,0.05,7,OR,100,50,75,['none'],7777777,False,[],50,0,10,0.5,0.6,0.2,0.2,<class 'torch.optim.adam.Adam'>,0.01,<function cross_entropy at 0x000001C84AF6F880>,5,tolokers_bid,2.6354642313546424,GREEDY,REPLAY,1,0.1,241028135657
8,round_1,val_set,0.0,0.5889724310776943,0.4952581664910432,0.6724784277919157,0.7745663234298217,470,479,1686,328,0.21969389915466309,0.07323129971822102,0.3337065577507019,0.11123551925023396,0.562383234500885,0.18746107816696167,0.3719279170036316,503,406,0.2320413440465927,0,12932,1258382,cuda:0,True,False,False,ADVER,NODE,INDUCTIVE,False,3,1,128,459,0,0,REAGE,0.02727929920054431,0.09772070079945569,8,0.5,NONE,False,False,XGB-SP,temporal,64,2,64,2,2,0.1,LeakyReLU,layer,<class 'models.benchmarks_supervised.booster.GIN_noparam'>,<class 'xgboost.sklearn.XGBClassifier'>,<function average_precision_score at 0x000001C8520A5760>,500,7,mean_final,normal,1,1,1,1,1,1,1,round,ndist,True,0.1,0,NONE,0.05,7,OR,100,50,75,['none'],7777777,False,[],50,0,10,0.5,0.6,0.2,0.2,<class 'torch.optim.adam.Adam'>,0.01,<function cross_entropy at 0x000001C84AF6F880>,5,tolokers_bid,2.6354642313546424,GREEDY,REPLAY,1,0.1,241028135657
9,round_1,test_set,0.0,0.2804005722460658,0.35251798561151076,0.6061231006839132,0.7687141776696462,196,360,3879,503,0.21969389915466309,0.07323129971822102,0.3337065577507019,0.11123551925023396,0.562383234500885,0.18746107816696167,0.3719279170036316,503,406,0.2320413440465927,0,12932,1258382,cuda:0,True,False,False,ADVER,NODE,INDUCTIVE,False,3,1,128,459,0,0,REAGE,0.02727929920054431,0.09772070079945569,8,0.5,NONE,False,False,XGB-SP,temporal,64,2,64,2,2,0.1,LeakyReLU,layer,<class 'models.benchmarks_supervised.booster.GIN_noparam'>,<class 'xgboost.sklearn.XGBClassifier'>,<function average_precision_score at 0x000001C8520A5760>,500,7,mean_final,normal,1,1,1,1,1,1,1,round,ndist,True,0.1,0,NONE,0.05,7,OR,100,50,75,['none'],7777777,False,[],50,0,10,0.5,0.6,0.2,0.2,<class 'torch.optim.adam.Adam'>,0.01,<function cross_entropy at 0x000001C84AF6F880>,5,tolokers_bid,2.6354642313546424,GREEDY,REPLAY,1,0.1,241028135657
10,round_1,round_0_nodes,0.0,0.531104199066874,0.5294573643410853,0.6992499671920893,0.8140820655138541,683,607,3986,603,0.21969389915466309,0.07323129971822102,0.3337065577507019,0.11123551925023396,0.562383234500885,0.18746107816696167,0.3719279170036316,503,406,0.2320413440465927,0,12932,1258382,cuda:0,True,False,False,ADVER,NODE,INDUCTIVE,False,3,1,128,459,0,0,REAGE,0.02727929920054431,0.09772070079945569,8,0.5,NONE,False,False,XGB-SP,temporal,64,2,64,2,2,0.1,LeakyReLU,layer,<class 'models.benchmarks_supervised.booster.GIN_noparam'>,<class 'xgboost.sklearn.XGBClassifier'>,<function average_precision_score at 0x000001C8520A5760>,500,7,mean_final,normal,1,1,1,1,1,1,1,round,ndist,True,0.1,0,NONE,0.05,7,OR,100,50,75,['none'],7777777,False,[],50,0,10,0.5,0.6,0.2,0.2,<class 'torch.optim.adam.Adam'>,0.01,<function cross_entropy at 0x000001C84AF6F880>,5,tolokers_bid,2.6354642313546424,GREEDY,REPLAY,1,0.1,241028135657
11,round_1,round_1_nodes,0.0,0.2421875,0.4025974025974026,0.5774321024943996,0.7002740332244008,31,46,413,97,0.21969389915466309,0.07323129971822102,0.3337065577507019,0.11123551925023396,0.562383234500885,0.18746107816696167,0.3719279170036316,503,406,0.2320413440465927,0,12932,1258382,cuda:0,True,False,False,ADVER,NODE,INDUCTIVE,False,3,1,128,459,0,0,REAGE,0.02727929920054431,0.09772070079945569,8,0.5,NONE,False,False,XGB-SP,temporal,64,2,64,2,2,0.1,LeakyReLU,layer,<class 'models.benchmarks_supervised.booster.GIN_noparam'>,<class 'xgboost.sklearn.XGBClassifier'>,<function average_precision_score at 0x000001C8520A5760>,500,7,mean_final,normal,1,1,1,1,1,1,1,round,ndist,True,0.1,0,NONE,0.05,7,OR,100,50,75,['none'],7777777,False,[],50,0,10,0.5,0.6,0.2,0.2,<class 'torch.optim.adam.Adam'>,0.01,<function cross_entropy at 0x000001C84AF6F880>,5,tolokers_bid,2.6354642313546424,GREEDY,REPLAY,1,0.1,241028135657
12,round_1,seed_current_pred,0.0,0.3046875,0.35454545454545455,0.578395460748402,0.6945125272331154,39,71,388,89,0.21969389915466309,0.07323129971822102,0.3337065577507019,0.11123551925023396,0.562383234500885,0.18746107816696167,0.3719279170036316,503,406,0.2320413440465927,0,12932,1258382,cuda:0,True,False,False,ADVER,NODE,INDUCTIVE,False,3,1,128,459,0,0,REAGE,0.02727929920054431,0.09772070079945569,8,0.5,NONE,False,False,XGB-SP,temporal,64,2,64,2,2,0.1,LeakyReLU,layer,<class 'models.benchmarks_supervised.booster.GIN_noparam'>,<class 'xgboost.sklearn.XGBClassifier'>,<function average_precision_score at 0x000001C8520A5760>,500,7,mean_final,normal,1,1,1,1,1,1,1,round,ndist,True,0.1,0,NONE,0.05,7,OR,100,50,75,['none'],7777777,False,[],50,0,10,0.5,0.6,0.2,0.2,<class 'torch.optim.adam.Adam'>,0.01,<function cross_entropy at 0x000001C84AF6F880>,5,tolokers_bid,2.6354642313546424,GREEDY,REPLAY,1,0.1,241028135657
13,round_1,seed_prev_pred,0.0,0.0,0.0,0.39546858908341914,0.6945125272331154,0,75,384,128,0.21969389915466309,0.07323129971822102,0.3337065577507019,0.11123551925023396,0.562383234500885,0.18746107816696167,0.3719279170036316,503,406,0.2320413440465927,0,12932,1258382,cuda:0,True,False,False,ADVER,NODE,INDUCTIVE,False,3,1,128,459,0,0,REAGE,0.02727929920054431,0.09772070079945569,8,0.5,NONE,False,False,XGB-SP,temporal,64,2,64,2,2,0.1,LeakyReLU,layer,<class 'models.benchmarks_supervised.booster.GIN_noparam'>,<class 'xgboost.sklearn.XGBClassifier'>,<function average_precision_score at 0x000001C8520A5760>,500,7,mean_final,normal,1,1,1,1,1,1,1,round,ndist,True,0.1,0,NONE,0.05,7,OR,100,50,75,['none'],7777777,False,[],50,0,10,0.5,0.6,0.2,0.2,<class 'torch.optim.adam.Adam'>,0.01,<function cross_entropy at 0x000001C84AF6F880>,5,tolokers_bid,2.6354642313546424,GREEDY,REPLAY,1,0.1,241028135657
14,round_2,val_set_best,6.116971254348755,0.6681870011402509,0.4875207986688852,0.6762291982417769,0.774239219592364,586,616,1693,291,0.20262739062309265,0.06754246354103088,0.3147454857826233,0.10491516192754109,0.5829533934593201,0.19431779781977335,0.3667754530906677,470,293,0.4220515191555023,0,12932,1258382,cuda:0,True,False,False,ADVER,NODE,INDUCTIVE,False,3,1,128,459,0,0,REAGE,0.02727929920054431,0.09772070079945569,8,0.5,NONE,False,False,XGB-SP,temporal,64,2,64,2,2,0.1,LeakyReLU,layer,<class 'models.benchmarks_supervised.booster.GIN_noparam'>,<class 'xgboost.sklearn.XGBClassifier'>,<function average_precision_score at 0x000001C8520A5760>,500,7,mean_final,normal,1,1,1,1,1,1,1,round,ndist,True,0.1,0,NONE,0.05,7,OR,100,50,75,['none'],7777777,False,[],50,0,10,0.5,0.6,0.2,0.2,<class 'torch.optim.adam.Adam'>,0.01,<function cross_entropy at 0x000001C84AF6F880>,5,tolokers_bid,2.6354642313546424,GREEDY,REPLAY,1,0.1,241028135657
15,round_2,entire_graph,0.0,0.57512402551382,0.5052926525529265,0.6986782747821181,0.814288783691232,1623,1589,8521,1199,0.20262739062309265,0.06754246354103088,0.3147454857826233,0.10491516192754109,0.5829533934593201,0.19431779781977335,0.3667754530906677,470,293,0.4220515191555023,0,12932,1258382,cuda:0,True,False,False,ADVER,NODE,INDUCTIVE,False,3,1,128,459,0,0,REAGE,0.02727929920054431,0.09772070079945569,8,0.5,NONE,False,False,XGB-SP,temporal,64,2,64,2,2,0.1,LeakyReLU,layer,<class 'models.benchmarks_supervised.booster.GIN_noparam'>,<class 'xgboost.sklearn.XGBClassifier'>,<function average_precision_score at 0x000001C8520A5760>,500,7,mean_final,normal,1,1,1,1,1,1,1,round,ndist,True,0.1,0,NONE,0.05,7,OR,100,50,75,['none'],7777777,False,[],50,0,10,0.5,0.6,0.2,0.2,<class 'torch.optim.adam.Adam'>,0.01,<function cross_entropy at 0x000001C84AF6F880>,5,tolokers_bid,2.6354642313546424,GREEDY,REPLAY,1,0.1,241028135657
16,round_2,train_set,0.0,0.7290715372907154,0.5939243645381277,0.751018715095852,0.8521543905544634,958,655,2808,356,0.20262739062309265,0.06754246354103088,0.3147454857826233,0.10491516192754109,0.5829533934593201,0.19431779781977335,0.3667754530906677,470,293,0.4220515191555023,0,12932,1258382,cuda:0,True,False,False,ADVER,NODE,INDUCTIVE,False,3,1,128,459,0,0,REAGE,0.02727929920054431,0.09772070079945569,8,0.5,NONE,False,False,XGB-SP,temporal,64,2,64,2,2,0.1,LeakyReLU,layer,<class 'models.benchmarks_supervised.booster.GIN_noparam'>,<class 'xgboost.sklearn.XGBClassifier'>,<function average_precision_score at 0x000001C8520A5760>,500,7,mean_final,normal,1,1,1,1,1,1,1,round,ndist,True,0.1,0,NONE,0.05,7,OR,100,50,75,['none'],7777777,False,[],50,0,10,0.5,0.6,0.2,0.2,<class 'torch.optim.adam.Adam'>,0.01,<function cross_entropy at 0x000001C84AF6F880>,5,tolokers_bid,2.6354642313546424,GREEDY,REPLAY,1,0.1,241028135657
17,round_2,val_set,0.0,0.5746864310148233,0.4980237154150198,0.6685477411459821,0.7738187243116397,504,508,1801,373,0.20262739062309265,0.06754246354103088,0.3147454857826233,0.10491516192754109,0.5829533934593201,0.19431779781977335,0.3667754530906677,470,293,0.4220515191555023,0,12932,1258382,cuda:0,True,False,False,ADVER,NODE,INDUCTIVE,False,3,1,128,459,0,0,REAGE,0.02727929920054431,0.09772070079945569,8,0.5,NONE,False,False,XGB-SP,temporal,64,2,64,2,2,0.1,LeakyReLU,layer,<class 'models.benchmarks_supervised.booster.GIN_noparam'>,<class 'xgboost.sklearn.XGBClassifier'>,<function average_precision_score at 0x000001C8520A5760>,500,7,mean_final,normal,1,1,1,1,1,1,1,round,ndist,True,0.1,0,NONE,0.05,7,OR,100,50,75,['none'],7777777,False,[],50,0,10,0.5,0.6,0.2,0.2,<class 'torch.optim.adam.Adam'>,0.01,<function cross_entropy at 0x000001C84AF6F880>,5,tolokers_bid,2.6354642313546424,GREEDY,REPLAY,1,0.1,241028135657
18,round_2,test_set,0.0,0.2551505546751189,0.27427597955706984,0.5808077612569862,0.750811572664523,161,426,3912,470,0.20262739062309265,0.06754246354103088,0.3147454857826233,0.10491516192754109,0.5829533934593201,0.19431779781977335,0.3667754530906677,470,293,0.4220515191555023,0,12932,1258382,cuda:0,True,False,False,ADVER,NODE,INDUCTIVE,False,3,1,128,459,0,0,REAGE,0.02727929920054431,0.09772070079945569,8,0.5,NONE,False,False,XGB-SP,temporal,64,2,64,2,2,0.1,LeakyReLU,layer,<class 'models.benchmarks_supervised.booster.GIN_noparam'>,<class 'xgboost.sklearn.XGBClassifier'>,<function average_precision_score at 0x000001C8520A5760>,500,7,mean_final,normal,1,1,1,1,1,1,1,round,ndist,True,0.1,0,NONE,0.05,7,OR,100,50,75,['none'],7777777,False,[],50,0,10,0.5,0.6,0.2,0.2,<class 'torch.optim.adam.Adam'>,0.01,<function cross_entropy at 0x000001C84AF6F880>,5,tolokers_bid,2.6354642313546424,GREEDY,REPLAY,1,0.1,241028135657
19,round_2,round_0_nodes,0.0,0.5692068429237948,0.5079805690492714,0.6985010315891516,0.8101929401662343,732,709,3884,554,0.20262739062309265,0.06754246354103088,0.3147454857826233,0.10491516192754109,0.5829533934593201,0.19431779781977335,0.3667754530906677,470,293,0.4220515191555023,0,12932,1258382,cuda:0,True,False,False,ADVER,NODE,INDUCTIVE,False,3,1,128,459,0,0,REAGE,0.02727929920054431,0.09772070079945569,8,0.5,NONE,False,False,XGB-SP,temporal,64,2,64,2,2,0.1,LeakyReLU,layer,<class 'models.benchmarks_supervised.booster.GIN_noparam'>,<class 'xgboost.sklearn.XGBClassifier'>,<function average_precision_score at 0x000001C8520A5760>,500,7,mean_final,normal,1,1,1,1,1,1,1,round,ndist,True,0.1,0,NONE,0.05,7,OR,100,50,75,['none'],7777777,False,[],50,0,10,0.5,0.6,0.2,0.2,<class 'torch.optim.adam.Adam'>,0.01,<function cross_entropy at 0x000001C84AF6F880>,5,tolokers_bid,2.6354642313546424,GREEDY,REPLAY,1,0.1,241028135657
20,round_2,round_1_nodes,0.0,0.359375,0.38016528925619836,0.5998740909584284,0.7193287037037037,46,75,384,82,0.20262739062309265,0.06754246354103088,0.3147454857826233,0.10491516192754109,0.5829533934593201,0.19431779781977335,0.3667754530906677,470,293,0.4220515191555023,0,12932,1258382,cuda:0,True,False,False,ADVER,NODE,INDUCTIVE,False,3,1,128,459,0,0,REAGE,0.02727929920054431,0.09772070079945569,8,0.5,NONE,False,False,XGB-SP,temporal,64,2,64,2,2,0.1,LeakyReLU,layer,<class 'models.benchmarks_supervised.booster.GIN_noparam'>,<class 'xgboost.sklearn.XGBClassifier'>,<function average_precision_score at 0x000001C8520A5760>,500,7,mean_final,normal,1,1,1,1,1,1,1,round,ndist,True,0.1,0,NONE,0.05,7,OR,100,50,75,['none'],7777777,False,[],50,0,10,0.5,0.6,0.2,0.2,<class 'torch.optim.adam.Adam'>,0.01,<function cross_entropy at 0x000001C84AF6F880>,5,tolokers_bid,2.6354642313546424,GREEDY,REPLAY,1,0.1,241028135657
21,round_2,round_2_nodes,0.0,0.1796875,0.26136363636363635,0.5177549679115442,0.6735855800653594,23,65,394,105,0.20262739062309265,0.06754246354103088,0.3147454857826233,0.10491516192754109,0.5829533934593201,0.19431779781977335,0.3667754530906677,470,293,0.4220515191555023,0,12932,1258382,cuda:0,True,False,False,ADVER,NODE,INDUCTIVE,False,3,1,128,459,0,0,REAGE,0.02727929920054431,0.09772070079945569,8,0.5,NONE,False,False,XGB-SP,temporal,64,2,64,2,2,0.1,LeakyReLU,layer,<class 'models.benchmarks_supervised.booster.GIN_noparam'>,<class 'xgboost.sklearn.XGBClassifier'>,<function average_precision_score at 0x000001C8520A5760>,500,7,mean_final,normal,1,1,1,1,1,1,1,round,ndist,True,0.1,0,NONE,0.05,7,OR,100,50,75,['none'],7777777,False,[],50,0,10,0.5,0.6,0.2,0.2,<class 'torch.optim.adam.Adam'>,0.01,<function cross_entropy at 0x000001C84AF6F880>,5,tolokers_bid,2.6354642313546424,GREEDY,REPLAY,1,0.1,241028135657
22,round_2,seed_current_pred,0.0,0.21875,0.27184466019417475,0.5284231498441466,0.6831171704793029,28,75,384,100,0.20262739062309265,0.06754246354103088,0.3147454857826233,0.10491516192754109,0.5829533934593201,0.19431779781977335,0.3667754530906677,470,293,0.4220515191555023,0,12932,1258382,cuda:0,True,False,False,ADVER,NODE,INDUCTIVE,False,3,1,128,459,0,0,REAGE,0.02727929920054431,0.09772070079945569,8,0.5,NONE,False,False,XGB-SP,temporal,64,2,64,2,2,0.1,LeakyReLU,layer,<class 'models.benchmarks_supervised.booster.GIN_noparam'>,<class 'xgboost.sklearn.XGBClassifier'>,<function average_precision_score at 0x000001C8520A5760>,500,7,mean_final,normal,1,1,1,1,1,1,1,round,ndist,True,0.1,0,NONE,0.05,7,OR,100,50,75,['none'],7777777,False,[],50,0,10,0.5,0.6,0.2,0.2,<class 'torch.optim.adam.Adam'>,0.01,<function cross_entropy at 0x000001C84AF6F880>,5,tolokers_bid,2.6354642313546424,GREEDY,REPLAY,1,0.1,241028135657
23,round_2,seed_prev_pred,0.0,0.0,0.0,0.4094567404426559,0.6831171704793029,0,52,407,128,0.20262739062309265,0.06754246354103088,0.3147454857826233,0.10491516192754109,0.5829533934593201,0.19431779781977335,0.3667754530906677,470,293,0.4220515191555023,0,12932,1258382,cuda:0,True,False,False,ADVER,NODE,INDUCTIVE,False,3,1,128,459,0,0,REAGE,0.02727929920054431,0.09772070079945569,8,0.5,NONE,False,False,XGB-SP,temporal,64,2,64,2,2,0.1,LeakyReLU,layer,<class 'models.benchmarks_supervised.booster.GIN_noparam'>,<class 'xgboost.sklearn.XGBClassifier'>,<function average_precision_score at 0x000001C8520A5760>,500,7,mean_final,normal,1,1,1,1,1,1,1,round,ndist,True,0.1,0,NONE,0.05,7,OR,100,50,75,['none'],7777777,False,[],50,0,10,0.5,0.6,0.2,0.2,<class 'torch.optim.adam.Adam'>,0.01,<function cross_entropy at 0x000001C84AF6F880>,5,tolokers_bid,2.6354642313546424,GREEDY,REPLAY,1,0.1,241028135657
