,round,eval_type,time,rec,prec,f1,auc,tp,fp,tn,fn,recon_loss,weighted_recon_loss,disen_loss,weighted_disen_loss,temp_loss,weighted_temp_loss,final_loss,predicted_pos,predicted_pos_og,prediction_speed,trial,num_nodes,num_edges,device,save_df,save_embedding,save_temp_sne,exp_type,task_type,setting_type,full_oracle,round_num,node_expiration_time,round_new_pos,round_new_neg,round_budget_pos,round_budget_neg,augment_name,augment_pos_ratio,augment_neg_ratio,augment_round_split,augment_prob,pseudo_name,pseudo_skip_initial,pseudo_new_pos_only,model_name,embed_type,h_feats,num_layers,mlp_feats,mlp_layers,att_heads,dropout_rate,act_name,norm_name,boost_agg_backbone,boost_predictor,boost_metric,n_estimator,round_window,temporal_agg,tloss_type,alpha,beta,gamma,lambda_,lambda1,lambda2,k,training_type,loss_type,loss_sample,loss_sample_ratio,drop_rate,addon_name,addon_perc,addon_round_window,addon_internal_agg,num_epoch,num_round_epoch,early_stopping,etypes,random_state,round_reset_model,round_train_list,stuck_stopping,stuck_threshold,train_max_retry,ratio_initial,ratio_train,ratio_val,ratio_test,optimizer,learning_rate,loss,loss_gamma,dset_name,ce_weight,adver_choose_name,adver_mod_name,adver_feat_coef,adver_conn_coef,timestamp
0,round_0,val_set_best,7.292841672897339,0.5579150579150579,0.480865224625624,0.6828130316593193,0.8065334964189927,289,312,1522,229,0.2343653440475464,0.07812178134918213,0.44066864252090454,0.14688954750696817,0.6659515500068665,0.22198385000228882,0.44699519872665405,607,607,0.0,0,12932,1248078,cuda:0,True,False,False,ADVER,NODE,INDUCTIVE,False,3,1,128,459,0,0,REAGE,0.02727929920054431,0.09772070079945569,8,0.5,NONE,False,False,XGB-SP,temporal,64,2,64,2,2,0.1,LeakyReLU,layer,<class 'models.benchmarks_supervised.booster.GIN_noparam'>,<class 'xgboost.sklearn.XGBClassifier'>,<function average_precision_score at 0x000001C8520A5760>,500,7,mean_final,normal,1,1,1,1,1,1,1,round,ndist,True,0.1,0,NONE,0.05,7,OR,100,50,75,['none'],7777777,False,[],50,0,10,0.5,0.6,0.2,0.2,<class 'torch.optim.adam.Adam'>,0.01,<function cross_entropy at 0x000001C84AF6F880>,5,tolokers_bid,2.7263157894736842,GREEDY,REPLAY,1,0.1,241028140006
1,round_0,entire_graph,0.0,0.5526110678098207,0.47125290794283814,0.6780162380778251,0.8033273833629433,1418,1591,7601,1148,0.2343653440475464,0.07812178134918213,0.44066864252090454,0.14688954750696817,0.6659515500068665,0.22198385000228882,0.44699519872665405,607,607,0.0,0,12932,1248078,cuda:0,True,False,False,ADVER,NODE,INDUCTIVE,False,3,1,128,459,0,0,REAGE,0.02727929920054431,0.09772070079945569,8,0.5,NONE,False,False,XGB-SP,temporal,64,2,64,2,2,0.1,LeakyReLU,layer,<class 'models.benchmarks_supervised.booster.GIN_noparam'>,<class 'xgboost.sklearn.XGBClassifier'>,<function average_precision_score at 0x000001C8520A5760>,500,7,mean_final,normal,1,1,1,1,1,1,1,round,ndist,True,0.1,0,NONE,0.05,7,OR,100,50,75,['none'],7777777,False,[],50,0,10,0.5,0.6,0.2,0.2,<class 'torch.optim.adam.Adam'>,0.01,<function cross_entropy at 0x000001C84AF6F880>,5,tolokers_bid,2.7263157894736842,GREEDY,REPLAY,1,0.1,241028140006
2,round_0,train_set,0.0,0.6018041237113402,0.5109409190371991,0.7058615622890274,0.8375201894718697,467,447,2304,309,0.2343653440475464,0.07812178134918213,0.44066864252090454,0.14688954750696817,0.6659515500068665,0.22198385000228882,0.44699519872665405,607,607,0.0,0,12932,1248078,cuda:0,True,False,False,ADVER,NODE,INDUCTIVE,False,3,1,128,459,0,0,REAGE,0.02727929920054431,0.09772070079945569,8,0.5,NONE,False,False,XGB-SP,temporal,64,2,64,2,2,0.1,LeakyReLU,layer,<class 'models.benchmarks_supervised.booster.GIN_noparam'>,<class 'xgboost.sklearn.XGBClassifier'>,<function average_precision_score at 0x000001C8520A5760>,500,7,mean_final,normal,1,1,1,1,1,1,1,round,ndist,True,0.1,0,NONE,0.05,7,OR,100,50,75,['none'],7777777,False,[],50,0,10,0.5,0.6,0.2,0.2,<class 'torch.optim.adam.Adam'>,0.01,<function cross_entropy at 0x000001C84AF6F880>,5,tolokers_bid,2.7263157894736842,GREEDY,REPLAY,1,0.1,241028140006
3,round_0,val_set,0.0,0.5521235521235521,0.48067226890756304,0.6816359557173857,0.8054035106924966,286,309,1525,232,0.2343653440475464,0.07812178134918213,0.44066864252090454,0.14688954750696817,0.6659515500068665,0.22198385000228882,0.44699519872665405,607,607,0.0,0,12932,1248078,cuda:0,True,False,False,ADVER,NODE,INDUCTIVE,False,3,1,128,459,0,0,REAGE,0.02727929920054431,0.09772070079945569,8,0.5,NONE,False,False,XGB-SP,temporal,64,2,64,2,2,0.1,LeakyReLU,layer,<class 'models.benchmarks_supervised.booster.GIN_noparam'>,<class 'xgboost.sklearn.XGBClassifier'>,<function average_precision_score at 0x000001C8520A5760>,500,7,mean_final,normal,1,1,1,1,1,1,1,round,ndist,True,0.1,0,NONE,0.05,7,OR,100,50,75,['none'],7777777,False,[],50,0,10,0.5,0.6,0.2,0.2,<class 'torch.optim.adam.Adam'>,0.01,<function cross_entropy at 0x000001C84AF6F880>,5,tolokers_bid,2.7263157894736842,GREEDY,REPLAY,1,0.1,241028140006
4,round_0,test_set,0.0,0.5227987421383647,0.44333333333333336,0.659663067352807,0.7824460111970709,665,835,3772,607,0.2343653440475464,0.07812178134918213,0.44066864252090454,0.14688954750696817,0.6659515500068665,0.22198385000228882,0.44699519872665405,607,607,0.0,0,12932,1248078,cuda:0,True,False,False,ADVER,NODE,INDUCTIVE,False,3,1,128,459,0,0,REAGE,0.02727929920054431,0.09772070079945569,8,0.5,NONE,False,False,XGB-SP,temporal,64,2,64,2,2,0.1,LeakyReLU,layer,<class 'models.benchmarks_supervised.booster.GIN_noparam'>,<class 'xgboost.sklearn.XGBClassifier'>,<function average_precision_score at 0x000001C8520A5760>,500,7,mean_final,normal,1,1,1,1,1,1,1,round,ndist,True,0.1,0,NONE,0.05,7,OR,100,50,75,['none'],7777777,False,[],50,0,10,0.5,0.6,0.2,0.2,<class 'torch.optim.adam.Adam'>,0.01,<function cross_entropy at 0x000001C84AF6F880>,5,tolokers_bid,2.7263157894736842,GREEDY,REPLAY,1,0.1,241028140006
5,round_1,val_set_best,5.609437942504883,0.6147959183673469,0.4810379241516966,0.6700710887714985,0.7755054974019128,482,520,1648,302,0.19863007962703705,0.06621002654234567,0.30582302808761597,0.10194100936253865,0.5635415315628052,0.18784717718760172,0.3559982180595398,503,409,0.24532224237918854,0,12932,1248078,cuda:0,True,False,False,ADVER,NODE,INDUCTIVE,False,3,1,128,459,0,0,REAGE,0.02727929920054431,0.09772070079945569,8,0.5,NONE,False,False,XGB-SP,temporal,64,2,64,2,2,0.1,LeakyReLU,layer,<class 'models.benchmarks_supervised.booster.GIN_noparam'>,<class 'xgboost.sklearn.XGBClassifier'>,<function average_precision_score at 0x000001C8520A5760>,500,7,mean_final,normal,1,1,1,1,1,1,1,round,ndist,True,0.1,0,NONE,0.05,7,OR,100,50,75,['none'],7777777,False,[],50,0,10,0.5,0.6,0.2,0.2,<class 'torch.optim.adam.Adam'>,0.01,<function cross_entropy at 0x000001C84AF6F880>,5,tolokers_bid,2.7263157894736842,GREEDY,REPLAY,1,0.1,241028140006
6,round_1,entire_graph,0.0,0.5556792873051225,0.5280423280423281,0.7046042129287813,0.8261055645287037,1497,1338,8313,1197,0.19863007962703705,0.06621002654234567,0.30582302808761597,0.10194100936253865,0.5635415315628052,0.18784717718760172,0.3559982180595398,503,409,0.24532224237918854,0,12932,1248078,cuda:0,True,False,False,ADVER,NODE,INDUCTIVE,False,3,1,128,459,0,0,REAGE,0.02727929920054431,0.09772070079945569,8,0.5,NONE,False,False,XGB-SP,temporal,64,2,64,2,2,0.1,LeakyReLU,layer,<class 'models.benchmarks_supervised.booster.GIN_noparam'>,<class 'xgboost.sklearn.XGBClassifier'>,<function average_precision_score at 0x000001C8520A5760>,500,7,mean_final,normal,1,1,1,1,1,1,1,round,ndist,True,0.1,0,NONE,0.05,7,OR,100,50,75,['none'],7777777,False,[],50,0,10,0.5,0.6,0.2,0.2,<class 'torch.optim.adam.Adam'>,0.01,<function cross_entropy at 0x000001C84AF6F880>,5,tolokers_bid,2.7263157894736842,GREEDY,REPLAY,1,0.1,241028140006
7,round_1,train_set,0.0,0.72,0.6467889908256881,0.7786387080554615,0.892005836015807,846,462,2790,329,0.19863007962703705,0.06621002654234567,0.30582302808761597,0.10194100936253865,0.5635415315628052,0.18784717718760172,0.3559982180595398,503,409,0.24532224237918854,0,12932,1248078,cuda:0,True,False,False,ADVER,NODE,INDUCTIVE,False,3,1,128,459,0,0,REAGE,0.02727929920054431,0.09772070079945569,8,0.5,NONE,False,False,XGB-SP,temporal,64,2,64,2,2,0.1,LeakyReLU,layer,<class 'models.benchmarks_supervised.booster.GIN_noparam'>,<class 'xgboost.sklearn.XGBClassifier'>,<function average_precision_score at 0x000001C8520A5760>,500,7,mean_final,normal,1,1,1,1,1,1,1,round,ndist,True,0.1,0,NONE,0.05,7,OR,100,50,75,['none'],7777777,False,[],50,0,10,0.5,0.6,0.2,0.2,<class 'torch.optim.adam.Adam'>,0.01,<function cross_entropy at 0x000001C84AF6F880>,5,tolokers_bid,2.7263157894736842,GREEDY,REPLAY,1,0.1,241028140006
8,round_1,val_set,0.0,0.5344387755102041,0.48607888631090485,0.659676275149572,0.7627836362866179,419,443,1725,365,0.19863007962703705,0.06621002654234567,0.30582302808761597,0.10194100936253865,0.5635415315628052,0.18784717718760172,0.3559982180595398,503,409,0.24532224237918854,0,12932,1248078,cuda:0,True,False,False,ADVER,NODE,INDUCTIVE,False,3,1,128,459,0,0,REAGE,0.02727929920054431,0.09772070079945569,8,0.5,NONE,False,False,XGB-SP,temporal,64,2,64,2,2,0.1,LeakyReLU,layer,<class 'models.benchmarks_supervised.booster.GIN_noparam'>,<class 'xgboost.sklearn.XGBClassifier'>,<function average_precision_score at 0x000001C8520A5760>,500,7,mean_final,normal,1,1,1,1,1,1,1,round,ndist,True,0.1,0,NONE,0.05,7,OR,100,50,75,['none'],7777777,False,[],50,0,10,0.5,0.6,0.2,0.2,<class 'torch.optim.adam.Adam'>,0.01,<function cross_entropy at 0x000001C84AF6F880>,5,tolokers_bid,2.7263157894736842,GREEDY,REPLAY,1,0.1,241028140006
9,round_1,test_set,0.0,0.31564625850340133,0.34887218045112783,0.6108619650391802,0.7697202539725415,232,433,3798,503,0.19863007962703705,0.06621002654234567,0.30582302808761597,0.10194100936253865,0.5635415315628052,0.18784717718760172,0.3559982180595398,503,409,0.24532224237918854,0,12932,1248078,cuda:0,True,False,False,ADVER,NODE,INDUCTIVE,False,3,1,128,459,0,0,REAGE,0.02727929920054431,0.09772070079945569,8,0.5,NONE,False,False,XGB-SP,temporal,64,2,64,2,2,0.1,LeakyReLU,layer,<class 'models.benchmarks_supervised.booster.GIN_noparam'>,<class 'xgboost.sklearn.XGBClassifier'>,<function average_precision_score at 0x000001C8520A5760>,500,7,mean_final,normal,1,1,1,1,1,1,1,round,ndist,True,0.1,0,NONE,0.05,7,OR,100,50,75,['none'],7777777,False,[],50,0,10,0.5,0.6,0.2,0.2,<class 'torch.optim.adam.Adam'>,0.01,<function cross_entropy at 0x000001C84AF6F880>,5,tolokers_bid,2.7263157894736842,GREEDY,REPLAY,1,0.1,241028140006
10,round_1,round_0_nodes,0.0,0.5526729559748428,0.48887343532684285,0.6873494703116793,0.807754521080172,703,735,3872,569,0.19863007962703705,0.06621002654234567,0.30582302808761597,0.10194100936253865,0.5635415315628052,0.18784717718760172,0.3559982180595398,503,409,0.24532224237918854,0,12932,1248078,cuda:0,True,False,False,ADVER,NODE,INDUCTIVE,False,3,1,128,459,0,0,REAGE,0.02727929920054431,0.09772070079945569,8,0.5,NONE,False,False,XGB-SP,temporal,64,2,64,2,2,0.1,LeakyReLU,layer,<class 'models.benchmarks_supervised.booster.GIN_noparam'>,<class 'xgboost.sklearn.XGBClassifier'>,<function average_precision_score at 0x000001C8520A5760>,500,7,mean_final,normal,1,1,1,1,1,1,1,round,ndist,True,0.1,0,NONE,0.05,7,OR,100,50,75,['none'],7777777,False,[],50,0,10,0.5,0.6,0.2,0.2,<class 'torch.optim.adam.Adam'>,0.01,<function cross_entropy at 0x000001C84AF6F880>,5,tolokers_bid,2.7263157894736842,GREEDY,REPLAY,1,0.1,241028140006
11,round_1,round_1_nodes,0.0,0.265625,0.40476190476190477,0.5855332836464913,0.7381195533769063,34,50,409,94,0.19863007962703705,0.06621002654234567,0.30582302808761597,0.10194100936253865,0.5635415315628052,0.18784717718760172,0.3559982180595398,503,409,0.24532224237918854,0,12932,1248078,cuda:0,True,False,False,ADVER,NODE,INDUCTIVE,False,3,1,128,459,0,0,REAGE,0.02727929920054431,0.09772070079945569,8,0.5,NONE,False,False,XGB-SP,temporal,64,2,64,2,2,0.1,LeakyReLU,layer,<class 'models.benchmarks_supervised.booster.GIN_noparam'>,<class 'xgboost.sklearn.XGBClassifier'>,<function average_precision_score at 0x000001C8520A5760>,500,7,mean_final,normal,1,1,1,1,1,1,1,round,ndist,True,0.1,0,NONE,0.05,7,OR,100,50,75,['none'],7777777,False,[],50,0,10,0.5,0.6,0.2,0.2,<class 'torch.optim.adam.Adam'>,0.01,<function cross_entropy at 0x000001C84AF6F880>,5,tolokers_bid,2.7263157894736842,GREEDY,REPLAY,1,0.1,241028140006
12,round_1,seed_current_pred,0.0,0.28125,0.375,0.5807142857142857,0.7189542483660131,36,60,399,92,0.19863007962703705,0.06621002654234567,0.30582302808761597,0.10194100936253865,0.5635415315628052,0.18784717718760172,0.3559982180595398,503,409,0.24532224237918854,0,12932,1248078,cuda:0,True,False,False,ADVER,NODE,INDUCTIVE,False,3,1,128,459,0,0,REAGE,0.02727929920054431,0.09772070079945569,8,0.5,NONE,False,False,XGB-SP,temporal,64,2,64,2,2,0.1,LeakyReLU,layer,<class 'models.benchmarks_supervised.booster.GIN_noparam'>,<class 'xgboost.sklearn.XGBClassifier'>,<function average_precision_score at 0x000001C8520A5760>,500,7,mean_final,normal,1,1,1,1,1,1,1,round,ndist,True,0.1,0,NONE,0.05,7,OR,100,50,75,['none'],7777777,False,[],50,0,10,0.5,0.6,0.2,0.2,<class 'torch.optim.adam.Adam'>,0.01,<function cross_entropy at 0x000001C84AF6F880>,5,tolokers_bid,2.7263157894736842,GREEDY,REPLAY,1,0.1,241028140006
13,round_1,seed_prev_pred,0.0,0.0,0.0,0.3960905349794239,0.7189542483660131,0,74,385,128,0.19863007962703705,0.06621002654234567,0.30582302808761597,0.10194100936253865,0.5635415315628052,0.18784717718760172,0.3559982180595398,503,409,0.24532224237918854,0,12932,1248078,cuda:0,True,False,False,ADVER,NODE,INDUCTIVE,False,3,1,128,459,0,0,REAGE,0.02727929920054431,0.09772070079945569,8,0.5,NONE,False,False,XGB-SP,temporal,64,2,64,2,2,0.1,LeakyReLU,layer,<class 'models.benchmarks_supervised.booster.GIN_noparam'>,<class 'xgboost.sklearn.XGBClassifier'>,<function average_precision_score at 0x000001C8520A5760>,500,7,mean_final,normal,1,1,1,1,1,1,1,round,ndist,True,0.1,0,NONE,0.05,7,OR,100,50,75,['none'],7777777,False,[],50,0,10,0.5,0.6,0.2,0.2,<class 'torch.optim.adam.Adam'>,0.01,<function cross_entropy at 0x000001C84AF6F880>,5,tolokers_bid,2.7263157894736842,GREEDY,REPLAY,1,0.1,241028140006
14,round_2,val_set_best,5.82973575592041,0.49486887115165334,0.5136094674556213,0.6614512729768791,0.765472415037673,434,411,1930,443,0.18733690679073334,0.06244563559691111,0.30366092920303345,0.10122030973434448,0.586644172668457,0.19554805755615234,0.35921400785446167,428,280,0.44320711493492126,0,12932,1248078,cuda:0,True,False,False,ADVER,NODE,INDUCTIVE,False,3,1,128,459,0,0,REAGE,0.02727929920054431,0.09772070079945569,8,0.5,NONE,False,False,XGB-SP,temporal,64,2,64,2,2,0.1,LeakyReLU,layer,<class 'models.benchmarks_supervised.booster.GIN_noparam'>,<class 'xgboost.sklearn.XGBClassifier'>,<function average_precision_score at 0x000001C8520A5760>,500,7,mean_final,normal,1,1,1,1,1,1,1,round,ndist,True,0.1,0,NONE,0.05,7,OR,100,50,75,['none'],7777777,False,[],50,0,10,0.5,0.6,0.2,0.2,<class 'torch.optim.adam.Adam'>,0.01,<function cross_entropy at 0x000001C84AF6F880>,5,tolokers_bid,2.7263157894736842,GREEDY,REPLAY,1,0.1,241028140006
15,round_2,entire_graph,0.0,0.6172927002126152,0.4856425982715361,0.6966317965784672,0.8050188009850539,1742,1845,8265,1080,0.18733690679073334,0.06244563559691111,0.30366092920303345,0.10122030973434448,0.586644172668457,0.19554805755615234,0.35921400785446167,428,280,0.44320711493492126,0,12932,1248078,cuda:0,True,False,False,ADVER,NODE,INDUCTIVE,False,3,1,128,459,0,0,REAGE,0.02727929920054431,0.09772070079945569,8,0.5,NONE,False,False,XGB-SP,temporal,64,2,64,2,2,0.1,LeakyReLU,layer,<class 'models.benchmarks_supervised.booster.GIN_noparam'>,<class 'xgboost.sklearn.XGBClassifier'>,<function average_precision_score at 0x000001C8520A5760>,500,7,mean_final,normal,1,1,1,1,1,1,1,round,ndist,True,0.1,0,NONE,0.05,7,OR,100,50,75,['none'],7777777,False,[],50,0,10,0.5,0.6,0.2,0.2,<class 'torch.optim.adam.Adam'>,0.01,<function cross_entropy at 0x000001C84AF6F880>,5,tolokers_bid,2.7263157894736842,GREEDY,REPLAY,1,0.1,241028140006
16,round_2,train_set,0.0,0.7625570776255708,0.5818815331010453,0.7520467808307565,0.8567505452061728,1002,720,2792,312,0.18733690679073334,0.06244563559691111,0.30366092920303345,0.10122030973434448,0.586644172668457,0.19554805755615234,0.35921400785446167,428,280,0.44320711493492126,0,12932,1248078,cuda:0,True,False,False,ADVER,NODE,INDUCTIVE,False,3,1,128,459,0,0,REAGE,0.02727929920054431,0.09772070079945569,8,0.5,NONE,False,False,XGB-SP,temporal,64,2,64,2,2,0.1,LeakyReLU,layer,<class 'models.benchmarks_supervised.booster.GIN_noparam'>,<class 'xgboost.sklearn.XGBClassifier'>,<function average_precision_score at 0x000001C8520A5760>,500,7,mean_final,normal,1,1,1,1,1,1,1,round,ndist,True,0.1,0,NONE,0.05,7,OR,100,50,75,['none'],7777777,False,[],50,0,10,0.5,0.6,0.2,0.2,<class 'torch.optim.adam.Adam'>,0.01,<function cross_entropy at 0x000001C84AF6F880>,5,tolokers_bid,2.7263157894736842,GREEDY,REPLAY,1,0.1,241028140006
17,round_2,val_set,0.0,0.6123147092360319,0.46173688736027513,0.6533626826526788,0.7482373845441213,537,626,1715,340,0.18733690679073334,0.06244563559691111,0.30366092920303345,0.10122030973434448,0.586644172668457,0.19554805755615234,0.35921400785446167,428,280,0.44320711493492126,0,12932,1248078,cuda:0,True,False,False,ADVER,NODE,INDUCTIVE,False,3,1,128,459,0,0,REAGE,0.02727929920054431,0.09772070079945569,8,0.5,NONE,False,False,XGB-SP,temporal,64,2,64,2,2,0.1,LeakyReLU,layer,<class 'models.benchmarks_supervised.booster.GIN_noparam'>,<class 'xgboost.sklearn.XGBClassifier'>,<function average_precision_score at 0x000001C8520A5760>,500,7,mean_final,normal,1,1,1,1,1,1,1,round,ndist,True,0.1,0,NONE,0.05,7,OR,100,50,75,['none'],7777777,False,[],50,0,10,0.5,0.6,0.2,0.2,<class 'torch.optim.adam.Adam'>,0.01,<function cross_entropy at 0x000001C84AF6F880>,5,tolokers_bid,2.7263157894736842,GREEDY,REPLAY,1,0.1,241028140006
18,round_2,test_set,0.0,0.32171156893819336,0.28917378917378916,0.5973905237531697,0.7356432046108823,203,499,3758,428,0.18733690679073334,0.06244563559691111,0.30366092920303345,0.10122030973434448,0.586644172668457,0.19554805755615234,0.35921400785446167,428,280,0.44320711493492126,0,12932,1248078,cuda:0,True,False,False,ADVER,NODE,INDUCTIVE,False,3,1,128,459,0,0,REAGE,0.02727929920054431,0.09772070079945569,8,0.5,NONE,False,False,XGB-SP,temporal,64,2,64,2,2,0.1,LeakyReLU,layer,<class 'models.benchmarks_supervised.booster.GIN_noparam'>,<class 'xgboost.sklearn.XGBClassifier'>,<function average_precision_score at 0x000001C8520A5760>,500,7,mean_final,normal,1,1,1,1,1,1,1,round,ndist,True,0.1,0,NONE,0.05,7,OR,100,50,75,['none'],7777777,False,[],50,0,10,0.5,0.6,0.2,0.2,<class 'torch.optim.adam.Adam'>,0.01,<function cross_entropy at 0x000001C84AF6F880>,5,tolokers_bid,2.7263157894736842,GREEDY,REPLAY,1,0.1,241028140006
19,round_2,round_0_nodes,0.0,0.6210691823899371,0.4722056186491333,0.6908088587298784,0.8004003853856518,790,883,3724,482,0.18733690679073334,0.06244563559691111,0.30366092920303345,0.10122030973434448,0.586644172668457,0.19554805755615234,0.35921400785446167,428,280,0.44320711493492126,0,12932,1248078,cuda:0,True,False,False,ADVER,NODE,INDUCTIVE,False,3,1,128,459,0,0,REAGE,0.02727929920054431,0.09772070079945569,8,0.5,NONE,False,False,XGB-SP,temporal,64,2,64,2,2,0.1,LeakyReLU,layer,<class 'models.benchmarks_supervised.booster.GIN_noparam'>,<class 'xgboost.sklearn.XGBClassifier'>,<function average_precision_score at 0x000001C8520A5760>,500,7,mean_final,normal,1,1,1,1,1,1,1,round,ndist,True,0.1,0,NONE,0.05,7,OR,100,50,75,['none'],7777777,False,[],50,0,10,0.5,0.6,0.2,0.2,<class 'torch.optim.adam.Adam'>,0.01,<function cross_entropy at 0x000001C84AF6F880>,5,tolokers_bid,2.7263157894736842,GREEDY,REPLAY,1,0.1,241028140006
20,round_2,round_1_nodes,0.0,0.4453125,0.42857142857142855,0.6378869710818194,0.7190563725490196,57,76,383,71,0.18733690679073334,0.06244563559691111,0.30366092920303345,0.10122030973434448,0.586644172668457,0.19554805755615234,0.35921400785446167,428,280,0.44320711493492126,0,12932,1248078,cuda:0,True,False,False,ADVER,NODE,INDUCTIVE,False,3,1,128,459,0,0,REAGE,0.02727929920054431,0.09772070079945569,8,0.5,NONE,False,False,XGB-SP,temporal,64,2,64,2,2,0.1,LeakyReLU,layer,<class 'models.benchmarks_supervised.booster.GIN_noparam'>,<class 'xgboost.sklearn.XGBClassifier'>,<function average_precision_score at 0x000001C8520A5760>,500,7,mean_final,normal,1,1,1,1,1,1,1,round,ndist,True,0.1,0,NONE,0.05,7,OR,100,50,75,['none'],7777777,False,[],50,0,10,0.5,0.6,0.2,0.2,<class 'torch.optim.adam.Adam'>,0.01,<function cross_entropy at 0x000001C84AF6F880>,5,tolokers_bid,2.7263157894736842,GREEDY,REPLAY,1,0.1,241028140006
21,round_2,round_2_nodes,0.0,0.3515625,0.36585365853658536,0.5920672672257881,0.6817810457516339,45,78,381,83,0.18733690679073334,0.06244563559691111,0.30366092920303345,0.10122030973434448,0.586644172668457,0.19554805755615234,0.35921400785446167,428,280,0.44320711493492126,0,12932,1248078,cuda:0,True,False,False,ADVER,NODE,INDUCTIVE,False,3,1,128,459,0,0,REAGE,0.02727929920054431,0.09772070079945569,8,0.5,NONE,False,False,XGB-SP,temporal,64,2,64,2,2,0.1,LeakyReLU,layer,<class 'models.benchmarks_supervised.booster.GIN_noparam'>,<class 'xgboost.sklearn.XGBClassifier'>,<function average_precision_score at 0x000001C8520A5760>,500,7,mean_final,normal,1,1,1,1,1,1,1,round,ndist,True,0.1,0,NONE,0.05,7,OR,100,50,75,['none'],7777777,False,[],50,0,10,0.5,0.6,0.2,0.2,<class 'torch.optim.adam.Adam'>,0.01,<function cross_entropy at 0x000001C84AF6F880>,5,tolokers_bid,2.7263157894736842,GREEDY,REPLAY,1,0.1,241028140006
22,round_2,seed_current_pred,0.0,0.3671875,0.3643410852713178,0.5940026053490277,0.6786066857298476,47,82,377,81,0.18733690679073334,0.06244563559691111,0.30366092920303345,0.10122030973434448,0.586644172668457,0.19554805755615234,0.35921400785446167,428,280,0.44320711493492126,0,12932,1248078,cuda:0,True,False,False,ADVER,NODE,INDUCTIVE,False,3,1,128,459,0,0,REAGE,0.02727929920054431,0.09772070079945569,8,0.5,NONE,False,False,XGB-SP,temporal,64,2,64,2,2,0.1,LeakyReLU,layer,<class 'models.benchmarks_supervised.booster.GIN_noparam'>,<class 'xgboost.sklearn.XGBClassifier'>,<function average_precision_score at 0x000001C8520A5760>,500,7,mean_final,normal,1,1,1,1,1,1,1,round,ndist,True,0.1,0,NONE,0.05,7,OR,100,50,75,['none'],7777777,False,[],50,0,10,0.5,0.6,0.2,0.2,<class 'torch.optim.adam.Adam'>,0.01,<function cross_entropy at 0x000001C84AF6F880>,5,tolokers_bid,2.7263157894736842,GREEDY,REPLAY,1,0.1,241028140006
23,round_2,seed_prev_pred,0.0,0.0,0.0,0.3991811668372569,0.6786066857298476,0,69,390,128,0.18733690679073334,0.06244563559691111,0.30366092920303345,0.10122030973434448,0.586644172668457,0.19554805755615234,0.35921400785446167,428,280,0.44320711493492126,0,12932,1248078,cuda:0,True,False,False,ADVER,NODE,INDUCTIVE,False,3,1,128,459,0,0,REAGE,0.02727929920054431,0.09772070079945569,8,0.5,NONE,False,False,XGB-SP,temporal,64,2,64,2,2,0.1,LeakyReLU,layer,<class 'models.benchmarks_supervised.booster.GIN_noparam'>,<class 'xgboost.sklearn.XGBClassifier'>,<function average_precision_score at 0x000001C8520A5760>,500,7,mean_final,normal,1,1,1,1,1,1,1,round,ndist,True,0.1,0,NONE,0.05,7,OR,100,50,75,['none'],7777777,False,[],50,0,10,0.5,0.6,0.2,0.2,<class 'torch.optim.adam.Adam'>,0.01,<function cross_entropy at 0x000001C84AF6F880>,5,tolokers_bid,2.7263157894736842,GREEDY,REPLAY,1,0.1,241028140006
0,round_0,val_set_best,6.275032997131348,0.500990099009901,0.5049900199600799,0.6838869433480244,0.8053670120666642,253,248,1599,252,0.29282963275909424,0.09760987758636475,0.4205735921859741,0.1401911973953247,0.6657270193099976,0.22190900643666583,0.45971009135246277,534,534,0.0,1,12932,1244028,cuda:0,True,False,False,ADVER,NODE,INDUCTIVE,False,3,1,128,459,0,0,REAGE,0.02727929920054431,0.09772070079945569,8,0.5,NONE,False,False,XGB-SP,temporal,64,2,64,2,2,0.1,LeakyReLU,layer,<class 'models.benchmarks_supervised.booster.GIN_noparam'>,<class 'xgboost.sklearn.XGBClassifier'>,<function average_precision_score at 0x000001C8520A5760>,500,7,mean_final,normal,1,1,1,1,1,1,1,round,ndist,True,0.1,0,NONE,0.05,7,OR,100,50,75,['none'],7777777,False,[],50,0,10,0.5,0.6,0.2,0.2,<class 'torch.optim.adam.Adam'>,0.01,<function cross_entropy at 0x000001C84AF6F880>,5,tolokers_bid,2.7263157894736842,GREEDY,REPLAY,1,0.1,241028140006
1,round_0,entire_graph,0.0,0.6266562743569758,0.47017543859649125,0.6896193799984713,0.8120576527286257,1608,1812,7380,958,0.29282963275909424,0.09760987758636475,0.4205735921859741,0.1401911973953247,0.6657270193099976,0.22190900643666583,0.45971009135246277,534,534,0.0,1,12932,1244028,cuda:0,True,False,False,ADVER,NODE,INDUCTIVE,False,3,1,128,459,0,0,REAGE,0.02727929920054431,0.09772070079945569,8,0.5,NONE,False,False,XGB-SP,temporal,64,2,64,2,2,0.1,LeakyReLU,layer,<class 'models.benchmarks_supervised.booster.GIN_noparam'>,<class 'xgboost.sklearn.XGBClassifier'>,<function average_precision_score at 0x000001C8520A5760>,500,7,mean_final,normal,1,1,1,1,1,1,1,round,ndist,True,0.1,0,NONE,0.05,7,OR,100,50,75,['none'],7777777,False,[],50,0,10,0.5,0.6,0.2,0.2,<class 'torch.optim.adam.Adam'>,0.01,<function cross_entropy at 0x000001C84AF6F880>,5,tolokers_bid,2.7263157894736842,GREEDY,REPLAY,1,0.1,241028140006
2,round_0,train_set,0.0,0.7159841479524438,0.5221579961464354,0.7343514579860708,0.8632591599940865,542,496,2274,215,0.29282963275909424,0.09760987758636475,0.4205735921859741,0.1401911973953247,0.6657270193099976,0.22190900643666583,0.45971009135246277,534,534,0.0,1,12932,1244028,cuda:0,True,False,False,ADVER,NODE,INDUCTIVE,False,3,1,128,459,0,0,REAGE,0.02727929920054431,0.09772070079945569,8,0.5,NONE,False,False,XGB-SP,temporal,64,2,64,2,2,0.1,LeakyReLU,layer,<class 'models.benchmarks_supervised.booster.GIN_noparam'>,<class 'xgboost.sklearn.XGBClassifier'>,<function average_precision_score at 0x000001C8520A5760>,500,7,mean_final,normal,1,1,1,1,1,1,1,round,ndist,True,0.1,0,NONE,0.05,7,OR,100,50,75,['none'],7777777,False,[],50,0,10,0.5,0.6,0.2,0.2,<class 'torch.optim.adam.Adam'>,0.01,<function cross_entropy at 0x000001C84AF6F880>,5,tolokers_bid,2.7263157894736842,GREEDY,REPLAY,1,0.1,241028140006
3,round_0,val_set,0.0,0.5861386138613861,0.4398216939078752,0.6681763508913172,0.7982969439337004,296,377,1470,209,0.29282963275909424,0.09760987758636475,0.4205735921859741,0.1401911973953247,0.6657270193099976,0.22190900643666583,0.45971009135246277,534,534,0.0,1,12932,1244028,cuda:0,True,False,False,ADVER,NODE,INDUCTIVE,False,3,1,128,459,0,0,REAGE,0.02727929920054431,0.09772070079945569,8,0.5,NONE,False,False,XGB-SP,temporal,64,2,64,2,2,0.1,LeakyReLU,layer,<class 'models.benchmarks_supervised.booster.GIN_noparam'>,<class 'xgboost.sklearn.XGBClassifier'>,<function average_precision_score at 0x000001C8520A5760>,500,7,mean_final,normal,1,1,1,1,1,1,1,round,ndist,True,0.1,0,NONE,0.05,7,OR,100,50,75,['none'],7777777,False,[],50,0,10,0.5,0.6,0.2,0.2,<class 'torch.optim.adam.Adam'>,0.01,<function cross_entropy at 0x000001C84AF6F880>,5,tolokers_bid,2.7263157894736842,GREEDY,REPLAY,1,0.1,241028140006
4,round_0,test_set,0.0,0.5904907975460123,0.4505558806319485,0.671339689248249,0.7892706761876027,770,939,3636,534,0.29282963275909424,0.09760987758636475,0.4205735921859741,0.1401911973953247,0.6657270193099976,0.22190900643666583,0.45971009135246277,534,534,0.0,1,12932,1244028,cuda:0,True,False,False,ADVER,NODE,INDUCTIVE,False,3,1,128,459,0,0,REAGE,0.02727929920054431,0.09772070079945569,8,0.5,NONE,False,False,XGB-SP,temporal,64,2,64,2,2,0.1,LeakyReLU,layer,<class 'models.benchmarks_supervised.booster.GIN_noparam'>,<class 'xgboost.sklearn.XGBClassifier'>,<function average_precision_score at 0x000001C8520A5760>,500,7,mean_final,normal,1,1,1,1,1,1,1,round,ndist,True,0.1,0,NONE,0.05,7,OR,100,50,75,['none'],7777777,False,[],50,0,10,0.5,0.6,0.2,0.2,<class 'torch.optim.adam.Adam'>,0.01,<function cross_entropy at 0x000001C84AF6F880>,5,tolokers_bid,2.7263157894736842,GREEDY,REPLAY,1,0.1,241028140006
5,round_1,val_set_best,5.302275896072388,0.5658056580565806,0.5281285878300803,0.6861035386943879,0.7978873445954432,460,411,1812,353,0.24416300654411316,0.08138766884803772,0.3101159930229187,0.10337199767430623,0.5619994401931763,0.18733314673105875,0.3720928430557251,492,396,0.1733870953321457,1,12932,1244028,cuda:0,True,False,False,ADVER,NODE,INDUCTIVE,False,3,1,128,459,0,0,REAGE,0.02727929920054431,0.09772070079945569,8,0.5,NONE,False,False,XGB-SP,temporal,64,2,64,2,2,0.1,LeakyReLU,layer,<class 'models.benchmarks_supervised.booster.GIN_noparam'>,<class 'xgboost.sklearn.XGBClassifier'>,<function average_precision_score at 0x000001C8520A5760>,500,7,mean_final,normal,1,1,1,1,1,1,1,round,ndist,True,0.1,0,NONE,0.05,7,OR,100,50,75,['none'],7777777,False,[],50,0,10,0.5,0.6,0.2,0.2,<class 'torch.optim.adam.Adam'>,0.01,<function cross_entropy at 0x000001C84AF6F880>,5,tolokers_bid,2.7263157894736842,GREEDY,REPLAY,1,0.1,241028140006
6,round_1,entire_graph,0.0,0.5861172976985894,0.5700361010830325,0.7290115576774314,0.843060179630654,1579,1191,8460,1115,0.24416300654411316,0.08138766884803772,0.3101159930229187,0.10337199767430623,0.5619994401931763,0.18733314673105875,0.3720928430557251,492,396,0.1733870953321457,1,12932,1244028,cuda:0,True,False,False,ADVER,NODE,INDUCTIVE,False,3,1,128,459,0,0,REAGE,0.02727929920054431,0.09772070079945569,8,0.5,NONE,False,False,XGB-SP,temporal,64,2,64,2,2,0.1,LeakyReLU,layer,<class 'models.benchmarks_supervised.booster.GIN_noparam'>,<class 'xgboost.sklearn.XGBClassifier'>,<function average_precision_score at 0x000001C8520A5760>,500,7,mean_final,normal,1,1,1,1,1,1,1,round,ndist,True,0.1,0,NONE,0.05,7,OR,100,50,75,['none'],7777777,False,[],50,0,10,0.5,0.6,0.2,0.2,<class 'torch.optim.adam.Adam'>,0.01,<function cross_entropy at 0x000001C84AF6F880>,5,tolokers_bid,2.7263157894736842,GREEDY,REPLAY,1,0.1,241028140006
7,round_1,train_set,0.0,0.7703035274815423,0.6765129682997119,0.8040813029931668,0.9098959937010929,939,449,2884,280,0.24416300654411316,0.08138766884803772,0.3101159930229187,0.10337199767430623,0.5619994401931763,0.18733314673105875,0.3720928430557251,492,396,0.1733870953321457,1,12932,1244028,cuda:0,True,False,False,ADVER,NODE,INDUCTIVE,False,3,1,128,459,0,0,REAGE,0.02727929920054431,0.09772070079945569,8,0.5,NONE,False,False,XGB-SP,temporal,64,2,64,2,2,0.1,LeakyReLU,layer,<class 'models.benchmarks_supervised.booster.GIN_noparam'>,<class 'xgboost.sklearn.XGBClassifier'>,<function average_precision_score at 0x000001C8520A5760>,500,7,mean_final,normal,1,1,1,1,1,1,1,round,ndist,True,0.1,0,NONE,0.05,7,OR,100,50,75,['none'],7777777,False,[],50,0,10,0.5,0.6,0.2,0.2,<class 'torch.optim.adam.Adam'>,0.01,<function cross_entropy at 0x000001C84AF6F880>,5,tolokers_bid,2.7263157894736842,GREEDY,REPLAY,1,0.1,241028140006
8,round_1,val_set,0.0,0.5781057810578106,0.5193370165745856,0.6842307904149798,0.7907396617825827,470,435,1788,343,0.24416300654411316,0.08138766884803772,0.3101159930229187,0.10337199767430623,0.5619994401931763,0.18733314673105875,0.3720928430557251,492,396,0.1733870953321457,1,12932,1244028,cuda:0,True,False,False,ADVER,NODE,INDUCTIVE,False,3,1,128,459,0,0,REAGE,0.02727929920054431,0.09772070079945569,8,0.5,NONE,False,False,XGB-SP,temporal,64,2,64,2,2,0.1,LeakyReLU,layer,<class 'models.benchmarks_supervised.booster.GIN_noparam'>,<class 'xgboost.sklearn.XGBClassifier'>,<function average_precision_score at 0x000001C8520A5760>,500,7,mean_final,normal,1,1,1,1,1,1,1,round,ndist,True,0.1,0,NONE,0.05,7,OR,100,50,75,['none'],7777777,False,[],50,0,10,0.5,0.6,0.2,0.2,<class 'torch.optim.adam.Adam'>,0.01,<function cross_entropy at 0x000001C84AF6F880>,5,tolokers_bid,2.7263157894736842,GREEDY,REPLAY,1,0.1,241028140006
9,round_1,test_set,0.0,0.256797583081571,0.35639412997903563,0.6015522388059701,0.7763297293508774,170,307,3788,492,0.24416300654411316,0.08138766884803772,0.3101159930229187,0.10337199767430623,0.5619994401931763,0.18733314673105875,0.3720928430557251,492,396,0.1733870953321457,1,12932,1244028,cuda:0,True,False,False,ADVER,NODE,INDUCTIVE,False,3,1,128,459,0,0,REAGE,0.02727929920054431,0.09772070079945569,8,0.5,NONE,False,False,XGB-SP,temporal,64,2,64,2,2,0.1,LeakyReLU,layer,<class 'models.benchmarks_supervised.booster.GIN_noparam'>,<class 'xgboost.sklearn.XGBClassifier'>,<function average_precision_score at 0x000001C8520A5760>,500,7,mean_final,normal,1,1,1,1,1,1,1,round,ndist,True,0.1,0,NONE,0.05,7,OR,100,50,75,['none'],7777777,False,[],50,0,10,0.5,0.6,0.2,0.2,<class 'torch.optim.adam.Adam'>,0.01,<function cross_entropy at 0x000001C84AF6F880>,5,tolokers_bid,2.7263157894736842,GREEDY,REPLAY,1,0.1,241028140006
10,round_1,round_0_nodes,0.0,0.5544478527607362,0.5657276995305164,0.7181148815790628,0.8310067384089309,723,555,4020,581,0.24416300654411316,0.08138766884803772,0.3101159930229187,0.10337199767430623,0.5619994401931763,0.18733314673105875,0.3720928430557251,492,396,0.1733870953321457,1,12932,1244028,cuda:0,True,False,False,ADVER,NODE,INDUCTIVE,False,3,1,128,459,0,0,REAGE,0.02727929920054431,0.09772070079945569,8,0.5,NONE,False,False,XGB-SP,temporal,64,2,64,2,2,0.1,LeakyReLU,layer,<class 'models.benchmarks_supervised.booster.GIN_noparam'>,<class 'xgboost.sklearn.XGBClassifier'>,<function average_precision_score at 0x000001C8520A5760>,500,7,mean_final,normal,1,1,1,1,1,1,1,round,ndist,True,0.1,0,NONE,0.05,7,OR,100,50,75,['none'],7777777,False,[],50,0,10,0.5,0.6,0.2,0.2,<class 'torch.optim.adam.Adam'>,0.01,<function cross_entropy at 0x000001C84AF6F880>,5,tolokers_bid,2.7263157894736842,GREEDY,REPLAY,1,0.1,241028140006
11,round_1,round_1_nodes,0.0,0.25,0.34408602150537637,0.5624249215385565,0.6953890931372548,32,61,398,96,0.24416300654411316,0.08138766884803772,0.3101159930229187,0.10337199767430623,0.5619994401931763,0.18733314673105875,0.3720928430557251,492,396,0.1733870953321457,1,12932,1244028,cuda:0,True,False,False,ADVER,NODE,INDUCTIVE,False,3,1,128,459,0,0,REAGE,0.02727929920054431,0.09772070079945569,8,0.5,NONE,False,False,XGB-SP,temporal,64,2,64,2,2,0.1,LeakyReLU,layer,<class 'models.benchmarks_supervised.booster.GIN_noparam'>,<class 'xgboost.sklearn.XGBClassifier'>,<function average_precision_score at 0x000001C8520A5760>,500,7,mean_final,normal,1,1,1,1,1,1,1,round,ndist,True,0.1,0,NONE,0.05,7,OR,100,50,75,['none'],7777777,False,[],50,0,10,0.5,0.6,0.2,0.2,<class 'torch.optim.adam.Adam'>,0.01,<function cross_entropy at 0x000001C84AF6F880>,5,tolokers_bid,2.7263157894736842,GREEDY,REPLAY,1,0.1,241028140006
12,round_1,seed_current_pred,0.0,0.265625,0.3655913978494624,0.5735733311808863,0.6725898692810458,34,59,400,94,0.24416300654411316,0.08138766884803772,0.3101159930229187,0.10337199767430623,0.5619994401931763,0.18733314673105875,0.3720928430557251,492,396,0.1733870953321457,1,12932,1244028,cuda:0,True,False,False,ADVER,NODE,INDUCTIVE,False,3,1,128,459,0,0,REAGE,0.02727929920054431,0.09772070079945569,8,0.5,NONE,False,False,XGB-SP,temporal,64,2,64,2,2,0.1,LeakyReLU,layer,<class 'models.benchmarks_supervised.booster.GIN_noparam'>,<class 'xgboost.sklearn.XGBClassifier'>,<function average_precision_score at 0x000001C8520A5760>,500,7,mean_final,normal,1,1,1,1,1,1,1,round,ndist,True,0.1,0,NONE,0.05,7,OR,100,50,75,['none'],7777777,False,[],50,0,10,0.5,0.6,0.2,0.2,<class 'torch.optim.adam.Adam'>,0.01,<function cross_entropy at 0x000001C84AF6F880>,5,tolokers_bid,2.7263157894736842,GREEDY,REPLAY,1,0.1,241028140006
13,round_1,seed_prev_pred,0.0,0.0,0.0,0.37817796610169496,0.6725898692810458,0,102,357,128,0.24416300654411316,0.08138766884803772,0.3101159930229187,0.10337199767430623,0.5619994401931763,0.18733314673105875,0.3720928430557251,492,396,0.1733870953321457,1,12932,1244028,cuda:0,True,False,False,ADVER,NODE,INDUCTIVE,False,3,1,128,459,0,0,REAGE,0.02727929920054431,0.09772070079945569,8,0.5,NONE,False,False,XGB-SP,temporal,64,2,64,2,2,0.1,LeakyReLU,layer,<class 'models.benchmarks_supervised.booster.GIN_noparam'>,<class 'xgboost.sklearn.XGBClassifier'>,<function average_precision_score at 0x000001C8520A5760>,500,7,mean_final,normal,1,1,1,1,1,1,1,round,ndist,True,0.1,0,NONE,0.05,7,OR,100,50,75,['none'],7777777,False,[],50,0,10,0.5,0.6,0.2,0.2,<class 'torch.optim.adam.Adam'>,0.01,<function cross_entropy at 0x000001C84AF6F880>,5,tolokers_bid,2.7263157894736842,GREEDY,REPLAY,1,0.1,241028140006
14,round_2,val_set_best,5.913353204727173,0.583427922814983,0.49423076923076925,0.6690256065824982,0.7658950262470684,514,526,1819,367,0.2276993691921234,0.0758997897307078,0.30725961923599243,0.10241987307866414,0.582668125629425,0.19422270854314166,0.3725423812866211,469,302,0.33243486285209656,1,12932,1244028,cuda:0,True,False,False,ADVER,NODE,INDUCTIVE,False,3,1,128,459,0,0,REAGE,0.02727929920054431,0.09772070079945569,8,0.5,NONE,False,False,XGB-SP,temporal,64,2,64,2,2,0.1,LeakyReLU,layer,<class 'models.benchmarks_supervised.booster.GIN_noparam'>,<class 'xgboost.sklearn.XGBClassifier'>,<function average_precision_score at 0x000001C8520A5760>,500,7,mean_final,normal,1,1,1,1,1,1,1,round,ndist,True,0.1,0,NONE,0.05,7,OR,100,50,75,['none'],7777777,False,[],50,0,10,0.5,0.6,0.2,0.2,<class 'torch.optim.adam.Adam'>,0.01,<function cross_entropy at 0x000001C84AF6F880>,5,tolokers_bid,2.7263157894736842,GREEDY,REPLAY,1,0.1,241028140006
15,round_2,entire_graph,0.0,0.6194188518781006,0.5255562236921226,0.7170650827963985,0.8288291584911822,1748,1578,8532,1074,0.2276993691921234,0.0758997897307078,0.30725961923599243,0.10241987307866414,0.582668125629425,0.19422270854314166,0.3725423812866211,469,302,0.33243486285209656,1,12932,1244028,cuda:0,True,False,False,ADVER,NODE,INDUCTIVE,False,3,1,128,459,0,0,REAGE,0.02727929920054431,0.09772070079945569,8,0.5,NONE,False,False,XGB-SP,temporal,64,2,64,2,2,0.1,LeakyReLU,layer,<class 'models.benchmarks_supervised.booster.GIN_noparam'>,<class 'xgboost.sklearn.XGBClassifier'>,<function average_precision_score at 0x000001C8520A5760>,500,7,mean_final,normal,1,1,1,1,1,1,1,round,ndist,True,0.1,0,NONE,0.05,7,OR,100,50,75,['none'],7777777,False,[],50,0,10,0.5,0.6,0.2,0.2,<class 'torch.optim.adam.Adam'>,0.01,<function cross_entropy at 0x000001C84AF6F880>,5,tolokers_bid,2.7263157894736842,GREEDY,REPLAY,1,0.1,241028140006
16,round_2,train_set,0.0,0.7910673732021196,0.6329497274379164,0.7858530698488608,0.8877480538069812,1045,606,2912,276,0.2276993691921234,0.0758997897307078,0.30725961923599243,0.10241987307866414,0.582668125629425,0.19422270854314166,0.3725423812866211,469,302,0.33243486285209656,1,12932,1244028,cuda:0,True,False,False,ADVER,NODE,INDUCTIVE,False,3,1,128,459,0,0,REAGE,0.02727929920054431,0.09772070079945569,8,0.5,NONE,False,False,XGB-SP,temporal,64,2,64,2,2,0.1,LeakyReLU,layer,<class 'models.benchmarks_supervised.booster.GIN_noparam'>,<class 'xgboost.sklearn.XGBClassifier'>,<function average_precision_score at 0x000001C8520A5760>,500,7,mean_final,normal,1,1,1,1,1,1,1,round,ndist,True,0.1,0,NONE,0.05,7,OR,100,50,75,['none'],7777777,False,[],50,0,10,0.5,0.6,0.2,0.2,<class 'torch.optim.adam.Adam'>,0.01,<function cross_entropy at 0x000001C84AF6F880>,5,tolokers_bid,2.7263157894736842,GREEDY,REPLAY,1,0.1,241028140006
17,round_2,val_set,0.0,0.626560726447219,0.4709897610921502,0.6610093933804864,0.7626488120448511,552,620,1725,329,0.2276993691921234,0.0758997897307078,0.30725961923599243,0.10241987307866414,0.582668125629425,0.19422270854314166,0.3725423812866211,469,302,0.33243486285209656,1,12932,1244028,cuda:0,True,False,False,ADVER,NODE,INDUCTIVE,False,3,1,128,459,0,0,REAGE,0.02727929920054431,0.09772070079945569,8,0.5,NONE,False,False,XGB-SP,temporal,64,2,64,2,2,0.1,LeakyReLU,layer,<class 'models.benchmarks_supervised.booster.GIN_noparam'>,<class 'xgboost.sklearn.XGBClassifier'>,<function average_precision_score at 0x000001C8520A5760>,500,7,mean_final,normal,1,1,1,1,1,1,1,round,ndist,True,0.1,0,NONE,0.05,7,OR,100,50,75,['none'],7777777,False,[],50,0,10,0.5,0.6,0.2,0.2,<class 'torch.optim.adam.Adam'>,0.01,<function cross_entropy at 0x000001C84AF6F880>,5,tolokers_bid,2.7263157894736842,GREEDY,REPLAY,1,0.1,241028140006
18,round_2,test_set,0.0,0.2435483870967742,0.30019880715705766,0.5867896816110355,0.7634155419005446,151,352,3895,469,0.2276993691921234,0.0758997897307078,0.30725961923599243,0.10241987307866414,0.582668125629425,0.19422270854314166,0.3725423812866211,469,302,0.33243486285209656,1,12932,1244028,cuda:0,True,False,False,ADVER,NODE,INDUCTIVE,False,3,1,128,459,0,0,REAGE,0.02727929920054431,0.09772070079945569,8,0.5,NONE,False,False,XGB-SP,temporal,64,2,64,2,2,0.1,LeakyReLU,layer,<class 'models.benchmarks_supervised.booster.GIN_noparam'>,<class 'xgboost.sklearn.XGBClassifier'>,<function average_precision_score at 0x000001C8520A5760>,500,7,mean_final,normal,1,1,1,1,1,1,1,round,ndist,True,0.1,0,NONE,0.05,7,OR,100,50,75,['none'],7777777,False,[],50,0,10,0.5,0.6,0.2,0.2,<class 'torch.optim.adam.Adam'>,0.01,<function cross_entropy at 0x000001C84AF6F880>,5,tolokers_bid,2.7263157894736842,GREEDY,REPLAY,1,0.1,241028140006
19,round_2,round_0_nodes,0.0,0.6142638036809815,0.5379449294828744,0.7203634135134666,0.8289880653055751,801,688,3887,503,0.2276993691921234,0.0758997897307078,0.30725961923599243,0.10241987307866414,0.582668125629425,0.19422270854314166,0.3725423812866211,469,302,0.33243486285209656,1,12932,1244028,cuda:0,True,False,False,ADVER,NODE,INDUCTIVE,False,3,1,128,459,0,0,REAGE,0.02727929920054431,0.09772070079945569,8,0.5,NONE,False,False,XGB-SP,temporal,64,2,64,2,2,0.1,LeakyReLU,layer,<class 'models.benchmarks_supervised.booster.GIN_noparam'>,<class 'xgboost.sklearn.XGBClassifier'>,<function average_precision_score at 0x000001C8520A5760>,500,7,mean_final,normal,1,1,1,1,1,1,1,round,ndist,True,0.1,0,NONE,0.05,7,OR,100,50,75,['none'],7777777,False,[],50,0,10,0.5,0.6,0.2,0.2,<class 'torch.optim.adam.Adam'>,0.01,<function cross_entropy at 0x000001C84AF6F880>,5,tolokers_bid,2.7263157894736842,GREEDY,REPLAY,1,0.1,241028140006
20,round_2,round_1_nodes,0.0,0.3671875,0.3884297520661157,0.6049712362965375,0.6963762935729847,47,74,385,81,0.2276993691921234,0.0758997897307078,0.30725961923599243,0.10241987307866414,0.582668125629425,0.19422270854314166,0.3725423812866211,469,302,0.33243486285209656,1,12932,1244028,cuda:0,True,False,False,ADVER,NODE,INDUCTIVE,False,3,1,128,459,0,0,REAGE,0.02727929920054431,0.09772070079945569,8,0.5,NONE,False,False,XGB-SP,temporal,64,2,64,2,2,0.1,LeakyReLU,layer,<class 'models.benchmarks_supervised.booster.GIN_noparam'>,<class 'xgboost.sklearn.XGBClassifier'>,<function average_precision_score at 0x000001C8520A5760>,500,7,mean_final,normal,1,1,1,1,1,1,1,round,ndist,True,0.1,0,NONE,0.05,7,OR,100,50,75,['none'],7777777,False,[],50,0,10,0.5,0.6,0.2,0.2,<class 'torch.optim.adam.Adam'>,0.01,<function cross_entropy at 0x000001C84AF6F880>,5,tolokers_bid,2.7263157894736842,GREEDY,REPLAY,1,0.1,241028140006
21,round_2,round_2_nodes,0.0,0.2421875,0.3229166666666667,0.5531296992481203,0.7061887254901961,31,65,394,97,0.2276993691921234,0.0758997897307078,0.30725961923599243,0.10241987307866414,0.582668125629425,0.19422270854314166,0.3725423812866211,469,302,0.33243486285209656,1,12932,1244028,cuda:0,True,False,False,ADVER,NODE,INDUCTIVE,False,3,1,128,459,0,0,REAGE,0.02727929920054431,0.09772070079945569,8,0.5,NONE,False,False,XGB-SP,temporal,64,2,64,2,2,0.1,LeakyReLU,layer,<class 'models.benchmarks_supervised.booster.GIN_noparam'>,<class 'xgboost.sklearn.XGBClassifier'>,<function average_precision_score at 0x000001C8520A5760>,500,7,mean_final,normal,1,1,1,1,1,1,1,round,ndist,True,0.1,0,NONE,0.05,7,OR,100,50,75,['none'],7777777,False,[],50,0,10,0.5,0.6,0.2,0.2,<class 'torch.optim.adam.Adam'>,0.01,<function cross_entropy at 0x000001C84AF6F880>,5,tolokers_bid,2.7263157894736842,GREEDY,REPLAY,1,0.1,241028140006
22,round_2,seed_current_pred,0.0,0.265625,0.3177570093457944,0.5557564634173974,0.6752791394335511,34,73,386,94,0.2276993691921234,0.0758997897307078,0.30725961923599243,0.10241987307866414,0.582668125629425,0.19422270854314166,0.3725423812866211,469,302,0.33243486285209656,1,12932,1244028,cuda:0,True,False,False,ADVER,NODE,INDUCTIVE,False,3,1,128,459,0,0,REAGE,0.02727929920054431,0.09772070079945569,8,0.5,NONE,False,False,XGB-SP,temporal,64,2,64,2,2,0.1,LeakyReLU,layer,<class 'models.benchmarks_supervised.booster.GIN_noparam'>,<class 'xgboost.sklearn.XGBClassifier'>,<function average_precision_score at 0x000001C8520A5760>,500,7,mean_final,normal,1,1,1,1,1,1,1,round,ndist,True,0.1,0,NONE,0.05,7,OR,100,50,75,['none'],7777777,False,[],50,0,10,0.5,0.6,0.2,0.2,<class 'torch.optim.adam.Adam'>,0.01,<function cross_entropy at 0x000001C84AF6F880>,5,tolokers_bid,2.7263157894736842,GREEDY,REPLAY,1,0.1,241028140006
23,round_2,seed_prev_pred,0.0,0.0,0.0,0.41533864541832677,0.6752791394335511,0,42,417,128,0.2276993691921234,0.0758997897307078,0.30725961923599243,0.10241987307866414,0.582668125629425,0.19422270854314166,0.3725423812866211,469,302,0.33243486285209656,1,12932,1244028,cuda:0,True,False,False,ADVER,NODE,INDUCTIVE,False,3,1,128,459,0,0,REAGE,0.02727929920054431,0.09772070079945569,8,0.5,NONE,False,False,XGB-SP,temporal,64,2,64,2,2,0.1,LeakyReLU,layer,<class 'models.benchmarks_supervised.booster.GIN_noparam'>,<class 'xgboost.sklearn.XGBClassifier'>,<function average_precision_score at 0x000001C8520A5760>,500,7,mean_final,normal,1,1,1,1,1,1,1,round,ndist,True,0.1,0,NONE,0.05,7,OR,100,50,75,['none'],7777777,False,[],50,0,10,0.5,0.6,0.2,0.2,<class 'torch.optim.adam.Adam'>,0.01,<function cross_entropy at 0x000001C84AF6F880>,5,tolokers_bid,2.7263157894736842,GREEDY,REPLAY,1,0.1,241028140006
0,round_0,val_set_best,6.072216987609863,0.6173076923076923,0.4409340659340659,0.6695379273504274,0.7969416568693316,321,407,1425,199,0.2548188865184784,0.0849396288394928,0.4392443895339966,0.14641479651133218,0.6640760898590088,0.2213586966196696,0.45271313190460205,531,531,0.0,2,12932,1280900,cuda:0,True,False,False,ADVER,NODE,INDUCTIVE,False,3,1,128,459,0,0,REAGE,0.02727929920054431,0.09772070079945569,8,0.5,NONE,False,False,XGB-SP,temporal,64,2,64,2,2,0.1,LeakyReLU,layer,<class 'models.benchmarks_supervised.booster.GIN_noparam'>,<class 'xgboost.sklearn.XGBClassifier'>,<function average_precision_score at 0x000001C8520A5760>,500,7,mean_final,normal,1,1,1,1,1,1,1,round,ndist,True,0.1,0,NONE,0.05,7,OR,100,50,75,['none'],7777777,False,[],50,0,10,0.5,0.6,0.2,0.2,<class 'torch.optim.adam.Adam'>,0.01,<function cross_entropy at 0x000001C84AF6F880>,5,tolokers_bid,2.7263157894736842,GREEDY,REPLAY,1,0.1,241028140006
1,round_0,entire_graph,0.0,0.6500389711613406,0.4429102496016994,0.6762497632550692,0.8031073650407315,1668,2098,7094,898,0.2548188865184784,0.0849396288394928,0.4392443895339966,0.14641479651133218,0.6640760898590088,0.2213586966196696,0.45271313190460205,531,531,0.0,2,12932,1280900,cuda:0,True,False,False,ADVER,NODE,INDUCTIVE,False,3,1,128,459,0,0,REAGE,0.02727929920054431,0.09772070079945569,8,0.5,NONE,False,False,XGB-SP,temporal,64,2,64,2,2,0.1,LeakyReLU,layer,<class 'models.benchmarks_supervised.booster.GIN_noparam'>,<class 'xgboost.sklearn.XGBClassifier'>,<function average_precision_score at 0x000001C8520A5760>,500,7,mean_final,normal,1,1,1,1,1,1,1,round,ndist,True,0.1,0,NONE,0.05,7,OR,100,50,75,['none'],7777777,False,[],50,0,10,0.5,0.6,0.2,0.2,<class 'torch.optim.adam.Adam'>,0.01,<function cross_entropy at 0x000001C84AF6F880>,5,tolokers_bid,2.7263157894736842,GREEDY,REPLAY,1,0.1,241028140006
2,round_0,train_set,0.0,0.7580025608194623,0.4844517184942717,0.7144836101618707,0.8453464613410451,592,630,2116,189,0.2548188865184784,0.0849396288394928,0.4392443895339966,0.14641479651133218,0.6640760898590088,0.2213586966196696,0.45271313190460205,531,531,0.0,2,12932,1280900,cuda:0,True,False,False,ADVER,NODE,INDUCTIVE,False,3,1,128,459,0,0,REAGE,0.02727929920054431,0.09772070079945569,8,0.5,NONE,False,False,XGB-SP,temporal,64,2,64,2,2,0.1,LeakyReLU,layer,<class 'models.benchmarks_supervised.booster.GIN_noparam'>,<class 'xgboost.sklearn.XGBClassifier'>,<function average_precision_score at 0x000001C8520A5760>,500,7,mean_final,normal,1,1,1,1,1,1,1,round,ndist,True,0.1,0,NONE,0.05,7,OR,100,50,75,['none'],7777777,False,[],50,0,10,0.5,0.6,0.2,0.2,<class 'torch.optim.adam.Adam'>,0.01,<function cross_entropy at 0x000001C84AF6F880>,5,tolokers_bid,2.7263157894736842,GREEDY,REPLAY,1,0.1,241028140006
3,round_0,val_set,0.0,0.6576923076923077,0.4170731707317073,0.6577209079454096,0.7865731021162244,342,478,1354,178,0.2548188865184784,0.0849396288394928,0.4392443895339966,0.14641479651133218,0.6640760898590088,0.2213586966196696,0.45271313190460205,531,531,0.0,2,12932,1280900,cuda:0,True,False,False,ADVER,NODE,INDUCTIVE,False,3,1,128,459,0,0,REAGE,0.02727929920054431,0.09772070079945569,8,0.5,NONE,False,False,XGB-SP,temporal,64,2,64,2,2,0.1,LeakyReLU,layer,<class 'models.benchmarks_supervised.booster.GIN_noparam'>,<class 'xgboost.sklearn.XGBClassifier'>,<function average_precision_score at 0x000001C8520A5760>,500,7,mean_final,normal,1,1,1,1,1,1,1,round,ndist,True,0.1,0,NONE,0.05,7,OR,100,50,75,['none'],7777777,False,[],50,0,10,0.5,0.6,0.2,0.2,<class 'torch.optim.adam.Adam'>,0.01,<function cross_entropy at 0x000001C84AF6F880>,5,tolokers_bid,2.7263157894736842,GREEDY,REPLAY,1,0.1,241028140006
4,round_0,test_set,0.0,0.5802371541501976,0.425754060324826,0.6588411128179308,0.7841741323451054,734,990,3624,531,0.2548188865184784,0.0849396288394928,0.4392443895339966,0.14641479651133218,0.6640760898590088,0.2213586966196696,0.45271313190460205,531,531,0.0,2,12932,1280900,cuda:0,True,False,False,ADVER,NODE,INDUCTIVE,False,3,1,128,459,0,0,REAGE,0.02727929920054431,0.09772070079945569,8,0.5,NONE,False,False,XGB-SP,temporal,64,2,64,2,2,0.1,LeakyReLU,layer,<class 'models.benchmarks_supervised.booster.GIN_noparam'>,<class 'xgboost.sklearn.XGBClassifier'>,<function average_precision_score at 0x000001C8520A5760>,500,7,mean_final,normal,1,1,1,1,1,1,1,round,ndist,True,0.1,0,NONE,0.05,7,OR,100,50,75,['none'],7777777,False,[],50,0,10,0.5,0.6,0.2,0.2,<class 'torch.optim.adam.Adam'>,0.01,<function cross_entropy at 0x000001C84AF6F880>,5,tolokers_bid,2.7263157894736842,GREEDY,REPLAY,1,0.1,241028140006
5,round_1,val_set_best,7.8864662647247314,0.5687960687960688,0.4469111969111969,0.6411535957308276,0.7181742089731318,463,573,1655,351,0.20962786674499512,0.06987595558166504,0.31931954622268677,0.10643984874089558,0.5606417059898376,0.1868805686632792,0.36319637298583984,478,383,0.13214285671710968,2,12932,1280900,cuda:0,True,False,False,ADVER,NODE,INDUCTIVE,False,3,1,128,459,0,0,REAGE,0.02727929920054431,0.09772070079945569,8,0.5,NONE,False,False,XGB-SP,temporal,64,2,64,2,2,0.1,LeakyReLU,layer,<class 'models.benchmarks_supervised.booster.GIN_noparam'>,<class 'xgboost.sklearn.XGBClassifier'>,<function average_precision_score at 0x000001C8520A5760>,500,7,mean_final,normal,1,1,1,1,1,1,1,round,ndist,True,0.1,0,NONE,0.05,7,OR,100,50,75,['none'],7777777,False,[],50,0,10,0.5,0.6,0.2,0.2,<class 'torch.optim.adam.Adam'>,0.01,<function cross_entropy at 0x000001C84AF6F880>,5,tolokers_bid,2.7263157894736842,GREEDY,REPLAY,1,0.1,241028140006
6,round_1,entire_graph,0.0,0.4576837416481069,0.460590212924916,0.654381137805583,0.7313984487723248,1233,1444,8207,1461,0.20962786674499512,0.06987595558166504,0.31931954622268677,0.10643984874089558,0.5606417059898376,0.1868805686632792,0.36319637298583984,478,383,0.13214285671710968,2,12932,1280900,cuda:0,True,False,False,ADVER,NODE,INDUCTIVE,False,3,1,128,459,0,0,REAGE,0.02727929920054431,0.09772070079945569,8,0.5,NONE,False,False,XGB-SP,temporal,64,2,64,2,2,0.1,LeakyReLU,layer,<class 'models.benchmarks_supervised.booster.GIN_noparam'>,<class 'xgboost.sklearn.XGBClassifier'>,<function average_precision_score at 0x000001C8520A5760>,500,7,mean_final,normal,1,1,1,1,1,1,1,round,ndist,True,0.1,0,NONE,0.05,7,OR,100,50,75,['none'],7777777,False,[],50,0,10,0.5,0.6,0.2,0.2,<class 'torch.optim.adam.Adam'>,0.01,<function cross_entropy at 0x000001C84AF6F880>,5,tolokers_bid,2.7263157894736842,GREEDY,REPLAY,1,0.1,241028140006
7,round_1,train_set,0.0,0.5487305487305487,0.5569409808811305,0.6954829627483501,0.7752425125179617,670,533,2807,551,0.20962786674499512,0.06987595558166504,0.31931954622268677,0.10643984874089558,0.5606417059898376,0.1868805686632792,0.36319637298583984,478,383,0.13214285671710968,2,12932,1280900,cuda:0,True,False,False,ADVER,NODE,INDUCTIVE,False,3,1,128,459,0,0,REAGE,0.02727929920054431,0.09772070079945569,8,0.5,NONE,False,False,XGB-SP,temporal,64,2,64,2,2,0.1,LeakyReLU,layer,<class 'models.benchmarks_supervised.booster.GIN_noparam'>,<class 'xgboost.sklearn.XGBClassifier'>,<function average_precision_score at 0x000001C8520A5760>,500,7,mean_final,normal,1,1,1,1,1,1,1,round,ndist,True,0.1,0,NONE,0.05,7,OR,100,50,75,['none'],7777777,False,[],50,0,10,0.5,0.6,0.2,0.2,<class 'torch.optim.adam.Adam'>,0.01,<function cross_entropy at 0x000001C84AF6F880>,5,tolokers_bid,2.7263157894736842,GREEDY,REPLAY,1,0.1,241028140006
8,round_1,val_set,0.0,0.4692874692874693,0.4675642594859241,0.6368620387360707,0.6969519605291598,382,435,1793,432,0.20962786674499512,0.06987595558166504,0.31931954622268677,0.10643984874089558,0.5606417059898376,0.1868805686632792,0.36319637298583984,478,383,0.13214285671710968,2,12932,1280900,cuda:0,True,False,False,ADVER,NODE,INDUCTIVE,False,3,1,128,459,0,0,REAGE,0.02727929920054431,0.09772070079945569,8,0.5,NONE,False,False,XGB-SP,temporal,64,2,64,2,2,0.1,LeakyReLU,layer,<class 'models.benchmarks_supervised.booster.GIN_noparam'>,<class 'xgboost.sklearn.XGBClassifier'>,<function average_precision_score at 0x000001C8520A5760>,500,7,mean_final,normal,1,1,1,1,1,1,1,round,ndist,True,0.1,0,NONE,0.05,7,OR,100,50,75,['none'],7777777,False,[],50,0,10,0.5,0.6,0.2,0.2,<class 'torch.optim.adam.Adam'>,0.01,<function cross_entropy at 0x000001C84AF6F880>,5,tolokers_bid,2.7263157894736842,GREEDY,REPLAY,1,0.1,241028140006
9,round_1,test_set,0.0,0.2746585735963581,0.2754946727549467,0.5791393651256739,0.6623707537489356,181,476,3607,478,0.20962786674499512,0.06987595558166504,0.31931954622268677,0.10643984874089558,0.5606417059898376,0.1868805686632792,0.36319637298583984,478,383,0.13214285671710968,2,12932,1280900,cuda:0,True,False,False,ADVER,NODE,INDUCTIVE,False,3,1,128,459,0,0,REAGE,0.02727929920054431,0.09772070079945569,8,0.5,NONE,False,False,XGB-SP,temporal,64,2,64,2,2,0.1,LeakyReLU,layer,<class 'models.benchmarks_supervised.booster.GIN_noparam'>,<class 'xgboost.sklearn.XGBClassifier'>,<function average_precision_score at 0x000001C8520A5760>,500,7,mean_final,normal,1,1,1,1,1,1,1,round,ndist,True,0.1,0,NONE,0.05,7,OR,100,50,75,['none'],7777777,False,[],50,0,10,0.5,0.6,0.2,0.2,<class 'torch.optim.adam.Adam'>,0.01,<function cross_entropy at 0x000001C84AF6F880>,5,tolokers_bid,2.7263157894736842,GREEDY,REPLAY,1,0.1,241028140006
10,round_1,round_0_nodes,0.0,0.4758893280632411,0.450261780104712,0.6550171105400322,0.7265680494662234,602,735,3879,663,0.20962786674499512,0.06987595558166504,0.31931954622268677,0.10643984874089558,0.5606417059898376,0.1868805686632792,0.36319637298583984,478,383,0.13214285671710968,2,12932,1280900,cuda:0,True,False,False,ADVER,NODE,INDUCTIVE,False,3,1,128,459,0,0,REAGE,0.02727929920054431,0.09772070079945569,8,0.5,NONE,False,False,XGB-SP,temporal,64,2,64,2,2,0.1,LeakyReLU,layer,<class 'models.benchmarks_supervised.booster.GIN_noparam'>,<class 'xgboost.sklearn.XGBClassifier'>,<function average_precision_score at 0x000001C8520A5760>,500,7,mean_final,normal,1,1,1,1,1,1,1,round,ndist,True,0.1,0,NONE,0.05,7,OR,100,50,75,['none'],7777777,False,[],50,0,10,0.5,0.6,0.2,0.2,<class 'torch.optim.adam.Adam'>,0.01,<function cross_entropy at 0x000001C84AF6F880>,5,tolokers_bid,2.7263157894736842,GREEDY,REPLAY,1,0.1,241028140006
11,round_1,round_1_nodes,0.0,0.2578125,0.308411214953271,0.5504361815421567,0.6136557053376908,33,74,385,95,0.20962786674499512,0.06987595558166504,0.31931954622268677,0.10643984874089558,0.5606417059898376,0.1868805686632792,0.36319637298583984,478,383,0.13214285671710968,2,12932,1280900,cuda:0,True,False,False,ADVER,NODE,INDUCTIVE,False,3,1,128,459,0,0,REAGE,0.02727929920054431,0.09772070079945569,8,0.5,NONE,False,False,XGB-SP,temporal,64,2,64,2,2,0.1,LeakyReLU,layer,<class 'models.benchmarks_supervised.booster.GIN_noparam'>,<class 'xgboost.sklearn.XGBClassifier'>,<function average_precision_score at 0x000001C8520A5760>,500,7,mean_final,normal,1,1,1,1,1,1,1,round,ndist,True,0.1,0,NONE,0.05,7,OR,100,50,75,['none'],7777777,False,[],50,0,10,0.5,0.6,0.2,0.2,<class 'torch.optim.adam.Adam'>,0.01,<function cross_entropy at 0x000001C84AF6F880>,5,tolokers_bid,2.7263157894736842,GREEDY,REPLAY,1,0.1,241028140006
12,round_1,seed_current_pred,0.0,0.2890625,0.38144329896907214,0.5848870155719471,0.6092473447712419,37,60,399,91,0.20962786674499512,0.06987595558166504,0.31931954622268677,0.10643984874089558,0.5606417059898376,0.1868805686632792,0.36319637298583984,478,383,0.13214285671710968,2,12932,1280900,cuda:0,True,False,False,ADVER,NODE,INDUCTIVE,False,3,1,128,459,0,0,REAGE,0.02727929920054431,0.09772070079945569,8,0.5,NONE,False,False,XGB-SP,temporal,64,2,64,2,2,0.1,LeakyReLU,layer,<class 'models.benchmarks_supervised.booster.GIN_noparam'>,<class 'xgboost.sklearn.XGBClassifier'>,<function average_precision_score at 0x000001C8520A5760>,500,7,mean_final,normal,1,1,1,1,1,1,1,round,ndist,True,0.1,0,NONE,0.05,7,OR,100,50,75,['none'],7777777,False,[],50,0,10,0.5,0.6,0.2,0.2,<class 'torch.optim.adam.Adam'>,0.01,<function cross_entropy at 0x000001C84AF6F880>,5,tolokers_bid,2.7263157894736842,GREEDY,REPLAY,1,0.1,241028140006
13,round_1,seed_prev_pred,0.0,0.0,0.0,0.38145416227608003,0.6092473447712419,0,97,362,128,0.20962786674499512,0.06987595558166504,0.31931954622268677,0.10643984874089558,0.5606417059898376,0.1868805686632792,0.36319637298583984,478,383,0.13214285671710968,2,12932,1280900,cuda:0,True,False,False,ADVER,NODE,INDUCTIVE,False,3,1,128,459,0,0,REAGE,0.02727929920054431,0.09772070079945569,8,0.5,NONE,False,False,XGB-SP,temporal,64,2,64,2,2,0.1,LeakyReLU,layer,<class 'models.benchmarks_supervised.booster.GIN_noparam'>,<class 'xgboost.sklearn.XGBClassifier'>,<function average_precision_score at 0x000001C8520A5760>,500,7,mean_final,normal,1,1,1,1,1,1,1,round,ndist,True,0.1,0,NONE,0.05,7,OR,100,50,75,['none'],7777777,False,[],50,0,10,0.5,0.6,0.2,0.2,<class 'torch.optim.adam.Adam'>,0.01,<function cross_entropy at 0x000001C84AF6F880>,5,tolokers_bid,2.7263157894736842,GREEDY,REPLAY,1,0.1,241028140006
14,round_2,val_set_best,8.024938106536865,0.48081264108352145,0.48464163822525597,0.6471000170217346,0.7248845659061927,426,453,1965,460,0.20526441931724548,0.06842147310574849,0.30284035205841064,0.10094678401947021,0.5814895033836365,0.19382983446121216,0.36319810152053833,495,305,0.24716445803642273,2,12932,1280900,cuda:0,True,False,False,ADVER,NODE,INDUCTIVE,False,3,1,128,459,0,0,REAGE,0.02727929920054431,0.09772070079945569,8,0.5,NONE,False,False,XGB-SP,temporal,64,2,64,2,2,0.1,LeakyReLU,layer,<class 'models.benchmarks_supervised.booster.GIN_noparam'>,<class 'xgboost.sklearn.XGBClassifier'>,<function average_precision_score at 0x000001C8520A5760>,500,7,mean_final,normal,1,1,1,1,1,1,1,round,ndist,True,0.1,0,NONE,0.05,7,OR,100,50,75,['none'],7777777,False,[],50,0,10,0.5,0.6,0.2,0.2,<class 'torch.optim.adam.Adam'>,0.01,<function cross_entropy at 0x000001C84AF6F880>,5,tolokers_bid,2.7263157894736842,GREEDY,REPLAY,1,0.1,241028140006
15,round_2,entire_graph,0.0,0.3678242381289865,0.49334600760456276,0.6426605595849425,0.7183603501105135,1038,1066,9044,1784,0.20526441931724548,0.06842147310574849,0.30284035205841064,0.10094678401947021,0.5814895033836365,0.19382983446121216,0.36319810152053833,495,305,0.24716445803642273,2,12932,1280900,cuda:0,True,False,False,ADVER,NODE,INDUCTIVE,False,3,1,128,459,0,0,REAGE,0.02727929920054431,0.09772070079945569,8,0.5,NONE,False,False,XGB-SP,temporal,64,2,64,2,2,0.1,LeakyReLU,layer,<class 'models.benchmarks_supervised.booster.GIN_noparam'>,<class 'xgboost.sklearn.XGBClassifier'>,<function average_precision_score at 0x000001C8520A5760>,500,7,mean_final,normal,1,1,1,1,1,1,1,round,ndist,True,0.1,0,NONE,0.05,7,OR,100,50,75,['none'],7777777,False,[],50,0,10,0.5,0.6,0.2,0.2,<class 'torch.optim.adam.Adam'>,0.01,<function cross_entropy at 0x000001C84AF6F880>,5,tolokers_bid,2.7263157894736842,GREEDY,REPLAY,1,0.1,241028140006
16,round_2,train_set,0.0,0.4496240601503759,0.5662878787878788,0.6715694059977382,0.7524305454756584,598,458,3168,732,0.20526441931724548,0.06842147310574849,0.30284035205841064,0.10094678401947021,0.5814895033836365,0.19382983446121216,0.36319810152053833,495,305,0.24716445803642273,2,12932,1280900,cuda:0,True,False,False,ADVER,NODE,INDUCTIVE,False,3,1,128,459,0,0,REAGE,0.02727929920054431,0.09772070079945569,8,0.5,NONE,False,False,XGB-SP,temporal,64,2,64,2,2,0.1,LeakyReLU,layer,<class 'models.benchmarks_supervised.booster.GIN_noparam'>,<class 'xgboost.sklearn.XGBClassifier'>,<function average_precision_score at 0x000001C8520A5760>,500,7,mean_final,normal,1,1,1,1,1,1,1,round,ndist,True,0.1,0,NONE,0.05,7,OR,100,50,75,['none'],7777777,False,[],50,0,10,0.5,0.6,0.2,0.2,<class 'torch.optim.adam.Adam'>,0.01,<function cross_entropy at 0x000001C84AF6F880>,5,tolokers_bid,2.7263157894736842,GREEDY,REPLAY,1,0.1,241028140006
17,round_2,val_set,0.0,0.37133182844243795,0.48525073746312686,0.6205483814047634,0.6934039194379251,329,349,2069,557,0.20526441931724548,0.06842147310574849,0.30284035205841064,0.10094678401947021,0.5814895033836365,0.19382983446121216,0.36319810152053833,495,305,0.24716445803642273,2,12932,1280900,cuda:0,True,False,False,ADVER,NODE,INDUCTIVE,False,3,1,128,459,0,0,REAGE,0.02727929920054431,0.09772070079945569,8,0.5,NONE,False,False,XGB-SP,temporal,64,2,64,2,2,0.1,LeakyReLU,layer,<class 'models.benchmarks_supervised.booster.GIN_noparam'>,<class 'xgboost.sklearn.XGBClassifier'>,<function average_precision_score at 0x000001C8520A5760>,500,7,mean_final,normal,1,1,1,1,1,1,1,round,ndist,True,0.1,0,NONE,0.05,7,OR,100,50,75,['none'],7777777,False,[],50,0,10,0.5,0.6,0.2,0.2,<class 'torch.optim.adam.Adam'>,0.01,<function cross_entropy at 0x000001C84AF6F880>,5,tolokers_bid,2.7263157894736842,GREEDY,REPLAY,1,0.1,241028140006
18,round_2,test_set,0.0,0.18316831683168316,0.3,0.568676926934771,0.6255480934222295,111,259,3807,495,0.20526441931724548,0.06842147310574849,0.30284035205841064,0.10094678401947021,0.5814895033836365,0.19382983446121216,0.36319810152053833,495,305,0.24716445803642273,2,12932,1280900,cuda:0,True,False,False,ADVER,NODE,INDUCTIVE,False,3,1,128,459,0,0,REAGE,0.02727929920054431,0.09772070079945569,8,0.5,NONE,False,False,XGB-SP,temporal,64,2,64,2,2,0.1,LeakyReLU,layer,<class 'models.benchmarks_supervised.booster.GIN_noparam'>,<class 'xgboost.sklearn.XGBClassifier'>,<function average_precision_score at 0x000001C8520A5760>,500,7,mean_final,normal,1,1,1,1,1,1,1,round,ndist,True,0.1,0,NONE,0.05,7,OR,100,50,75,['none'],7777777,False,[],50,0,10,0.5,0.6,0.2,0.2,<class 'torch.optim.adam.Adam'>,0.01,<function cross_entropy at 0x000001C84AF6F880>,5,tolokers_bid,2.7263157894736842,GREEDY,REPLAY,1,0.1,241028140006
19,round_2,round_0_nodes,0.0,0.38893280632411065,0.48472906403940885,0.6474206194955632,0.7135664612427205,492,523,4091,773,0.20526441931724548,0.06842147310574849,0.30284035205841064,0.10094678401947021,0.5814895033836365,0.19382983446121216,0.36319810152053833,495,305,0.24716445803642273,2,12932,1280900,cuda:0,True,False,False,ADVER,NODE,INDUCTIVE,False,3,1,128,459,0,0,REAGE,0.02727929920054431,0.09772070079945569,8,0.5,NONE,False,False,XGB-SP,temporal,64,2,64,2,2,0.1,LeakyReLU,layer,<class 'models.benchmarks_supervised.booster.GIN_noparam'>,<class 'xgboost.sklearn.XGBClassifier'>,<function average_precision_score at 0x000001C8520A5760>,500,7,mean_final,normal,1,1,1,1,1,1,1,round,ndist,True,0.1,0,NONE,0.05,7,OR,100,50,75,['none'],7777777,False,[],50,0,10,0.5,0.6,0.2,0.2,<class 'torch.optim.adam.Adam'>,0.01,<function cross_entropy at 0x000001C84AF6F880>,5,tolokers_bid,2.7263157894736842,GREEDY,REPLAY,1,0.1,241028140006
20,round_2,round_1_nodes,0.0,0.2265625,0.35365853658536583,0.5592570638213792,0.6143620642701525,29,53,406,99,0.20526441931724548,0.06842147310574849,0.30284035205841064,0.10094678401947021,0.5814895033836365,0.19382983446121216,0.36319810152053833,495,305,0.24716445803642273,2,12932,1280900,cuda:0,True,False,False,ADVER,NODE,INDUCTIVE,False,3,1,128,459,0,0,REAGE,0.02727929920054431,0.09772070079945569,8,0.5,NONE,False,False,XGB-SP,temporal,64,2,64,2,2,0.1,LeakyReLU,layer,<class 'models.benchmarks_supervised.booster.GIN_noparam'>,<class 'xgboost.sklearn.XGBClassifier'>,<function average_precision_score at 0x000001C8520A5760>,500,7,mean_final,normal,1,1,1,1,1,1,1,round,ndist,True,0.1,0,NONE,0.05,7,OR,100,50,75,['none'],7777777,False,[],50,0,10,0.5,0.6,0.2,0.2,<class 'torch.optim.adam.Adam'>,0.01,<function cross_entropy at 0x000001C84AF6F880>,5,tolokers_bid,2.7263157894736842,GREEDY,REPLAY,1,0.1,241028140006
21,round_2,round_2_nodes,0.0,0.1171875,0.2631578947368421,0.5027190992812833,0.5625170206971678,15,42,417,113,0.20526441931724548,0.06842147310574849,0.30284035205841064,0.10094678401947021,0.5814895033836365,0.19382983446121216,0.36319810152053833,495,305,0.24716445803642273,2,12932,1280900,cuda:0,True,False,False,ADVER,NODE,INDUCTIVE,False,3,1,128,459,0,0,REAGE,0.02727929920054431,0.09772070079945569,8,0.5,NONE,False,False,XGB-SP,temporal,64,2,64,2,2,0.1,LeakyReLU,layer,<class 'models.benchmarks_supervised.booster.GIN_noparam'>,<class 'xgboost.sklearn.XGBClassifier'>,<function average_precision_score at 0x000001C8520A5760>,500,7,mean_final,normal,1,1,1,1,1,1,1,round,ndist,True,0.1,0,NONE,0.05,7,OR,100,50,75,['none'],7777777,False,[],50,0,10,0.5,0.6,0.2,0.2,<class 'torch.optim.adam.Adam'>,0.01,<function cross_entropy at 0x000001C84AF6F880>,5,tolokers_bid,2.7263157894736842,GREEDY,REPLAY,1,0.1,241028140006
22,round_2,seed_current_pred,0.0,0.2421875,0.3780487804878049,0.5708555621418692,0.5918181508714597,31,51,408,97,0.20526441931724548,0.06842147310574849,0.30284035205841064,0.10094678401947021,0.5814895033836365,0.19382983446121216,0.36319810152053833,495,305,0.24716445803642273,2,12932,1280900,cuda:0,True,False,False,ADVER,NODE,INDUCTIVE,False,3,1,128,459,0,0,REAGE,0.02727929920054431,0.09772070079945569,8,0.5,NONE,False,False,XGB-SP,temporal,64,2,64,2,2,0.1,LeakyReLU,layer,<class 'models.benchmarks_supervised.booster.GIN_noparam'>,<class 'xgboost.sklearn.XGBClassifier'>,<function average_precision_score at 0x000001C8520A5760>,500,7,mean_final,normal,1,1,1,1,1,1,1,round,ndist,True,0.1,0,NONE,0.05,7,OR,100,50,75,['none'],7777777,False,[],50,0,10,0.5,0.6,0.2,0.2,<class 'torch.optim.adam.Adam'>,0.01,<function cross_entropy at 0x000001C84AF6F880>,5,tolokers_bid,2.7263157894736842,GREEDY,REPLAY,1,0.1,241028140006
23,round_2,seed_prev_pred,0.0,0.0,0.0,0.3967112024665982,0.5918181508714597,0,73,386,128,0.20526441931724548,0.06842147310574849,0.30284035205841064,0.10094678401947021,0.5814895033836365,0.19382983446121216,0.36319810152053833,495,305,0.24716445803642273,2,12932,1280900,cuda:0,True,False,False,ADVER,NODE,INDUCTIVE,False,3,1,128,459,0,0,REAGE,0.02727929920054431,0.09772070079945569,8,0.5,NONE,False,False,XGB-SP,temporal,64,2,64,2,2,0.1,LeakyReLU,layer,<class 'models.benchmarks_supervised.booster.GIN_noparam'>,<class 'xgboost.sklearn.XGBClassifier'>,<function average_precision_score at 0x000001C8520A5760>,500,7,mean_final,normal,1,1,1,1,1,1,1,round,ndist,True,0.1,0,NONE,0.05,7,OR,100,50,75,['none'],7777777,False,[],50,0,10,0.5,0.6,0.2,0.2,<class 'torch.optim.adam.Adam'>,0.01,<function cross_entropy at 0x000001C84AF6F880>,5,tolokers_bid,2.7263157894736842,GREEDY,REPLAY,1,0.1,241028140006
