,round,eval_type,time,rec,prec,f1,auc,tp,fp,tn,fn,recon_loss,weighted_recon_loss,disen_loss,weighted_disen_loss,temp_loss,weighted_temp_loss,final_loss,predicted_pos,predicted_pos_og,prediction_speed,trial,num_nodes,num_edges,device,save_df,save_embedding,save_temp_sne,exp_type,task_type,setting_type,full_oracle,round_num,node_expiration_time,round_new_pos,round_new_neg,round_budget_pos,round_budget_neg,augment_name,augment_pos_ratio,augment_neg_ratio,augment_round_split,augment_prob,pseudo_name,pseudo_skip_initial,pseudo_new_pos_only,model_name,embed_type,h_feats,num_layers,mlp_feats,mlp_layers,att_heads,dropout_rate,act_name,norm_name,boost_agg_backbone,boost_predictor,boost_metric,n_estimator,round_window,temporal_agg,tloss_type,alpha,beta,gamma,lambda_,lambda1,lambda2,k,training_type,loss_type,loss_sample,loss_sample_ratio,drop_rate,addon_name,addon_perc,addon_round_window,addon_internal_agg,num_epoch,num_round_epoch,early_stopping,etypes,random_state,round_reset_model,round_train_list,stuck_stopping,stuck_threshold,train_max_retry,ratio_initial,ratio_train,ratio_val,ratio_test,optimizer,learning_rate,loss,loss_gamma,dset_name,ce_weight,adver_choose_name,adver_mod_name,adver_feat_coef,adver_conn_coef,timestamp
0,round_0,val_set_best,6.224073648452759,0.548828125,0.45990180032733224,0.6718925425895999,0.791434379245924,281,330,1510,231,0.2425520122051239,0.12127600610256195,0.41220128536224365,0.20610064268112183,0.6626999974250793,0.0,0.32737666368484497,492,492,0.0,0,12932,1281476,cuda:0,True,False,False,ADVER,NODE,INDUCTIVE,False,3,1,128,459,0,0,REAGE,0.02727929920054431,0.09772070079945569,8,0.5,NONE,False,False,XGB-SP,temporal,64,2,64,2,2,0.1,LeakyReLU,layer,<class 'models.benchmarks_supervised.booster.GIN_noparam'>,<class 'xgboost.sklearn.XGBClassifier'>,<function average_precision_score at 0x000001C8520A5760>,500,7,mean_final,normal,1,0,1,1,1,1,1,round,ndist,True,0.1,0,NONE,0.05,7,OR,100,50,75,['none'],7777777,False,[],50,0,10,0.5,0.6,0.2,0.2,<class 'torch.optim.adam.Adam'>,0.01,<function cross_entropy at 0x000001C84AF6F880>,5,tolokers_bid,2.6666666666666665,GREEDY,REPLAY,1,0.1,241028140006
1,round_0,entire_graph,0.0,0.5861262665627436,0.43556327830871705,0.6638320728715243,0.7901480759981739,1504,1949,7243,1062,0.2425520122051239,0.12127600610256195,0.41220128536224365,0.20610064268112183,0.6626999974250793,0.0,0.32737666368484497,492,492,0.0,0,12932,1281476,cuda:0,True,False,False,ADVER,NODE,INDUCTIVE,False,3,1,128,459,0,0,REAGE,0.02727929920054431,0.09772070079945569,8,0.5,NONE,False,False,XGB-SP,temporal,64,2,64,2,2,0.1,LeakyReLU,layer,<class 'models.benchmarks_supervised.booster.GIN_noparam'>,<class 'xgboost.sklearn.XGBClassifier'>,<function average_precision_score at 0x000001C8520A5760>,500,7,mean_final,normal,1,0,1,1,1,1,1,round,ndist,True,0.1,0,NONE,0.05,7,OR,100,50,75,['none'],7777777,False,[],50,0,10,0.5,0.6,0.2,0.2,<class 'torch.optim.adam.Adam'>,0.01,<function cross_entropy at 0x000001C84AF6F880>,5,tolokers_bid,2.6666666666666665,GREEDY,REPLAY,1,0.1,241028140006
2,round_0,train_set,0.0,0.5958279009126467,0.49245689655172414,0.6967484467724739,0.8266540540029854,457,471,2289,310,0.2425520122051239,0.12127600610256195,0.41220128536224365,0.20610064268112183,0.6626999974250793,0.0,0.32737666368484497,492,492,0.0,0,12932,1281476,cuda:0,True,False,False,ADVER,NODE,INDUCTIVE,False,3,1,128,459,0,0,REAGE,0.02727929920054431,0.09772070079945569,8,0.5,NONE,False,False,XGB-SP,temporal,64,2,64,2,2,0.1,LeakyReLU,layer,<class 'models.benchmarks_supervised.booster.GIN_noparam'>,<class 'xgboost.sklearn.XGBClassifier'>,<function average_precision_score at 0x000001C8520A5760>,500,7,mean_final,normal,1,0,1,1,1,1,1,round,ndist,True,0.1,0,NONE,0.05,7,OR,100,50,75,['none'],7777777,False,[],50,0,10,0.5,0.6,0.2,0.2,<class 'torch.optim.adam.Adam'>,0.01,<function cross_entropy at 0x000001C84AF6F880>,5,tolokers_bid,2.6666666666666665,GREEDY,REPLAY,1,0.1,241028140006
3,round_0,val_set,0.0,0.4921875,0.4158415841584158,0.6397917961621771,0.7617028277853262,252,354,1486,260,0.2425520122051239,0.12127600610256195,0.41220128536224365,0.20610064268112183,0.6626999974250793,0.0,0.32737666368484497,492,492,0.0,0,12932,1281476,cuda:0,True,False,False,ADVER,NODE,INDUCTIVE,False,3,1,128,459,0,0,REAGE,0.02727929920054431,0.09772070079945569,8,0.5,NONE,False,False,XGB-SP,temporal,64,2,64,2,2,0.1,LeakyReLU,layer,<class 'models.benchmarks_supervised.booster.GIN_noparam'>,<class 'xgboost.sklearn.XGBClassifier'>,<function average_precision_score at 0x000001C8520A5760>,500,7,mean_final,normal,1,0,1,1,1,1,1,round,ndist,True,0.1,0,NONE,0.05,7,OR,100,50,75,['none'],7777777,False,[],50,0,10,0.5,0.6,0.2,0.2,<class 'torch.optim.adam.Adam'>,0.01,<function cross_entropy at 0x000001C84AF6F880>,5,tolokers_bid,2.6666666666666665,GREEDY,REPLAY,1,0.1,241028140006
4,round_0,test_set,0.0,0.6177156177156177,0.41427826993225636,0.6534917282667496,0.7804458414214511,795,1124,3468,492,0.2425520122051239,0.12127600610256195,0.41220128536224365,0.20610064268112183,0.6626999974250793,0.0,0.32737666368484497,492,492,0.0,0,12932,1281476,cuda:0,True,False,False,ADVER,NODE,INDUCTIVE,False,3,1,128,459,0,0,REAGE,0.02727929920054431,0.09772070079945569,8,0.5,NONE,False,False,XGB-SP,temporal,64,2,64,2,2,0.1,LeakyReLU,layer,<class 'models.benchmarks_supervised.booster.GIN_noparam'>,<class 'xgboost.sklearn.XGBClassifier'>,<function average_precision_score at 0x000001C8520A5760>,500,7,mean_final,normal,1,0,1,1,1,1,1,round,ndist,True,0.1,0,NONE,0.05,7,OR,100,50,75,['none'],7777777,False,[],50,0,10,0.5,0.6,0.2,0.2,<class 'torch.optim.adam.Adam'>,0.01,<function cross_entropy at 0x000001C84AF6F880>,5,tolokers_bid,2.6666666666666665,GREEDY,REPLAY,1,0.1,241028140006
5,round_1,val_set_best,6.583891153335571,0.6927710843373494,0.47481420313790257,0.6756279550939488,0.7731391066449204,575,636,1654,255,0.196079820394516,0.098039910197258,0.3237108588218689,0.16185542941093445,0.5651674270629883,0.0,0.25989532470703125,417,330,0.2161339372396469,0,12932,1281476,cuda:0,True,False,False,ADVER,NODE,INDUCTIVE,False,3,1,128,459,0,0,REAGE,0.02727929920054431,0.09772070079945569,8,0.5,NONE,False,False,XGB-SP,temporal,64,2,64,2,2,0.1,LeakyReLU,layer,<class 'models.benchmarks_supervised.booster.GIN_noparam'>,<class 'xgboost.sklearn.XGBClassifier'>,<function average_precision_score at 0x000001C8520A5760>,500,7,mean_final,normal,1,0,1,1,1,1,1,round,ndist,True,0.1,0,NONE,0.05,7,OR,100,50,75,['none'],7777777,False,[],50,0,10,0.5,0.6,0.2,0.2,<class 'torch.optim.adam.Adam'>,0.01,<function cross_entropy at 0x000001C84AF6F880>,5,tolokers_bid,2.6666666666666665,GREEDY,REPLAY,1,0.1,241028140006
6,round_1,entire_graph,0.0,0.5356347438752784,0.49810148429409734,0.6872781384074802,0.7976055694902813,1443,1454,8197,1251,0.196079820394516,0.098039910197258,0.3237108588218689,0.16185542941093445,0.5651674270629883,0.0,0.25989532470703125,417,330,0.2161339372396469,0,12932,1281476,cuda:0,True,False,False,ADVER,NODE,INDUCTIVE,False,3,1,128,459,0,0,REAGE,0.02727929920054431,0.09772070079945569,8,0.5,NONE,False,False,XGB-SP,temporal,64,2,64,2,2,0.1,LeakyReLU,layer,<class 'models.benchmarks_supervised.booster.GIN_noparam'>,<class 'xgboost.sklearn.XGBClassifier'>,<function average_precision_score at 0x000001C8520A5760>,500,7,mean_final,normal,1,0,1,1,1,1,1,round,ndist,True,0.1,0,NONE,0.05,7,OR,100,50,75,['none'],7777777,False,[],50,0,10,0.5,0.6,0.2,0.2,<class 'torch.optim.adam.Adam'>,0.01,<function cross_entropy at 0x000001C84AF6F880>,5,tolokers_bid,2.6666666666666665,GREEDY,REPLAY,1,0.1,241028140006
7,round_1,train_set,0.0,0.6446945337620579,0.5849744711889132,0.7317032865575601,0.8343154889538511,802,569,2865,442,0.196079820394516,0.098039910197258,0.3237108588218689,0.16185542941093445,0.5651674270629883,0.0,0.25989532470703125,417,330,0.2161339372396469,0,12932,1281476,cuda:0,True,False,False,ADVER,NODE,INDUCTIVE,False,3,1,128,459,0,0,REAGE,0.02727929920054431,0.09772070079945569,8,0.5,NONE,False,False,XGB-SP,temporal,64,2,64,2,2,0.1,LeakyReLU,layer,<class 'models.benchmarks_supervised.booster.GIN_noparam'>,<class 'xgboost.sklearn.XGBClassifier'>,<function average_precision_score at 0x000001C8520A5760>,500,7,mean_final,normal,1,0,1,1,1,1,1,round,ndist,True,0.1,0,NONE,0.05,7,OR,100,50,75,['none'],7777777,False,[],50,0,10,0.5,0.6,0.2,0.2,<class 'torch.optim.adam.Adam'>,0.01,<function cross_entropy at 0x000001C84AF6F880>,5,tolokers_bid,2.6666666666666665,GREEDY,REPLAY,1,0.1,241028140006
8,round_1,val_set,0.0,0.5277108433734939,0.47198275862068967,0.6507531833819921,0.7465652128163308,438,490,1800,392,0.196079820394516,0.098039910197258,0.3237108588218689,0.16185542941093445,0.5651674270629883,0.0,0.25989532470703125,417,330,0.2161339372396469,0,12932,1281476,cuda:0,True,False,False,ADVER,NODE,INDUCTIVE,False,3,1,128,459,0,0,REAGE,0.02727929920054431,0.09772070079945569,8,0.5,NONE,False,False,XGB-SP,temporal,64,2,64,2,2,0.1,LeakyReLU,layer,<class 'models.benchmarks_supervised.booster.GIN_noparam'>,<class 'xgboost.sklearn.XGBClassifier'>,<function average_precision_score at 0x000001C8520A5760>,500,7,mean_final,normal,1,0,1,1,1,1,1,round,ndist,True,0.1,0,NONE,0.05,7,OR,100,50,75,['none'],7777777,False,[],50,0,10,0.5,0.6,0.2,0.2,<class 'torch.optim.adam.Adam'>,0.01,<function cross_entropy at 0x000001C84AF6F880>,5,tolokers_bid,2.6666666666666665,GREEDY,REPLAY,1,0.1,241028140006
9,round_1,test_set,0.0,0.32741935483870965,0.3394648829431438,0.6151176570170983,0.7557991818428251,203,395,3532,417,0.196079820394516,0.098039910197258,0.3237108588218689,0.16185542941093445,0.5651674270629883,0.0,0.25989532470703125,417,330,0.2161339372396469,0,12932,1281476,cuda:0,True,False,False,ADVER,NODE,INDUCTIVE,False,3,1,128,459,0,0,REAGE,0.02727929920054431,0.09772070079945569,8,0.5,NONE,False,False,XGB-SP,temporal,64,2,64,2,2,0.1,LeakyReLU,layer,<class 'models.benchmarks_supervised.booster.GIN_noparam'>,<class 'xgboost.sklearn.XGBClassifier'>,<function average_precision_score at 0x000001C8520A5760>,500,7,mean_final,normal,1,0,1,1,1,1,1,round,ndist,True,0.1,0,NONE,0.05,7,OR,100,50,75,['none'],7777777,False,[],50,0,10,0.5,0.6,0.2,0.2,<class 'torch.optim.adam.Adam'>,0.01,<function cross_entropy at 0x000001C84AF6F880>,5,tolokers_bid,2.6666666666666665,GREEDY,REPLAY,1,0.1,241028140006
10,round_1,round_0_nodes,0.0,0.54001554001554,0.4897815362931642,0.684145541290708,0.7909993123407757,695,724,3868,592,0.196079820394516,0.098039910197258,0.3237108588218689,0.16185542941093445,0.5651674270629883,0.0,0.25989532470703125,417,330,0.2161339372396469,0,12932,1281476,cuda:0,True,False,False,ADVER,NODE,INDUCTIVE,False,3,1,128,459,0,0,REAGE,0.02727929920054431,0.09772070079945569,8,0.5,NONE,False,False,XGB-SP,temporal,64,2,64,2,2,0.1,LeakyReLU,layer,<class 'models.benchmarks_supervised.booster.GIN_noparam'>,<class 'xgboost.sklearn.XGBClassifier'>,<function average_precision_score at 0x000001C8520A5760>,500,7,mean_final,normal,1,0,1,1,1,1,1,round,ndist,True,0.1,0,NONE,0.05,7,OR,100,50,75,['none'],7777777,False,[],50,0,10,0.5,0.6,0.2,0.2,<class 'torch.optim.adam.Adam'>,0.01,<function cross_entropy at 0x000001C84AF6F880>,5,tolokers_bid,2.6666666666666665,GREEDY,REPLAY,1,0.1,241028140006
11,round_1,round_1_nodes,0.0,0.3203125,0.4019607843137255,0.5998710390567428,0.6988953567538126,41,61,398,87,0.196079820394516,0.098039910197258,0.3237108588218689,0.16185542941093445,0.5651674270629883,0.0,0.25989532470703125,417,330,0.2161339372396469,0,12932,1281476,cuda:0,True,False,False,ADVER,NODE,INDUCTIVE,False,3,1,128,459,0,0,REAGE,0.02727929920054431,0.09772070079945569,8,0.5,NONE,False,False,XGB-SP,temporal,64,2,64,2,2,0.1,LeakyReLU,layer,<class 'models.benchmarks_supervised.booster.GIN_noparam'>,<class 'xgboost.sklearn.XGBClassifier'>,<function average_precision_score at 0x000001C8520A5760>,500,7,mean_final,normal,1,0,1,1,1,1,1,round,ndist,True,0.1,0,NONE,0.05,7,OR,100,50,75,['none'],7777777,False,[],50,0,10,0.5,0.6,0.2,0.2,<class 'torch.optim.adam.Adam'>,0.01,<function cross_entropy at 0x000001C84AF6F880>,5,tolokers_bid,2.6666666666666665,GREEDY,REPLAY,1,0.1,241028140006
12,round_1,seed_current_pred,0.0,0.3515625,0.41284403669724773,0.6114315820758413,0.7150224673202615,45,64,395,83,0.196079820394516,0.098039910197258,0.3237108588218689,0.16185542941093445,0.5651674270629883,0.0,0.25989532470703125,417,330,0.2161339372396469,0,12932,1281476,cuda:0,True,False,False,ADVER,NODE,INDUCTIVE,False,3,1,128,459,0,0,REAGE,0.02727929920054431,0.09772070079945569,8,0.5,NONE,False,False,XGB-SP,temporal,64,2,64,2,2,0.1,LeakyReLU,layer,<class 'models.benchmarks_supervised.booster.GIN_noparam'>,<class 'xgboost.sklearn.XGBClassifier'>,<function average_precision_score at 0x000001C8520A5760>,500,7,mean_final,normal,1,0,1,1,1,1,1,round,ndist,True,0.1,0,NONE,0.05,7,OR,100,50,75,['none'],7777777,False,[],50,0,10,0.5,0.6,0.2,0.2,<class 'torch.optim.adam.Adam'>,0.01,<function cross_entropy at 0x000001C84AF6F880>,5,tolokers_bid,2.6666666666666665,GREEDY,REPLAY,1,0.1,241028140006
13,round_1,seed_prev_pred,0.0,0.0,0.0,0.3788359788359789,0.7150224673202615,0,101,358,128,0.196079820394516,0.098039910197258,0.3237108588218689,0.16185542941093445,0.5651674270629883,0.0,0.25989532470703125,417,330,0.2161339372396469,0,12932,1281476,cuda:0,True,False,False,ADVER,NODE,INDUCTIVE,False,3,1,128,459,0,0,REAGE,0.02727929920054431,0.09772070079945569,8,0.5,NONE,False,False,XGB-SP,temporal,64,2,64,2,2,0.1,LeakyReLU,layer,<class 'models.benchmarks_supervised.booster.GIN_noparam'>,<class 'xgboost.sklearn.XGBClassifier'>,<function average_precision_score at 0x000001C8520A5760>,500,7,mean_final,normal,1,0,1,1,1,1,1,round,ndist,True,0.1,0,NONE,0.05,7,OR,100,50,75,['none'],7777777,False,[],50,0,10,0.5,0.6,0.2,0.2,<class 'torch.optim.adam.Adam'>,0.01,<function cross_entropy at 0x000001C84AF6F880>,5,tolokers_bid,2.6666666666666665,GREEDY,REPLAY,1,0.1,241028140006
14,round_2,val_set_best,7.393831491470337,0.5499451152579583,0.4596330275229358,0.6444812361680088,0.7334637294361579,501,589,1859,410,0.18759368360042572,0.09379684180021286,0.30560022592544556,0.15280011296272278,0.5860703587532043,0.0,0.24659696221351624,353,220,0.4196621775627136,0,12932,1281476,cuda:0,True,False,False,ADVER,NODE,INDUCTIVE,False,3,1,128,459,0,0,REAGE,0.02727929920054431,0.09772070079945569,8,0.5,NONE,False,False,XGB-SP,temporal,64,2,64,2,2,0.1,LeakyReLU,layer,<class 'models.benchmarks_supervised.booster.GIN_noparam'>,<class 'xgboost.sklearn.XGBClassifier'>,<function average_precision_score at 0x000001C8520A5760>,500,7,mean_final,normal,1,0,1,1,1,1,1,round,ndist,True,0.1,0,NONE,0.05,7,OR,100,50,75,['none'],7777777,False,[],50,0,10,0.5,0.6,0.2,0.2,<class 'torch.optim.adam.Adam'>,0.01,<function cross_entropy at 0x000001C84AF6F880>,5,tolokers_bid,2.6666666666666665,GREEDY,REPLAY,1,0.1,241028140006
15,round_2,entire_graph,0.0,0.593905031892275,0.4825799021019292,0.6910475878290748,0.7933098776674161,1676,1797,8313,1146,0.18759368360042572,0.09379684180021286,0.30560022592544556,0.15280011296272278,0.5860703587532043,0.0,0.24659696221351624,353,220,0.4196621775627136,0,12932,1281476,cuda:0,True,False,False,ADVER,NODE,INDUCTIVE,False,3,1,128,459,0,0,REAGE,0.02727929920054431,0.09772070079945569,8,0.5,NONE,False,False,XGB-SP,temporal,64,2,64,2,2,0.1,LeakyReLU,layer,<class 'models.benchmarks_supervised.booster.GIN_noparam'>,<class 'xgboost.sklearn.XGBClassifier'>,<function average_precision_score at 0x000001C8520A5760>,500,7,mean_final,normal,1,0,1,1,1,1,1,round,ndist,True,0.1,0,NONE,0.05,7,OR,100,50,75,['none'],7777777,False,[],50,0,10,0.5,0.6,0.2,0.2,<class 'torch.optim.adam.Adam'>,0.01,<function cross_entropy at 0x000001C84AF6F880>,5,tolokers_bid,2.6666666666666665,GREEDY,REPLAY,1,0.1,241028140006
16,round_2,train_set,0.0,0.7152269399707174,0.5874924834636199,0.7462534510847472,0.8438550061759835,977,686,2985,389,0.18759368360042572,0.09379684180021286,0.30560022592544556,0.15280011296272278,0.5860703587532043,0.0,0.24659696221351624,353,220,0.4196621775627136,0,12932,1281476,cuda:0,True,False,False,ADVER,NODE,INDUCTIVE,False,3,1,128,459,0,0,REAGE,0.02727929920054431,0.09772070079945569,8,0.5,NONE,False,False,XGB-SP,temporal,64,2,64,2,2,0.1,LeakyReLU,layer,<class 'models.benchmarks_supervised.booster.GIN_noparam'>,<class 'xgboost.sklearn.XGBClassifier'>,<function average_precision_score at 0x000001C8520A5760>,500,7,mean_final,normal,1,0,1,1,1,1,1,round,ndist,True,0.1,0,NONE,0.05,7,OR,100,50,75,['none'],7777777,False,[],50,0,10,0.5,0.6,0.2,0.2,<class 'torch.optim.adam.Adam'>,0.01,<function cross_entropy at 0x000001C84AF6F880>,5,tolokers_bid,2.6666666666666665,GREEDY,REPLAY,1,0.1,241028140006
17,round_2,val_set,0.0,0.5565312843029637,0.44395796847635727,0.6355944741937791,0.7211882008566324,507,635,1813,404,0.18759368360042572,0.09379684180021286,0.30560022592544556,0.15280011296272278,0.5860703587532043,0.0,0.24659696221351624,353,220,0.4196621775627136,0,12932,1281476,cuda:0,True,False,False,ADVER,NODE,INDUCTIVE,False,3,1,128,459,0,0,REAGE,0.02727929920054431,0.09772070079945569,8,0.5,NONE,False,False,XGB-SP,temporal,64,2,64,2,2,0.1,LeakyReLU,layer,<class 'models.benchmarks_supervised.booster.GIN_noparam'>,<class 'xgboost.sklearn.XGBClassifier'>,<function average_precision_score at 0x000001C8520A5760>,500,7,mean_final,normal,1,0,1,1,1,1,1,round,ndist,True,0.1,0,NONE,0.05,7,OR,100,50,75,['none'],7777777,False,[],50,0,10,0.5,0.6,0.2,0.2,<class 'torch.optim.adam.Adam'>,0.01,<function cross_entropy at 0x000001C84AF6F880>,5,tolokers_bid,2.6666666666666665,GREEDY,REPLAY,1,0.1,241028140006
18,round_2,test_set,0.0,0.3522935779816514,0.2874251497005988,0.6055431640537515,0.7280130293159609,192,476,3515,353,0.18759368360042572,0.09379684180021286,0.30560022592544556,0.15280011296272278,0.5860703587532043,0.0,0.24659696221351624,353,220,0.4196621775627136,0,12932,1281476,cuda:0,True,False,False,ADVER,NODE,INDUCTIVE,False,3,1,128,459,0,0,REAGE,0.02727929920054431,0.09772070079945569,8,0.5,NONE,False,False,XGB-SP,temporal,64,2,64,2,2,0.1,LeakyReLU,layer,<class 'models.benchmarks_supervised.booster.GIN_noparam'>,<class 'xgboost.sklearn.XGBClassifier'>,<function average_precision_score at 0x000001C8520A5760>,500,7,mean_final,normal,1,0,1,1,1,1,1,round,ndist,True,0.1,0,NONE,0.05,7,OR,100,50,75,['none'],7777777,False,[],50,0,10,0.5,0.6,0.2,0.2,<class 'torch.optim.adam.Adam'>,0.01,<function cross_entropy at 0x000001C84AF6F880>,5,tolokers_bid,2.6666666666666665,GREEDY,REPLAY,1,0.1,241028140006
19,round_2,round_0_nodes,0.0,0.5951825951825952,0.48267170762444866,0.6909984468493162,0.7921947632313486,766,821,3771,521,0.18759368360042572,0.09379684180021286,0.30560022592544556,0.15280011296272278,0.5860703587532043,0.0,0.24659696221351624,353,220,0.4196621775627136,0,12932,1281476,cuda:0,True,False,False,ADVER,NODE,INDUCTIVE,False,3,1,128,459,0,0,REAGE,0.02727929920054431,0.09772070079945569,8,0.5,NONE,False,False,XGB-SP,temporal,64,2,64,2,2,0.1,LeakyReLU,layer,<class 'models.benchmarks_supervised.booster.GIN_noparam'>,<class 'xgboost.sklearn.XGBClassifier'>,<function average_precision_score at 0x000001C8520A5760>,500,7,mean_final,normal,1,0,1,1,1,1,1,round,ndist,True,0.1,0,NONE,0.05,7,OR,100,50,75,['none'],7777777,False,[],50,0,10,0.5,0.6,0.2,0.2,<class 'torch.optim.adam.Adam'>,0.01,<function cross_entropy at 0x000001C84AF6F880>,5,tolokers_bid,2.6666666666666665,GREEDY,REPLAY,1,0.1,241028140006
20,round_2,round_1_nodes,0.0,0.4453125,0.4453125,0.6453142020697168,0.7202733523965141,57,71,388,71,0.18759368360042572,0.09379684180021286,0.30560022592544556,0.15280011296272278,0.5860703587532043,0.0,0.24659696221351624,353,220,0.4196621775627136,0,12932,1281476,cuda:0,True,False,False,ADVER,NODE,INDUCTIVE,False,3,1,128,459,0,0,REAGE,0.02727929920054431,0.09772070079945569,8,0.5,NONE,False,False,XGB-SP,temporal,64,2,64,2,2,0.1,LeakyReLU,layer,<class 'models.benchmarks_supervised.booster.GIN_noparam'>,<class 'xgboost.sklearn.XGBClassifier'>,<function average_precision_score at 0x000001C8520A5760>,500,7,mean_final,normal,1,0,1,1,1,1,1,round,ndist,True,0.1,0,NONE,0.05,7,OR,100,50,75,['none'],7777777,False,[],50,0,10,0.5,0.6,0.2,0.2,<class 'torch.optim.adam.Adam'>,0.01,<function cross_entropy at 0x000001C84AF6F880>,5,tolokers_bid,2.6666666666666665,GREEDY,REPLAY,1,0.1,241028140006
21,round_2,round_2_nodes,0.0,0.3984375,0.3722627737226277,0.6027938642920896,0.6866574754901961,51,86,373,77,0.18759368360042572,0.09379684180021286,0.30560022592544556,0.15280011296272278,0.5860703587532043,0.0,0.24659696221351624,353,220,0.4196621775627136,0,12932,1281476,cuda:0,True,False,False,ADVER,NODE,INDUCTIVE,False,3,1,128,459,0,0,REAGE,0.02727929920054431,0.09772070079945569,8,0.5,NONE,False,False,XGB-SP,temporal,64,2,64,2,2,0.1,LeakyReLU,layer,<class 'models.benchmarks_supervised.booster.GIN_noparam'>,<class 'xgboost.sklearn.XGBClassifier'>,<function average_precision_score at 0x000001C8520A5760>,500,7,mean_final,normal,1,0,1,1,1,1,1,round,ndist,True,0.1,0,NONE,0.05,7,OR,100,50,75,['none'],7777777,False,[],50,0,10,0.5,0.6,0.2,0.2,<class 'torch.optim.adam.Adam'>,0.01,<function cross_entropy at 0x000001C84AF6F880>,5,tolokers_bid,2.6666666666666665,GREEDY,REPLAY,1,0.1,241028140006
22,round_2,seed_current_pred,0.0,0.3984375,0.40476190476190477,0.6181787059226292,0.6942146650326797,51,75,384,77,0.18759368360042572,0.09379684180021286,0.30560022592544556,0.15280011296272278,0.5860703587532043,0.0,0.24659696221351624,353,220,0.4196621775627136,0,12932,1281476,cuda:0,True,False,False,ADVER,NODE,INDUCTIVE,False,3,1,128,459,0,0,REAGE,0.02727929920054431,0.09772070079945569,8,0.5,NONE,False,False,XGB-SP,temporal,64,2,64,2,2,0.1,LeakyReLU,layer,<class 'models.benchmarks_supervised.booster.GIN_noparam'>,<class 'xgboost.sklearn.XGBClassifier'>,<function average_precision_score at 0x000001C8520A5760>,500,7,mean_final,normal,1,0,1,1,1,1,1,round,ndist,True,0.1,0,NONE,0.05,7,OR,100,50,75,['none'],7777777,False,[],50,0,10,0.5,0.6,0.2,0.2,<class 'torch.optim.adam.Adam'>,0.01,<function cross_entropy at 0x000001C84AF6F880>,5,tolokers_bid,2.6666666666666665,GREEDY,REPLAY,1,0.1,241028140006
23,round_2,seed_prev_pred,0.0,0.0,0.0,0.3985655737704918,0.6942146650326797,0,70,389,128,0.18759368360042572,0.09379684180021286,0.30560022592544556,0.15280011296272278,0.5860703587532043,0.0,0.24659696221351624,353,220,0.4196621775627136,0,12932,1281476,cuda:0,True,False,False,ADVER,NODE,INDUCTIVE,False,3,1,128,459,0,0,REAGE,0.02727929920054431,0.09772070079945569,8,0.5,NONE,False,False,XGB-SP,temporal,64,2,64,2,2,0.1,LeakyReLU,layer,<class 'models.benchmarks_supervised.booster.GIN_noparam'>,<class 'xgboost.sklearn.XGBClassifier'>,<function average_precision_score at 0x000001C8520A5760>,500,7,mean_final,normal,1,0,1,1,1,1,1,round,ndist,True,0.1,0,NONE,0.05,7,OR,100,50,75,['none'],7777777,False,[],50,0,10,0.5,0.6,0.2,0.2,<class 'torch.optim.adam.Adam'>,0.01,<function cross_entropy at 0x000001C84AF6F880>,5,tolokers_bid,2.6666666666666665,GREEDY,REPLAY,1,0.1,241028140006
0,round_0,val_set_best,6.1748740673065186,0.491869918699187,0.4671814671814672,0.6684074254745452,0.791375448028674,242,276,1584,250,0.25736165046691895,0.12868082523345947,0.46757203340530396,0.23378601670265198,0.6665275692939758,0.0,0.36246684193611145,685,685,0.0,1,12932,1271118,cuda:0,True,False,False,ADVER,NODE,INDUCTIVE,False,3,1,128,459,0,0,REAGE,0.02727929920054431,0.09772070079945569,8,0.5,NONE,False,False,XGB-SP,temporal,64,2,64,2,2,0.1,LeakyReLU,layer,<class 'models.benchmarks_supervised.booster.GIN_noparam'>,<class 'xgboost.sklearn.XGBClassifier'>,<function average_precision_score at 0x000001C8520A5760>,500,7,mean_final,normal,1,0,1,1,1,1,1,round,ndist,True,0.1,0,NONE,0.05,7,OR,100,50,75,['none'],7777777,False,[],50,0,10,0.5,0.6,0.2,0.2,<class 'torch.optim.adam.Adam'>,0.01,<function cross_entropy at 0x000001C84AF6F880>,5,tolokers_bid,2.6666666666666665,GREEDY,REPLAY,1,0.1,241028140006
1,round_0,entire_graph,0.0,0.5187061574434918,0.4913252122554448,0.6806979121821032,0.8021080506821818,1331,1378,7814,1235,0.25736165046691895,0.12868082523345947,0.46757203340530396,0.23378601670265198,0.6665275692939758,0.0,0.36246684193611145,685,685,0.0,1,12932,1271118,cuda:0,True,False,False,ADVER,NODE,INDUCTIVE,False,3,1,128,459,0,0,REAGE,0.02727929920054431,0.09772070079945569,8,0.5,NONE,False,False,XGB-SP,temporal,64,2,64,2,2,0.1,LeakyReLU,layer,<class 'models.benchmarks_supervised.booster.GIN_noparam'>,<class 'xgboost.sklearn.XGBClassifier'>,<function average_precision_score at 0x000001C8520A5760>,500,7,mean_final,normal,1,0,1,1,1,1,1,round,ndist,True,0.1,0,NONE,0.05,7,OR,100,50,75,['none'],7777777,False,[],50,0,10,0.5,0.6,0.2,0.2,<class 'torch.optim.adam.Adam'>,0.01,<function cross_entropy at 0x000001C84AF6F880>,5,tolokers_bid,2.6666666666666665,GREEDY,REPLAY,1,0.1,241028140006
2,round_0,train_set,0.0,0.6119402985074627,0.5356294536817102,0.7237973285213172,0.8466392378284531,451,391,2399,286,0.25736165046691895,0.12868082523345947,0.46757203340530396,0.23378601670265198,0.6665275692939758,0.0,0.36246684193611145,685,685,0.0,1,12932,1271118,cuda:0,True,False,False,ADVER,NODE,INDUCTIVE,False,3,1,128,459,0,0,REAGE,0.02727929920054431,0.09772070079945569,8,0.5,NONE,False,False,XGB-SP,temporal,64,2,64,2,2,0.1,LeakyReLU,layer,<class 'models.benchmarks_supervised.booster.GIN_noparam'>,<class 'xgboost.sklearn.XGBClassifier'>,<function average_precision_score at 0x000001C8520A5760>,500,7,mean_final,normal,1,0,1,1,1,1,1,round,ndist,True,0.1,0,NONE,0.05,7,OR,100,50,75,['none'],7777777,False,[],50,0,10,0.5,0.6,0.2,0.2,<class 'torch.optim.adam.Adam'>,0.01,<function cross_entropy at 0x000001C84AF6F880>,5,tolokers_bid,2.6666666666666665,GREEDY,REPLAY,1,0.1,241028140006
3,round_0,val_set,0.0,0.4634146341463415,0.4214417744916821,0.6421274197729357,0.7712802692543055,228,313,1547,264,0.25736165046691895,0.12868082523345947,0.46757203340530396,0.23378601670265198,0.6665275692939758,0.0,0.36246684193611145,685,685,0.0,1,12932,1271118,cuda:0,True,False,False,ADVER,NODE,INDUCTIVE,False,3,1,128,459,0,0,REAGE,0.02727929920054431,0.09772070079945569,8,0.5,NONE,False,False,XGB-SP,temporal,64,2,64,2,2,0.1,LeakyReLU,layer,<class 'models.benchmarks_supervised.booster.GIN_noparam'>,<class 'xgboost.sklearn.XGBClassifier'>,<function average_precision_score at 0x000001C8520A5760>,500,7,mean_final,normal,1,0,1,1,1,1,1,round,ndist,True,0.1,0,NONE,0.05,7,OR,100,50,75,['none'],7777777,False,[],50,0,10,0.5,0.6,0.2,0.2,<class 'torch.optim.adam.Adam'>,0.01,<function cross_entropy at 0x000001C84AF6F880>,5,tolokers_bid,2.6666666666666665,GREEDY,REPLAY,1,0.1,241028140006
4,round_0,test_set,0.0,0.487658937920718,0.4917043740573152,0.6701252705152377,0.7891902782539562,652,674,3868,685,0.25736165046691895,0.12868082523345947,0.46757203340530396,0.23378601670265198,0.6665275692939758,0.0,0.36246684193611145,685,685,0.0,1,12932,1271118,cuda:0,True,False,False,ADVER,NODE,INDUCTIVE,False,3,1,128,459,0,0,REAGE,0.02727929920054431,0.09772070079945569,8,0.5,NONE,False,False,XGB-SP,temporal,64,2,64,2,2,0.1,LeakyReLU,layer,<class 'models.benchmarks_supervised.booster.GIN_noparam'>,<class 'xgboost.sklearn.XGBClassifier'>,<function average_precision_score at 0x000001C8520A5760>,500,7,mean_final,normal,1,0,1,1,1,1,1,round,ndist,True,0.1,0,NONE,0.05,7,OR,100,50,75,['none'],7777777,False,[],50,0,10,0.5,0.6,0.2,0.2,<class 'torch.optim.adam.Adam'>,0.01,<function cross_entropy at 0x000001C84AF6F880>,5,tolokers_bid,2.6666666666666665,GREEDY,REPLAY,1,0.1,241028140006
5,round_1,val_set_best,5.6952760219573975,0.6914893617021277,0.49056603773584906,0.6893036526619657,0.7997983468184997,520,540,1590,232,0.22358088195323944,0.11179044097661972,0.3261890411376953,0.16309452056884766,0.559627890586853,0.0,0.274884968996048,551,459,0.2755696773529053,1,12932,1271118,cuda:0,True,False,False,ADVER,NODE,INDUCTIVE,False,3,1,128,459,0,0,REAGE,0.02727929920054431,0.09772070079945569,8,0.5,NONE,False,False,XGB-SP,temporal,64,2,64,2,2,0.1,LeakyReLU,layer,<class 'models.benchmarks_supervised.booster.GIN_noparam'>,<class 'xgboost.sklearn.XGBClassifier'>,<function average_precision_score at 0x000001C8520A5760>,500,7,mean_final,normal,1,0,1,1,1,1,1,round,ndist,True,0.1,0,NONE,0.05,7,OR,100,50,75,['none'],7777777,False,[],50,0,10,0.5,0.6,0.2,0.2,<class 'torch.optim.adam.Adam'>,0.01,<function cross_entropy at 0x000001C84AF6F880>,5,tolokers_bid,2.6666666666666665,GREEDY,REPLAY,1,0.1,241028140006
6,round_1,entire_graph,0.0,0.6106161841128434,0.5174583202264863,0.711460606431825,0.8322028628380671,1645,1534,8117,1049,0.22358088195323944,0.11179044097661972,0.3261890411376953,0.16309452056884766,0.559627890586853,0.0,0.274884968996048,551,459,0.2755696773529053,1,12932,1271118,cuda:0,True,False,False,ADVER,NODE,INDUCTIVE,False,3,1,128,459,0,0,REAGE,0.02727929920054431,0.09772070079945569,8,0.5,NONE,False,False,XGB-SP,temporal,64,2,64,2,2,0.1,LeakyReLU,layer,<class 'models.benchmarks_supervised.booster.GIN_noparam'>,<class 'xgboost.sklearn.XGBClassifier'>,<function average_precision_score at 0x000001C8520A5760>,500,7,mean_final,normal,1,0,1,1,1,1,1,round,ndist,True,0.1,0,NONE,0.05,7,OR,100,50,75,['none'],7777777,False,[],50,0,10,0.5,0.6,0.2,0.2,<class 'torch.optim.adam.Adam'>,0.01,<function cross_entropy at 0x000001C84AF6F880>,5,tolokers_bid,2.6666666666666665,GREEDY,REPLAY,1,0.1,241028140006
7,round_1,train_set,0.0,0.8007085916740478,0.6273421235253296,0.7890452453103747,0.9014266674727248,904,537,2657,225,0.22358088195323944,0.11179044097661972,0.3261890411376953,0.16309452056884766,0.559627890586853,0.0,0.274884968996048,551,459,0.2755696773529053,1,12932,1271118,cuda:0,True,False,False,ADVER,NODE,INDUCTIVE,False,3,1,128,459,0,0,REAGE,0.02727929920054431,0.09772070079945569,8,0.5,NONE,False,False,XGB-SP,temporal,64,2,64,2,2,0.1,LeakyReLU,layer,<class 'models.benchmarks_supervised.booster.GIN_noparam'>,<class 'xgboost.sklearn.XGBClassifier'>,<function average_precision_score at 0x000001C8520A5760>,500,7,mean_final,normal,1,0,1,1,1,1,1,round,ndist,True,0.1,0,NONE,0.05,7,OR,100,50,75,['none'],7777777,False,[],50,0,10,0.5,0.6,0.2,0.2,<class 'torch.optim.adam.Adam'>,0.01,<function cross_entropy at 0x000001C84AF6F880>,5,tolokers_bid,2.6666666666666665,GREEDY,REPLAY,1,0.1,241028140006
8,round_1,val_set,0.0,0.636968085106383,0.4823766364551863,0.6765886394924966,0.7893848017181101,479,514,1616,273,0.22358088195323944,0.11179044097661972,0.3261890411376953,0.16309452056884766,0.559627890586853,0.0,0.274884968996048,551,459,0.2755696773529053,1,12932,1271118,cuda:0,True,False,False,ADVER,NODE,INDUCTIVE,False,3,1,128,459,0,0,REAGE,0.02727929920054431,0.09772070079945569,8,0.5,NONE,False,False,XGB-SP,temporal,64,2,64,2,2,0.1,LeakyReLU,layer,<class 'models.benchmarks_supervised.booster.GIN_noparam'>,<class 'xgboost.sklearn.XGBClassifier'>,<function average_precision_score at 0x000001C8520A5760>,500,7,mean_final,normal,1,0,1,1,1,1,1,round,ndist,True,0.1,0,NONE,0.05,7,OR,100,50,75,['none'],7777777,False,[],50,0,10,0.5,0.6,0.2,0.2,<class 'torch.optim.adam.Adam'>,0.01,<function cross_entropy at 0x000001C84AF6F880>,5,tolokers_bid,2.6666666666666665,GREEDY,REPLAY,1,0.1,241028140006
9,round_1,test_set,0.0,0.32226322263222634,0.3516778523489933,0.6088889176706006,0.7676177871092323,262,483,3844,551,0.22358088195323944,0.11179044097661972,0.3261890411376953,0.16309452056884766,0.559627890586853,0.0,0.274884968996048,551,459,0.2755696773529053,1,12932,1271118,cuda:0,True,False,False,ADVER,NODE,INDUCTIVE,False,3,1,128,459,0,0,REAGE,0.02727929920054431,0.09772070079945569,8,0.5,NONE,False,False,XGB-SP,temporal,64,2,64,2,2,0.1,LeakyReLU,layer,<class 'models.benchmarks_supervised.booster.GIN_noparam'>,<class 'xgboost.sklearn.XGBClassifier'>,<function average_precision_score at 0x000001C8520A5760>,500,7,mean_final,normal,1,0,1,1,1,1,1,round,ndist,True,0.1,0,NONE,0.05,7,OR,100,50,75,['none'],7777777,False,[],50,0,10,0.5,0.6,0.2,0.2,<class 'torch.optim.adam.Adam'>,0.01,<function cross_entropy at 0x000001C84AF6F880>,5,tolokers_bid,2.6666666666666665,GREEDY,REPLAY,1,0.1,241028140006
10,round_1,round_0_nodes,0.0,0.5676888556469708,0.5100806451612904,0.6955168516062051,0.8114731219661123,759,729,3813,578,0.22358088195323944,0.11179044097661972,0.3261890411376953,0.16309452056884766,0.559627890586853,0.0,0.274884968996048,551,459,0.2755696773529053,1,12932,1271118,cuda:0,True,False,False,ADVER,NODE,INDUCTIVE,False,3,1,128,459,0,0,REAGE,0.02727929920054431,0.09772070079945569,8,0.5,NONE,False,False,XGB-SP,temporal,64,2,64,2,2,0.1,LeakyReLU,layer,<class 'models.benchmarks_supervised.booster.GIN_noparam'>,<class 'xgboost.sklearn.XGBClassifier'>,<function average_precision_score at 0x000001C8520A5760>,500,7,mean_final,normal,1,0,1,1,1,1,1,round,ndist,True,0.1,0,NONE,0.05,7,OR,100,50,75,['none'],7777777,False,[],50,0,10,0.5,0.6,0.2,0.2,<class 'torch.optim.adam.Adam'>,0.01,<function cross_entropy at 0x000001C84AF6F880>,5,tolokers_bid,2.6666666666666665,GREEDY,REPLAY,1,0.1,241028140006
11,round_1,round_1_nodes,0.0,0.28125,0.34615384615384615,0.570246723771872,0.7204690904139434,36,68,391,92,0.22358088195323944,0.11179044097661972,0.3261890411376953,0.16309452056884766,0.559627890586853,0.0,0.274884968996048,551,459,0.2755696773529053,1,12932,1271118,cuda:0,True,False,False,ADVER,NODE,INDUCTIVE,False,3,1,128,459,0,0,REAGE,0.02727929920054431,0.09772070079945569,8,0.5,NONE,False,False,XGB-SP,temporal,64,2,64,2,2,0.1,LeakyReLU,layer,<class 'models.benchmarks_supervised.booster.GIN_noparam'>,<class 'xgboost.sklearn.XGBClassifier'>,<function average_precision_score at 0x000001C8520A5760>,500,7,mean_final,normal,1,0,1,1,1,1,1,round,ndist,True,0.1,0,NONE,0.05,7,OR,100,50,75,['none'],7777777,False,[],50,0,10,0.5,0.6,0.2,0.2,<class 'torch.optim.adam.Adam'>,0.01,<function cross_entropy at 0x000001C84AF6F880>,5,tolokers_bid,2.6666666666666665,GREEDY,REPLAY,1,0.1,241028140006
12,round_1,seed_current_pred,0.0,0.328125,0.336,0.5742598052469176,0.6935934095860565,42,83,376,86,0.22358088195323944,0.11179044097661972,0.3261890411376953,0.16309452056884766,0.559627890586853,0.0,0.274884968996048,551,459,0.2755696773529053,1,12932,1271118,cuda:0,True,False,False,ADVER,NODE,INDUCTIVE,False,3,1,128,459,0,0,REAGE,0.02727929920054431,0.09772070079945569,8,0.5,NONE,False,False,XGB-SP,temporal,64,2,64,2,2,0.1,LeakyReLU,layer,<class 'models.benchmarks_supervised.booster.GIN_noparam'>,<class 'xgboost.sklearn.XGBClassifier'>,<function average_precision_score at 0x000001C8520A5760>,500,7,mean_final,normal,1,0,1,1,1,1,1,round,ndist,True,0.1,0,NONE,0.05,7,OR,100,50,75,['none'],7777777,False,[],50,0,10,0.5,0.6,0.2,0.2,<class 'torch.optim.adam.Adam'>,0.01,<function cross_entropy at 0x000001C84AF6F880>,5,tolokers_bid,2.6666666666666665,GREEDY,REPLAY,1,0.1,241028140006
13,round_1,seed_prev_pred,0.0,0.0,0.0,0.3991811668372569,0.6935934095860565,0,69,390,128,0.22358088195323944,0.11179044097661972,0.3261890411376953,0.16309452056884766,0.559627890586853,0.0,0.274884968996048,551,459,0.2755696773529053,1,12932,1271118,cuda:0,True,False,False,ADVER,NODE,INDUCTIVE,False,3,1,128,459,0,0,REAGE,0.02727929920054431,0.09772070079945569,8,0.5,NONE,False,False,XGB-SP,temporal,64,2,64,2,2,0.1,LeakyReLU,layer,<class 'models.benchmarks_supervised.booster.GIN_noparam'>,<class 'xgboost.sklearn.XGBClassifier'>,<function average_precision_score at 0x000001C8520A5760>,500,7,mean_final,normal,1,0,1,1,1,1,1,round,ndist,True,0.1,0,NONE,0.05,7,OR,100,50,75,['none'],7777777,False,[],50,0,10,0.5,0.6,0.2,0.2,<class 'torch.optim.adam.Adam'>,0.01,<function cross_entropy at 0x000001C84AF6F880>,5,tolokers_bid,2.6666666666666665,GREEDY,REPLAY,1,0.1,241028140006
14,round_2,val_set_best,6.8932318687438965,0.5997666277712952,0.4664246823956443,0.6566073490884885,0.7536790282955036,514,588,1735,343,0.22513562440872192,0.11256781220436096,0.29476433992385864,0.14738216996192932,0.5812593102455139,0.0,0.2599499821662903,521,354,0.43233081698417664,1,12932,1271118,cuda:0,True,False,False,ADVER,NODE,INDUCTIVE,False,3,1,128,459,0,0,REAGE,0.02727929920054431,0.09772070079945569,8,0.5,NONE,False,False,XGB-SP,temporal,64,2,64,2,2,0.1,LeakyReLU,layer,<class 'models.benchmarks_supervised.booster.GIN_noparam'>,<class 'xgboost.sklearn.XGBClassifier'>,<function average_precision_score at 0x000001C8520A5760>,500,7,mean_final,normal,1,0,1,1,1,1,1,round,ndist,True,0.1,0,NONE,0.05,7,OR,100,50,75,['none'],7777777,False,[],50,0,10,0.5,0.6,0.2,0.2,<class 'torch.optim.adam.Adam'>,0.01,<function cross_entropy at 0x000001C84AF6F880>,5,tolokers_bid,2.6666666666666665,GREEDY,REPLAY,1,0.1,241028140006
15,round_2,entire_graph,0.0,0.5326009922041106,0.5279241306638567,0.6991939631108598,0.8095291622065149,1503,1344,8766,1319,0.22513562440872192,0.11256781220436096,0.29476433992385864,0.14738216996192932,0.5812593102455139,0.0,0.2599499821662903,521,354,0.43233081698417664,1,12932,1271118,cuda:0,True,False,False,ADVER,NODE,INDUCTIVE,False,3,1,128,459,0,0,REAGE,0.02727929920054431,0.09772070079945569,8,0.5,NONE,False,False,XGB-SP,temporal,64,2,64,2,2,0.1,LeakyReLU,layer,<class 'models.benchmarks_supervised.booster.GIN_noparam'>,<class 'xgboost.sklearn.XGBClassifier'>,<function average_precision_score at 0x000001C8520A5760>,500,7,mean_final,normal,1,0,1,1,1,1,1,round,ndist,True,0.1,0,NONE,0.05,7,OR,100,50,75,['none'],7777777,False,[],50,0,10,0.5,0.6,0.2,0.2,<class 'torch.optim.adam.Adam'>,0.01,<function cross_entropy at 0x000001C84AF6F880>,5,tolokers_bid,2.6666666666666665,GREEDY,REPLAY,1,0.1,241028140006
16,round_2,train_set,0.0,0.6982892690513219,0.6511965192168238,0.7737606003752344,0.8736006904703661,898,481,3003,388,0.22513562440872192,0.11256781220436096,0.29476433992385864,0.14738216996192932,0.5812593102455139,0.0,0.2599499821662903,521,354,0.43233081698417664,1,12932,1271118,cuda:0,True,False,False,ADVER,NODE,INDUCTIVE,False,3,1,128,459,0,0,REAGE,0.02727929920054431,0.09772070079945569,8,0.5,NONE,False,False,XGB-SP,temporal,64,2,64,2,2,0.1,LeakyReLU,layer,<class 'models.benchmarks_supervised.booster.GIN_noparam'>,<class 'xgboost.sklearn.XGBClassifier'>,<function average_precision_score at 0x000001C8520A5760>,500,7,mean_final,normal,1,0,1,1,1,1,1,round,ndist,True,0.1,0,NONE,0.05,7,OR,100,50,75,['none'],7777777,False,[],50,0,10,0.5,0.6,0.2,0.2,<class 'torch.optim.adam.Adam'>,0.01,<function cross_entropy at 0x000001C84AF6F880>,5,tolokers_bid,2.6666666666666665,GREEDY,REPLAY,1,0.1,241028140006
17,round_2,val_set,0.0,0.5215869311551925,0.465625,0.6444250506170415,0.7443185214467872,447,513,1810,410,0.22513562440872192,0.11256781220436096,0.29476433992385864,0.14738216996192932,0.5812593102455139,0.0,0.2599499821662903,521,354,0.43233081698417664,1,12932,1271118,cuda:0,True,False,False,ADVER,NODE,INDUCTIVE,False,3,1,128,459,0,0,REAGE,0.02727929920054431,0.09772070079945569,8,0.5,NONE,False,False,XGB-SP,temporal,64,2,64,2,2,0.1,LeakyReLU,layer,<class 'models.benchmarks_supervised.booster.GIN_noparam'>,<class 'xgboost.sklearn.XGBClassifier'>,<function average_precision_score at 0x000001C8520A5760>,500,7,mean_final,normal,1,0,1,1,1,1,1,round,ndist,True,0.1,0,NONE,0.05,7,OR,100,50,75,['none'],7777777,False,[],50,0,10,0.5,0.6,0.2,0.2,<class 'torch.optim.adam.Adam'>,0.01,<function cross_entropy at 0x000001C84AF6F880>,5,tolokers_bid,2.6666666666666665,GREEDY,REPLAY,1,0.1,241028140006
18,round_2,test_set,0.0,0.23269513991163476,0.3110236220472441,0.5834903567271394,0.739957771695399,158,350,3953,521,0.22513562440872192,0.11256781220436096,0.29476433992385864,0.14738216996192932,0.5812593102455139,0.0,0.2599499821662903,521,354,0.43233081698417664,1,12932,1271118,cuda:0,True,False,False,ADVER,NODE,INDUCTIVE,False,3,1,128,459,0,0,REAGE,0.02727929920054431,0.09772070079945569,8,0.5,NONE,False,False,XGB-SP,temporal,64,2,64,2,2,0.1,LeakyReLU,layer,<class 'models.benchmarks_supervised.booster.GIN_noparam'>,<class 'xgboost.sklearn.XGBClassifier'>,<function average_precision_score at 0x000001C8520A5760>,500,7,mean_final,normal,1,0,1,1,1,1,1,round,ndist,True,0.1,0,NONE,0.05,7,OR,100,50,75,['none'],7777777,False,[],50,0,10,0.5,0.6,0.2,0.2,<class 'torch.optim.adam.Adam'>,0.01,<function cross_entropy at 0x000001C84AF6F880>,5,tolokers_bid,2.6666666666666665,GREEDY,REPLAY,1,0.1,241028140006
19,round_2,round_0_nodes,0.0,0.5400149588631264,0.5328413284132841,0.6993734899002166,0.8098055644204329,722,633,3909,615,0.22513562440872192,0.11256781220436096,0.29476433992385864,0.14738216996192932,0.5812593102455139,0.0,0.2599499821662903,521,354,0.43233081698417664,1,12932,1271118,cuda:0,True,False,False,ADVER,NODE,INDUCTIVE,False,3,1,128,459,0,0,REAGE,0.02727929920054431,0.09772070079945569,8,0.5,NONE,False,False,XGB-SP,temporal,64,2,64,2,2,0.1,LeakyReLU,layer,<class 'models.benchmarks_supervised.booster.GIN_noparam'>,<class 'xgboost.sklearn.XGBClassifier'>,<function average_precision_score at 0x000001C8520A5760>,500,7,mean_final,normal,1,0,1,1,1,1,1,round,ndist,True,0.1,0,NONE,0.05,7,OR,100,50,75,['none'],7777777,False,[],50,0,10,0.5,0.6,0.2,0.2,<class 'torch.optim.adam.Adam'>,0.01,<function cross_entropy at 0x000001C84AF6F880>,5,tolokers_bid,2.6666666666666665,GREEDY,REPLAY,1,0.1,241028140006
20,round_2,round_1_nodes,0.0,0.3984375,0.4811320754716981,0.6477359519912711,0.7260688997821352,51,55,404,77,0.22513562440872192,0.11256781220436096,0.29476433992385864,0.14738216996192932,0.5812593102455139,0.0,0.2599499821662903,521,354,0.43233081698417664,1,12932,1271118,cuda:0,True,False,False,ADVER,NODE,INDUCTIVE,False,3,1,128,459,0,0,REAGE,0.02727929920054431,0.09772070079945569,8,0.5,NONE,False,False,XGB-SP,temporal,64,2,64,2,2,0.1,LeakyReLU,layer,<class 'models.benchmarks_supervised.booster.GIN_noparam'>,<class 'xgboost.sklearn.XGBClassifier'>,<function average_precision_score at 0x000001C8520A5760>,500,7,mean_final,normal,1,0,1,1,1,1,1,round,ndist,True,0.1,0,NONE,0.05,7,OR,100,50,75,['none'],7777777,False,[],50,0,10,0.5,0.6,0.2,0.2,<class 'torch.optim.adam.Adam'>,0.01,<function cross_entropy at 0x000001C84AF6F880>,5,tolokers_bid,2.6666666666666665,GREEDY,REPLAY,1,0.1,241028140006
21,round_2,round_2_nodes,0.0,0.2265625,0.31868131868131866,0.5481268976069233,0.6818661492374728,29,62,397,99,0.22513562440872192,0.11256781220436096,0.29476433992385864,0.14738216996192932,0.5812593102455139,0.0,0.2599499821662903,521,354,0.43233081698417664,1,12932,1271118,cuda:0,True,False,False,ADVER,NODE,INDUCTIVE,False,3,1,128,459,0,0,REAGE,0.02727929920054431,0.09772070079945569,8,0.5,NONE,False,False,XGB-SP,temporal,64,2,64,2,2,0.1,LeakyReLU,layer,<class 'models.benchmarks_supervised.booster.GIN_noparam'>,<class 'xgboost.sklearn.XGBClassifier'>,<function average_precision_score at 0x000001C8520A5760>,500,7,mean_final,normal,1,0,1,1,1,1,1,round,ndist,True,0.1,0,NONE,0.05,7,OR,100,50,75,['none'],7777777,False,[],50,0,10,0.5,0.6,0.2,0.2,<class 'torch.optim.adam.Adam'>,0.01,<function cross_entropy at 0x000001C84AF6F880>,5,tolokers_bid,2.6666666666666665,GREEDY,REPLAY,1,0.1,241028140006
22,round_2,seed_current_pred,0.0,0.2578125,0.29464285714285715,0.5443522483940043,0.6533479711328976,33,79,380,95,0.22513562440872192,0.11256781220436096,0.29476433992385864,0.14738216996192932,0.5812593102455139,0.0,0.2599499821662903,521,354,0.43233081698417664,1,12932,1271118,cuda:0,True,False,False,ADVER,NODE,INDUCTIVE,False,3,1,128,459,0,0,REAGE,0.02727929920054431,0.09772070079945569,8,0.5,NONE,False,False,XGB-SP,temporal,64,2,64,2,2,0.1,LeakyReLU,layer,<class 'models.benchmarks_supervised.booster.GIN_noparam'>,<class 'xgboost.sklearn.XGBClassifier'>,<function average_precision_score at 0x000001C8520A5760>,500,7,mean_final,normal,1,0,1,1,1,1,1,round,ndist,True,0.1,0,NONE,0.05,7,OR,100,50,75,['none'],7777777,False,[],50,0,10,0.5,0.6,0.2,0.2,<class 'torch.optim.adam.Adam'>,0.01,<function cross_entropy at 0x000001C84AF6F880>,5,tolokers_bid,2.6666666666666665,GREEDY,REPLAY,1,0.1,241028140006
23,round_2,seed_prev_pred,0.0,0.0,0.0,0.3973305954825462,0.6533479711328976,0,72,387,128,0.22513562440872192,0.11256781220436096,0.29476433992385864,0.14738216996192932,0.5812593102455139,0.0,0.2599499821662903,521,354,0.43233081698417664,1,12932,1271118,cuda:0,True,False,False,ADVER,NODE,INDUCTIVE,False,3,1,128,459,0,0,REAGE,0.02727929920054431,0.09772070079945569,8,0.5,NONE,False,False,XGB-SP,temporal,64,2,64,2,2,0.1,LeakyReLU,layer,<class 'models.benchmarks_supervised.booster.GIN_noparam'>,<class 'xgboost.sklearn.XGBClassifier'>,<function average_precision_score at 0x000001C8520A5760>,500,7,mean_final,normal,1,0,1,1,1,1,1,round,ndist,True,0.1,0,NONE,0.05,7,OR,100,50,75,['none'],7777777,False,[],50,0,10,0.5,0.6,0.2,0.2,<class 'torch.optim.adam.Adam'>,0.01,<function cross_entropy at 0x000001C84AF6F880>,5,tolokers_bid,2.6666666666666665,GREEDY,REPLAY,1,0.1,241028140006
0,round_0,val_set_best,6.486300706863403,0.501937984496124,0.44655172413793104,0.6562140903426287,0.7754856572258533,259,321,1515,257,0.33775538206100464,0.16887769103050232,0.41441476345062256,0.20720738172531128,0.6652503609657288,0.0,0.3760850727558136,702,702,0.0,2,12932,1268968,cuda:0,True,False,False,ADVER,NODE,INDUCTIVE,False,3,1,128,459,0,0,REAGE,0.02727929920054431,0.09772070079945569,8,0.5,NONE,False,False,XGB-SP,temporal,64,2,64,2,2,0.1,LeakyReLU,layer,<class 'models.benchmarks_supervised.booster.GIN_noparam'>,<class 'xgboost.sklearn.XGBClassifier'>,<function average_precision_score at 0x000001C8520A5760>,500,7,mean_final,normal,1,0,1,1,1,1,1,round,ndist,True,0.1,0,NONE,0.05,7,OR,100,50,75,['none'],7777777,False,[],50,0,10,0.5,0.6,0.2,0.2,<class 'torch.optim.adam.Adam'>,0.01,<function cross_entropy at 0x000001C84AF6F880>,5,tolokers_bid,2.6666666666666665,GREEDY,REPLAY,1,0.1,241028140006
1,round_0,entire_graph,0.0,0.4886983632112237,0.4768060836501901,0.6679770465020118,0.7843276915030658,1254,1376,7816,1312,0.33775538206100464,0.16887769103050232,0.41441476345062256,0.20720738172531128,0.6652503609657288,0.0,0.3760850727558136,702,702,0.0,2,12932,1268968,cuda:0,True,False,False,ADVER,NODE,INDUCTIVE,False,3,1,128,459,0,0,REAGE,0.02727929920054431,0.09772070079945569,8,0.5,NONE,False,False,XGB-SP,temporal,64,2,64,2,2,0.1,LeakyReLU,layer,<class 'models.benchmarks_supervised.booster.GIN_noparam'>,<class 'xgboost.sklearn.XGBClassifier'>,<function average_precision_score at 0x000001C8520A5760>,500,7,mean_final,normal,1,0,1,1,1,1,1,round,ndist,True,0.1,0,NONE,0.05,7,OR,100,50,75,['none'],7777777,False,[],50,0,10,0.5,0.6,0.2,0.2,<class 'torch.optim.adam.Adam'>,0.01,<function cross_entropy at 0x000001C84AF6F880>,5,tolokers_bid,2.6666666666666665,GREEDY,REPLAY,1,0.1,241028140006
2,round_0,train_set,0.0,0.5847347994825356,0.5148063781321185,0.7046452085472403,0.8264079720336219,452,426,2328,321,0.33775538206100464,0.16887769103050232,0.41441476345062256,0.20720738172531128,0.6652503609657288,0.0,0.3760850727558136,702,702,0.0,2,12932,1268968,cuda:0,True,False,False,ADVER,NODE,INDUCTIVE,False,3,1,128,459,0,0,REAGE,0.02727929920054431,0.09772070079945569,8,0.5,NONE,False,False,XGB-SP,temporal,64,2,64,2,2,0.1,LeakyReLU,layer,<class 'models.benchmarks_supervised.booster.GIN_noparam'>,<class 'xgboost.sklearn.XGBClassifier'>,<function average_precision_score at 0x000001C8520A5760>,500,7,mean_final,normal,1,0,1,1,1,1,1,round,ndist,True,0.1,0,NONE,0.05,7,OR,100,50,75,['none'],7777777,False,[],50,0,10,0.5,0.6,0.2,0.2,<class 'torch.optim.adam.Adam'>,0.01,<function cross_entropy at 0x000001C84AF6F880>,5,tolokers_bid,2.6666666666666665,GREEDY,REPLAY,1,0.1,241028140006
3,round_0,val_set,0.0,0.43992248062015504,0.425891181988743,0.6350012193229432,0.7526932284541724,227,306,1530,289,0.33775538206100464,0.16887769103050232,0.41441476345062256,0.20720738172531128,0.6652503609657288,0.0,0.3760850727558136,702,702,0.0,2,12932,1268968,cuda:0,True,False,False,ADVER,NODE,INDUCTIVE,False,3,1,128,459,0,0,REAGE,0.02727929920054431,0.09772070079945569,8,0.5,NONE,False,False,XGB-SP,temporal,64,2,64,2,2,0.1,LeakyReLU,layer,<class 'models.benchmarks_supervised.booster.GIN_noparam'>,<class 'xgboost.sklearn.XGBClassifier'>,<function average_precision_score at 0x000001C8520A5760>,500,7,mean_final,normal,1,0,1,1,1,1,1,round,ndist,True,0.1,0,NONE,0.05,7,OR,100,50,75,['none'],7777777,False,[],50,0,10,0.5,0.6,0.2,0.2,<class 'torch.optim.adam.Adam'>,0.01,<function cross_entropy at 0x000001C84AF6F880>,5,tolokers_bid,2.6666666666666665,GREEDY,REPLAY,1,0.1,241028140006
4,round_0,test_set,0.0,0.45027407987470636,0.4716981132075472,0.6577060978411928,0.7747635854759276,575,644,3958,702,0.33775538206100464,0.16887769103050232,0.41441476345062256,0.20720738172531128,0.6652503609657288,0.0,0.3760850727558136,702,702,0.0,2,12932,1268968,cuda:0,True,False,False,ADVER,NODE,INDUCTIVE,False,3,1,128,459,0,0,REAGE,0.02727929920054431,0.09772070079945569,8,0.5,NONE,False,False,XGB-SP,temporal,64,2,64,2,2,0.1,LeakyReLU,layer,<class 'models.benchmarks_supervised.booster.GIN_noparam'>,<class 'xgboost.sklearn.XGBClassifier'>,<function average_precision_score at 0x000001C8520A5760>,500,7,mean_final,normal,1,0,1,1,1,1,1,round,ndist,True,0.1,0,NONE,0.05,7,OR,100,50,75,['none'],7777777,False,[],50,0,10,0.5,0.6,0.2,0.2,<class 'torch.optim.adam.Adam'>,0.01,<function cross_entropy at 0x000001C84AF6F880>,5,tolokers_bid,2.6666666666666665,GREEDY,REPLAY,1,0.1,241028140006
5,round_1,val_set_best,5.860335826873779,0.5750670241286864,0.5263803680981595,0.6894875842158315,0.7987326870338078,429,386,1708,317,0.29890233278274536,0.14945116639137268,0.32718420028686523,0.16359210014343262,0.5634047389030457,0.0,0.3130432665348053,549,456,0.3054956793785095,2,12932,1268968,cuda:0,True,False,False,ADVER,NODE,INDUCTIVE,False,3,1,128,459,0,0,REAGE,0.02727929920054431,0.09772070079945569,8,0.5,NONE,False,False,XGB-SP,temporal,64,2,64,2,2,0.1,LeakyReLU,layer,<class 'models.benchmarks_supervised.booster.GIN_noparam'>,<class 'xgboost.sklearn.XGBClassifier'>,<function average_precision_score at 0x000001C8520A5760>,500,7,mean_final,normal,1,0,1,1,1,1,1,round,ndist,True,0.1,0,NONE,0.05,7,OR,100,50,75,['none'],7777777,False,[],50,0,10,0.5,0.6,0.2,0.2,<class 'torch.optim.adam.Adam'>,0.01,<function cross_entropy at 0x000001C84AF6F880>,5,tolokers_bid,2.6666666666666665,GREEDY,REPLAY,1,0.1,241028140006
6,round_1,entire_graph,0.0,0.5764662212323682,0.5169773635153129,0.7043125139165577,0.8229009045225513,1553,1451,8200,1141,0.29890233278274536,0.14945116639137268,0.32718420028686523,0.16359210014343262,0.5634047389030457,0.0,0.3130432665348053,549,456,0.3054956793785095,2,12932,1268968,cuda:0,True,False,False,ADVER,NODE,INDUCTIVE,False,3,1,128,459,0,0,REAGE,0.02727929920054431,0.09772070079945569,8,0.5,NONE,False,False,XGB-SP,temporal,64,2,64,2,2,0.1,LeakyReLU,layer,<class 'models.benchmarks_supervised.booster.GIN_noparam'>,<class 'xgboost.sklearn.XGBClassifier'>,<function average_precision_score at 0x000001C8520A5760>,500,7,mean_final,normal,1,0,1,1,1,1,1,round,ndist,True,0.1,0,NONE,0.05,7,OR,100,50,75,['none'],7777777,False,[],50,0,10,0.5,0.6,0.2,0.2,<class 'torch.optim.adam.Adam'>,0.01,<function cross_entropy at 0x000001C84AF6F880>,5,tolokers_bid,2.6666666666666665,GREEDY,REPLAY,1,0.1,241028140006
7,round_1,train_set,0.0,0.7522361359570662,0.622501850481125,0.7755501440953653,0.8902104246664312,841,510,2630,277,0.29890233278274536,0.14945116639137268,0.32718420028686523,0.16359210014343262,0.5634047389030457,0.0,0.3130432665348053,549,456,0.3054956793785095,2,12932,1268968,cuda:0,True,False,False,ADVER,NODE,INDUCTIVE,False,3,1,128,459,0,0,REAGE,0.02727929920054431,0.09772070079945569,8,0.5,NONE,False,False,XGB-SP,temporal,64,2,64,2,2,0.1,LeakyReLU,layer,<class 'models.benchmarks_supervised.booster.GIN_noparam'>,<class 'xgboost.sklearn.XGBClassifier'>,<function average_precision_score at 0x000001C8520A5760>,500,7,mean_final,normal,1,0,1,1,1,1,1,round,ndist,True,0.1,0,NONE,0.05,7,OR,100,50,75,['none'],7777777,False,[],50,0,10,0.5,0.6,0.2,0.2,<class 'torch.optim.adam.Adam'>,0.01,<function cross_entropy at 0x000001C84AF6F880>,5,tolokers_bid,2.6666666666666665,GREEDY,REPLAY,1,0.1,241028140006
8,round_1,val_set,0.0,0.5777479892761395,0.48700564971751414,0.6692933393035256,0.7823623476753446,431,454,1640,315,0.29890233278274536,0.14945116639137268,0.32718420028686523,0.16359210014343262,0.5634047389030457,0.0,0.3130432665348053,549,456,0.3054956793785095,2,12932,1268968,cuda:0,True,False,False,ADVER,NODE,INDUCTIVE,False,3,1,128,459,0,0,REAGE,0.02727929920054431,0.09772070079945569,8,0.5,NONE,False,False,XGB-SP,temporal,64,2,64,2,2,0.1,LeakyReLU,layer,<class 'models.benchmarks_supervised.booster.GIN_noparam'>,<class 'xgboost.sklearn.XGBClassifier'>,<function average_precision_score at 0x000001C8520A5760>,500,7,mean_final,normal,1,0,1,1,1,1,1,round,ndist,True,0.1,0,NONE,0.05,7,OR,100,50,75,['none'],7777777,False,[],50,0,10,0.5,0.6,0.2,0.2,<class 'torch.optim.adam.Adam'>,0.01,<function cross_entropy at 0x000001C84AF6F880>,5,tolokers_bid,2.6666666666666665,GREEDY,REPLAY,1,0.1,241028140006
9,round_1,test_set,0.0,0.3385542168674699,0.3658854166666667,0.6176163887413224,0.7607447676147197,281,487,3930,549,0.29890233278274536,0.14945116639137268,0.32718420028686523,0.16359210014343262,0.5634047389030457,0.0,0.3130432665348053,549,456,0.3054956793785095,2,12932,1268968,cuda:0,True,False,False,ADVER,NODE,INDUCTIVE,False,3,1,128,459,0,0,REAGE,0.02727929920054431,0.09772070079945569,8,0.5,NONE,False,False,XGB-SP,temporal,64,2,64,2,2,0.1,LeakyReLU,layer,<class 'models.benchmarks_supervised.booster.GIN_noparam'>,<class 'xgboost.sklearn.XGBClassifier'>,<function average_precision_score at 0x000001C8520A5760>,500,7,mean_final,normal,1,0,1,1,1,1,1,round,ndist,True,0.1,0,NONE,0.05,7,OR,100,50,75,['none'],7777777,False,[],50,0,10,0.5,0.6,0.2,0.2,<class 'torch.optim.adam.Adam'>,0.01,<function cross_entropy at 0x000001C84AF6F880>,5,tolokers_bid,2.6666666666666665,GREEDY,REPLAY,1,0.1,241028140006
10,round_1,round_0_nodes,0.0,0.543461237274863,0.5140740740740741,0.6963338726084736,0.808922833931793,694,656,3946,583,0.29890233278274536,0.14945116639137268,0.32718420028686523,0.16359210014343262,0.5634047389030457,0.0,0.3130432665348053,549,456,0.3054956793785095,2,12932,1268968,cuda:0,True,False,False,ADVER,NODE,INDUCTIVE,False,3,1,128,459,0,0,REAGE,0.02727929920054431,0.09772070079945569,8,0.5,NONE,False,False,XGB-SP,temporal,64,2,64,2,2,0.1,LeakyReLU,layer,<class 'models.benchmarks_supervised.booster.GIN_noparam'>,<class 'xgboost.sklearn.XGBClassifier'>,<function average_precision_score at 0x000001C8520A5760>,500,7,mean_final,normal,1,0,1,1,1,1,1,round,ndist,True,0.1,0,NONE,0.05,7,OR,100,50,75,['none'],7777777,False,[],50,0,10,0.5,0.6,0.2,0.2,<class 'torch.optim.adam.Adam'>,0.01,<function cross_entropy at 0x000001C84AF6F880>,5,tolokers_bid,2.6666666666666665,GREEDY,REPLAY,1,0.1,241028140006
11,round_1,round_1_nodes,0.0,0.2734375,0.3465346534653465,0.5687114438206141,0.7116523692810457,35,66,393,93,0.29890233278274536,0.14945116639137268,0.32718420028686523,0.16359210014343262,0.5634047389030457,0.0,0.3130432665348053,549,456,0.3054956793785095,2,12932,1268968,cuda:0,True,False,False,ADVER,NODE,INDUCTIVE,False,3,1,128,459,0,0,REAGE,0.02727929920054431,0.09772070079945569,8,0.5,NONE,False,False,XGB-SP,temporal,64,2,64,2,2,0.1,LeakyReLU,layer,<class 'models.benchmarks_supervised.booster.GIN_noparam'>,<class 'xgboost.sklearn.XGBClassifier'>,<function average_precision_score at 0x000001C8520A5760>,500,7,mean_final,normal,1,0,1,1,1,1,1,round,ndist,True,0.1,0,NONE,0.05,7,OR,100,50,75,['none'],7777777,False,[],50,0,10,0.5,0.6,0.2,0.2,<class 'torch.optim.adam.Adam'>,0.01,<function cross_entropy at 0x000001C84AF6F880>,5,tolokers_bid,2.6666666666666665,GREEDY,REPLAY,1,0.1,241028140006
12,round_1,seed_current_pred,0.0,0.3515625,0.391304347826087,0.6030154751959264,0.7209031181917211,45,70,389,83,0.29890233278274536,0.14945116639137268,0.32718420028686523,0.16359210014343262,0.5634047389030457,0.0,0.3130432665348053,549,456,0.3054956793785095,2,12932,1268968,cuda:0,True,False,False,ADVER,NODE,INDUCTIVE,False,3,1,128,459,0,0,REAGE,0.02727929920054431,0.09772070079945569,8,0.5,NONE,False,False,XGB-SP,temporal,64,2,64,2,2,0.1,LeakyReLU,layer,<class 'models.benchmarks_supervised.booster.GIN_noparam'>,<class 'xgboost.sklearn.XGBClassifier'>,<function average_precision_score at 0x000001C8520A5760>,500,7,mean_final,normal,1,0,1,1,1,1,1,round,ndist,True,0.1,0,NONE,0.05,7,OR,100,50,75,['none'],7777777,False,[],50,0,10,0.5,0.6,0.2,0.2,<class 'torch.optim.adam.Adam'>,0.01,<function cross_entropy at 0x000001C84AF6F880>,5,tolokers_bid,2.6666666666666665,GREEDY,REPLAY,1,0.1,241028140006
13,round_1,seed_prev_pred,0.0,0.0,0.0,0.39979550102249484,0.7209031181917211,0,68,391,128,0.29890233278274536,0.14945116639137268,0.32718420028686523,0.16359210014343262,0.5634047389030457,0.0,0.3130432665348053,549,456,0.3054956793785095,2,12932,1268968,cuda:0,True,False,False,ADVER,NODE,INDUCTIVE,False,3,1,128,459,0,0,REAGE,0.02727929920054431,0.09772070079945569,8,0.5,NONE,False,False,XGB-SP,temporal,64,2,64,2,2,0.1,LeakyReLU,layer,<class 'models.benchmarks_supervised.booster.GIN_noparam'>,<class 'xgboost.sklearn.XGBClassifier'>,<function average_precision_score at 0x000001C8520A5760>,500,7,mean_final,normal,1,0,1,1,1,1,1,round,ndist,True,0.1,0,NONE,0.05,7,OR,100,50,75,['none'],7777777,False,[],50,0,10,0.5,0.6,0.2,0.2,<class 'torch.optim.adam.Adam'>,0.01,<function cross_entropy at 0x000001C84AF6F880>,5,tolokers_bid,2.6666666666666665,GREEDY,REPLAY,1,0.1,241028140006
14,round_2,val_set_best,7.463793516159058,0.6421911421911422,0.5272727272727272,0.698333535381991,0.7894648674465188,551,494,1795,307,0.2955188751220703,0.14775943756103516,0.31096166372299194,0.15548083186149597,0.5888974070549011,0.0,0.30324026942253113,488,332,0.5107748508453369,2,12932,1268968,cuda:0,True,False,False,ADVER,NODE,INDUCTIVE,False,3,1,128,459,0,0,REAGE,0.02727929920054431,0.09772070079945569,8,0.5,NONE,False,False,XGB-SP,temporal,64,2,64,2,2,0.1,LeakyReLU,layer,<class 'models.benchmarks_supervised.booster.GIN_noparam'>,<class 'xgboost.sklearn.XGBClassifier'>,<function average_precision_score at 0x000001C8520A5760>,500,7,mean_final,normal,1,0,1,1,1,1,1,round,ndist,True,0.1,0,NONE,0.05,7,OR,100,50,75,['none'],7777777,False,[],50,0,10,0.5,0.6,0.2,0.2,<class 'torch.optim.adam.Adam'>,0.01,<function cross_entropy at 0x000001C84AF6F880>,5,tolokers_bid,2.6666666666666665,GREEDY,REPLAY,1,0.1,241028140006
15,round_2,entire_graph,0.0,0.5956768249468463,0.5101669195751138,0.7050504808667637,0.8213892750264454,1681,1614,8496,1141,0.2955188751220703,0.14775943756103516,0.31096166372299194,0.15548083186149597,0.5888974070549011,0.0,0.30324026942253113,488,332,0.5107748508453369,2,12932,1268968,cuda:0,True,False,False,ADVER,NODE,INDUCTIVE,False,3,1,128,459,0,0,REAGE,0.02727929920054431,0.09772070079945569,8,0.5,NONE,False,False,XGB-SP,temporal,64,2,64,2,2,0.1,LeakyReLU,layer,<class 'models.benchmarks_supervised.booster.GIN_noparam'>,<class 'xgboost.sklearn.XGBClassifier'>,<function average_precision_score at 0x000001C8520A5760>,500,7,mean_final,normal,1,0,1,1,1,1,1,round,ndist,True,0.1,0,NONE,0.05,7,OR,100,50,75,['none'],7777777,False,[],50,0,10,0.5,0.6,0.2,0.2,<class 'torch.optim.adam.Adam'>,0.01,<function cross_entropy at 0x000001C84AF6F880>,5,tolokers_bid,2.6666666666666665,GREEDY,REPLAY,1,0.1,241028140006
16,round_2,train_set,0.0,0.745920745920746,0.5962732919254659,0.7566945166298429,0.867077173021229,960,650,2782,327,0.2955188751220703,0.14775943756103516,0.31096166372299194,0.15548083186149597,0.5888974070549011,0.0,0.30324026942253113,488,332,0.5107748508453369,2,12932,1268968,cuda:0,True,False,False,ADVER,NODE,INDUCTIVE,False,3,1,128,459,0,0,REAGE,0.02727929920054431,0.09772070079945569,8,0.5,NONE,False,False,XGB-SP,temporal,64,2,64,2,2,0.1,LeakyReLU,layer,<class 'models.benchmarks_supervised.booster.GIN_noparam'>,<class 'xgboost.sklearn.XGBClassifier'>,<function average_precision_score at 0x000001C8520A5760>,500,7,mean_final,normal,1,0,1,1,1,1,1,round,ndist,True,0.1,0,NONE,0.05,7,OR,100,50,75,['none'],7777777,False,[],50,0,10,0.5,0.6,0.2,0.2,<class 'torch.optim.adam.Adam'>,0.01,<function cross_entropy at 0x000001C84AF6F880>,5,tolokers_bid,2.6666666666666665,GREEDY,REPLAY,1,0.1,241028140006
17,round_2,val_set,0.0,0.62004662004662,0.4724689165186501,0.6614166230072599,0.7648796157970471,532,594,1695,326,0.2955188751220703,0.14775943756103516,0.31096166372299194,0.15548083186149597,0.5888974070549011,0.0,0.30324026942253113,488,332,0.5107748508453369,2,12932,1268968,cuda:0,True,False,False,ADVER,NODE,INDUCTIVE,False,3,1,128,459,0,0,REAGE,0.02727929920054431,0.09772070079945569,8,0.5,NONE,False,False,XGB-SP,temporal,64,2,64,2,2,0.1,LeakyReLU,layer,<class 'models.benchmarks_supervised.booster.GIN_noparam'>,<class 'xgboost.sklearn.XGBClassifier'>,<function average_precision_score at 0x000001C8520A5760>,500,7,mean_final,normal,1,0,1,1,1,1,1,round,ndist,True,0.1,0,NONE,0.05,7,OR,100,50,75,['none'],7777777,False,[],50,0,10,0.5,0.6,0.2,0.2,<class 'torch.optim.adam.Adam'>,0.01,<function cross_entropy at 0x000001C84AF6F880>,5,tolokers_bid,2.6666666666666665,GREEDY,REPLAY,1,0.1,241028140006
18,round_2,test_set,0.0,0.2791728212703102,0.33810375670840787,0.6046887004959139,0.7720612461730397,189,370,4019,488,0.2955188751220703,0.14775943756103516,0.31096166372299194,0.15548083186149597,0.5888974070549011,0.0,0.30324026942253113,488,332,0.5107748508453369,2,12932,1268968,cuda:0,True,False,False,ADVER,NODE,INDUCTIVE,False,3,1,128,459,0,0,REAGE,0.02727929920054431,0.09772070079945569,8,0.5,NONE,False,False,XGB-SP,temporal,64,2,64,2,2,0.1,LeakyReLU,layer,<class 'models.benchmarks_supervised.booster.GIN_noparam'>,<class 'xgboost.sklearn.XGBClassifier'>,<function average_precision_score at 0x000001C8520A5760>,500,7,mean_final,normal,1,0,1,1,1,1,1,round,ndist,True,0.1,0,NONE,0.05,7,OR,100,50,75,['none'],7777777,False,[],50,0,10,0.5,0.6,0.2,0.2,<class 'torch.optim.adam.Adam'>,0.01,<function cross_entropy at 0x000001C84AF6F880>,5,tolokers_bid,2.6666666666666665,GREEDY,REPLAY,1,0.1,241028140006
19,round_2,round_0_nodes,0.0,0.5732184808144087,0.5126050420168067,0.7020691663163302,0.8200373029056517,732,696,3906,545,0.2955188751220703,0.14775943756103516,0.31096166372299194,0.15548083186149597,0.5888974070549011,0.0,0.30324026942253113,488,332,0.5107748508453369,2,12932,1268968,cuda:0,True,False,False,ADVER,NODE,INDUCTIVE,False,3,1,128,459,0,0,REAGE,0.02727929920054431,0.09772070079945569,8,0.5,NONE,False,False,XGB-SP,temporal,64,2,64,2,2,0.1,LeakyReLU,layer,<class 'models.benchmarks_supervised.booster.GIN_noparam'>,<class 'xgboost.sklearn.XGBClassifier'>,<function average_precision_score at 0x000001C8520A5760>,500,7,mean_final,normal,1,0,1,1,1,1,1,round,ndist,True,0.1,0,NONE,0.05,7,OR,100,50,75,['none'],7777777,False,[],50,0,10,0.5,0.6,0.2,0.2,<class 'torch.optim.adam.Adam'>,0.01,<function cross_entropy at 0x000001C84AF6F880>,5,tolokers_bid,2.6666666666666665,GREEDY,REPLAY,1,0.1,241028140006
20,round_2,round_1_nodes,0.0,0.40625,0.49056603773584906,0.6530732860520094,0.7807478894335512,52,54,405,76,0.2955188751220703,0.14775943756103516,0.31096166372299194,0.15548083186149597,0.5888974070549011,0.0,0.30324026942253113,488,332,0.5107748508453369,2,12932,1268968,cuda:0,True,False,False,ADVER,NODE,INDUCTIVE,False,3,1,128,459,0,0,REAGE,0.02727929920054431,0.09772070079945569,8,0.5,NONE,False,False,XGB-SP,temporal,64,2,64,2,2,0.1,LeakyReLU,layer,<class 'models.benchmarks_supervised.booster.GIN_noparam'>,<class 'xgboost.sklearn.XGBClassifier'>,<function average_precision_score at 0x000001C8520A5760>,500,7,mean_final,normal,1,0,1,1,1,1,1,round,ndist,True,0.1,0,NONE,0.05,7,OR,100,50,75,['none'],7777777,False,[],50,0,10,0.5,0.6,0.2,0.2,<class 'torch.optim.adam.Adam'>,0.01,<function cross_entropy at 0x000001C84AF6F880>,5,tolokers_bid,2.6666666666666665,GREEDY,REPLAY,1,0.1,241028140006
21,round_2,round_2_nodes,0.0,0.296875,0.4634146341463415,0.6114503062635843,0.7347579656862745,38,44,415,90,0.2955188751220703,0.14775943756103516,0.31096166372299194,0.15548083186149597,0.5888974070549011,0.0,0.30324026942253113,488,332,0.5107748508453369,2,12932,1268968,cuda:0,True,False,False,ADVER,NODE,INDUCTIVE,False,3,1,128,459,0,0,REAGE,0.02727929920054431,0.09772070079945569,8,0.5,NONE,False,False,XGB-SP,temporal,64,2,64,2,2,0.1,LeakyReLU,layer,<class 'models.benchmarks_supervised.booster.GIN_noparam'>,<class 'xgboost.sklearn.XGBClassifier'>,<function average_precision_score at 0x000001C8520A5760>,500,7,mean_final,normal,1,0,1,1,1,1,1,round,ndist,True,0.1,0,NONE,0.05,7,OR,100,50,75,['none'],7777777,False,[],50,0,10,0.5,0.6,0.2,0.2,<class 'torch.optim.adam.Adam'>,0.01,<function cross_entropy at 0x000001C84AF6F880>,5,tolokers_bid,2.6666666666666665,GREEDY,REPLAY,1,0.1,241028140006
22,round_2,seed_current_pred,0.0,0.375,0.40336134453781514,0.612886460612572,0.7159841367102397,48,71,388,80,0.2955188751220703,0.14775943756103516,0.31096166372299194,0.15548083186149597,0.5888974070549011,0.0,0.30324026942253113,488,332,0.5107748508453369,2,12932,1268968,cuda:0,True,False,False,ADVER,NODE,INDUCTIVE,False,3,1,128,459,0,0,REAGE,0.02727929920054431,0.09772070079945569,8,0.5,NONE,False,False,XGB-SP,temporal,64,2,64,2,2,0.1,LeakyReLU,layer,<class 'models.benchmarks_supervised.booster.GIN_noparam'>,<class 'xgboost.sklearn.XGBClassifier'>,<function average_precision_score at 0x000001C8520A5760>,500,7,mean_final,normal,1,0,1,1,1,1,1,round,ndist,True,0.1,0,NONE,0.05,7,OR,100,50,75,['none'],7777777,False,[],50,0,10,0.5,0.6,0.2,0.2,<class 'torch.optim.adam.Adam'>,0.01,<function cross_entropy at 0x000001C84AF6F880>,5,tolokers_bid,2.6666666666666665,GREEDY,REPLAY,1,0.1,241028140006
23,round_2,seed_prev_pred,0.0,0.0,0.0,0.4040609137055837,0.7159841367102397,0,61,398,128,0.2955188751220703,0.14775943756103516,0.31096166372299194,0.15548083186149597,0.5888974070549011,0.0,0.30324026942253113,488,332,0.5107748508453369,2,12932,1268968,cuda:0,True,False,False,ADVER,NODE,INDUCTIVE,False,3,1,128,459,0,0,REAGE,0.02727929920054431,0.09772070079945569,8,0.5,NONE,False,False,XGB-SP,temporal,64,2,64,2,2,0.1,LeakyReLU,layer,<class 'models.benchmarks_supervised.booster.GIN_noparam'>,<class 'xgboost.sklearn.XGBClassifier'>,<function average_precision_score at 0x000001C8520A5760>,500,7,mean_final,normal,1,0,1,1,1,1,1,round,ndist,True,0.1,0,NONE,0.05,7,OR,100,50,75,['none'],7777777,False,[],50,0,10,0.5,0.6,0.2,0.2,<class 'torch.optim.adam.Adam'>,0.01,<function cross_entropy at 0x000001C84AF6F880>,5,tolokers_bid,2.6666666666666665,GREEDY,REPLAY,1,0.1,241028140006
