,round,eval_type,time,rec,prec,f1,auc,tp,fp,tn,fn,recon_loss,weighted_recon_loss,disen_loss,weighted_disen_loss,temp_loss,weighted_temp_loss,final_loss,predicted_pos,predicted_pos_og,prediction_speed,trial,num_nodes,num_edges,device,save_df,save_embedding,save_temp_sne,exp_type,task_type,setting_type,full_oracle,round_num,node_expiration_time,round_new_pos,round_new_neg,round_budget_pos,round_budget_neg,augment_name,augment_pos_ratio,augment_neg_ratio,augment_round_split,augment_prob,pseudo_name,pseudo_skip_initial,pseudo_new_pos_only,model_name,embed_type,h_feats,num_layers,mlp_feats,mlp_layers,att_heads,dropout_rate,act_name,norm_name,boost_agg_backbone,boost_predictor,boost_metric,n_estimator,round_window,temporal_agg,tloss_type,alpha,beta,gamma,lambda_,lambda1,lambda2,k,training_type,loss_type,loss_sample,loss_sample_ratio,drop_rate,addon_name,addon_perc,addon_round_window,addon_internal_agg,num_epoch,num_round_epoch,early_stopping,etypes,random_state,round_reset_model,round_train_list,stuck_stopping,stuck_threshold,train_max_retry,ratio_initial,ratio_train,ratio_val,ratio_test,optimizer,learning_rate,loss,loss_gamma,dset_name,ce_weight,adver_choose_name,adver_mod_name,adver_feat_coef,adver_conn_coef,timestamp
0,round_0,val_set_best,6.283413410186768,0.6083499005964215,0.4309859154929577,0.6661886188085108,0.7879209330281157,306,404,1445,197,0.23736880719661713,0.11868440359830856,0.7452095150947571,0.0,0.6694160103797913,0.33470800518989563,0.4533924162387848,619,619,0.0,0,12932,1276088,cuda:0,True,False,False,ADVER,NODE,INDUCTIVE,False,3,1,128,459,0,0,REAGE,0.02727929920054431,0.09772070079945569,8,0.5,NONE,False,False,XGB-SP,temporal,64,2,64,2,2,0.1,LeakyReLU,layer,<class 'models.benchmarks_supervised.booster.GIN_noparam'>,<class 'xgboost.sklearn.XGBClassifier'>,<function average_precision_score at 0x000001C8520A5760>,500,7,mean_final,normal,0,1,1,1,1,1,1,round,ndist,True,0.1,0,NONE,0.05,7,OR,100,50,75,['none'],7777777,False,[],50,0,10,0.5,0.6,0.2,0.2,<class 'torch.optim.adam.Adam'>,0.01,<function cross_entropy at 0x000001C84AF6F880>,5,tolokers_bid,2.658806190125276,GREEDY,REPLAY,1,0.1,241028140006
1,round_0,entire_graph,0.0,0.5615744349181606,0.4829088471849866,0.6853882759526755,0.811458818776977,1441,1543,7649,1125,0.23736880719661713,0.11868440359830856,0.7452095150947571,0.0,0.6694160103797913,0.33470800518989563,0.4533924162387848,619,619,0.0,0,12932,1276088,cuda:0,True,False,False,ADVER,NODE,INDUCTIVE,False,3,1,128,459,0,0,REAGE,0.02727929920054431,0.09772070079945569,8,0.5,NONE,False,False,XGB-SP,temporal,64,2,64,2,2,0.1,LeakyReLU,layer,<class 'models.benchmarks_supervised.booster.GIN_noparam'>,<class 'xgboost.sklearn.XGBClassifier'>,<function average_precision_score at 0x000001C8520A5760>,500,7,mean_final,normal,0,1,1,1,1,1,1,round,ndist,True,0.1,0,NONE,0.05,7,OR,100,50,75,['none'],7777777,False,[],50,0,10,0.5,0.6,0.2,0.2,<class 'torch.optim.adam.Adam'>,0.01,<function cross_entropy at 0x000001C84AF6F880>,5,tolokers_bid,2.658806190125276,GREEDY,REPLAY,1,0.1,241028140006
2,round_0,train_set,0.0,0.6503311258278146,0.5395604395604395,0.7315250674686562,0.8598518295538162,491,419,2353,264,0.23736880719661713,0.11868440359830856,0.7452095150947571,0.0,0.6694160103797913,0.33470800518989563,0.4533924162387848,619,619,0.0,0,12932,1276088,cuda:0,True,False,False,ADVER,NODE,INDUCTIVE,False,3,1,128,459,0,0,REAGE,0.02727929920054431,0.09772070079945569,8,0.5,NONE,False,False,XGB-SP,temporal,64,2,64,2,2,0.1,LeakyReLU,layer,<class 'models.benchmarks_supervised.booster.GIN_noparam'>,<class 'xgboost.sklearn.XGBClassifier'>,<function average_precision_score at 0x000001C8520A5760>,500,7,mean_final,normal,0,1,1,1,1,1,1,round,ndist,True,0.1,0,NONE,0.05,7,OR,100,50,75,['none'],7777777,False,[],50,0,10,0.5,0.6,0.2,0.2,<class 'torch.optim.adam.Adam'>,0.01,<function cross_entropy at 0x000001C84AF6F880>,5,tolokers_bid,2.658806190125276,GREEDY,REPLAY,1,0.1,241028140006
3,round_0,val_set,0.0,0.5188866799204771,0.424390243902439,0.6503516457860872,0.7834550296920479,261,354,1495,242,0.23736880719661713,0.11868440359830856,0.7452095150947571,0.0,0.6694160103797913,0.33470800518989563,0.4533924162387848,619,619,0.0,0,12932,1276088,cuda:0,True,False,False,ADVER,NODE,INDUCTIVE,False,3,1,128,459,0,0,REAGE,0.02727929920054431,0.09772070079945569,8,0.5,NONE,False,False,XGB-SP,temporal,64,2,64,2,2,0.1,LeakyReLU,layer,<class 'models.benchmarks_supervised.booster.GIN_noparam'>,<class 'xgboost.sklearn.XGBClassifier'>,<function average_precision_score at 0x000001C8520A5760>,500,7,mean_final,normal,0,1,1,1,1,1,1,round,ndist,True,0.1,0,NONE,0.05,7,OR,100,50,75,['none'],7777777,False,[],50,0,10,0.5,0.6,0.2,0.2,<class 'torch.optim.adam.Adam'>,0.01,<function cross_entropy at 0x000001C84AF6F880>,5,tolokers_bid,2.658806190125276,GREEDY,REPLAY,1,0.1,241028140006
4,round_0,test_set,0.0,0.5267584097859327,0.4722412611377656,0.6717622332608479,0.7939416792610239,689,770,3801,619,0.23736880719661713,0.11868440359830856,0.7452095150947571,0.0,0.6694160103797913,0.33470800518989563,0.4533924162387848,619,619,0.0,0,12932,1276088,cuda:0,True,False,False,ADVER,NODE,INDUCTIVE,False,3,1,128,459,0,0,REAGE,0.02727929920054431,0.09772070079945569,8,0.5,NONE,False,False,XGB-SP,temporal,64,2,64,2,2,0.1,LeakyReLU,layer,<class 'models.benchmarks_supervised.booster.GIN_noparam'>,<class 'xgboost.sklearn.XGBClassifier'>,<function average_precision_score at 0x000001C8520A5760>,500,7,mean_final,normal,0,1,1,1,1,1,1,round,ndist,True,0.1,0,NONE,0.05,7,OR,100,50,75,['none'],7777777,False,[],50,0,10,0.5,0.6,0.2,0.2,<class 'torch.optim.adam.Adam'>,0.01,<function cross_entropy at 0x000001C84AF6F880>,5,tolokers_bid,2.658806190125276,GREEDY,REPLAY,1,0.1,241028140006
5,round_1,val_set_best,4.736652612686157,0.6161745827984596,0.5150214592274678,0.6902949671401147,0.7943495905202811,480,452,1705,299,0.20154356956481934,0.10077178478240967,0.6012883186340332,0.0,0.5600627064704895,0.28003135323524475,0.3808031380176544,447,366,0.25188538432121277,0,12932,1276088,cuda:0,True,False,False,ADVER,NODE,INDUCTIVE,False,3,1,128,459,0,0,REAGE,0.02727929920054431,0.09772070079945569,8,0.5,NONE,False,False,XGB-SP,temporal,64,2,64,2,2,0.1,LeakyReLU,layer,<class 'models.benchmarks_supervised.booster.GIN_noparam'>,<class 'xgboost.sklearn.XGBClassifier'>,<function average_precision_score at 0x000001C8520A5760>,500,7,mean_final,normal,0,1,1,1,1,1,1,round,ndist,True,0.1,0,NONE,0.05,7,OR,100,50,75,['none'],7777777,False,[],50,0,10,0.5,0.6,0.2,0.2,<class 'torch.optim.adam.Adam'>,0.01,<function cross_entropy at 0x000001C84AF6F880>,5,tolokers_bid,2.658806190125276,GREEDY,REPLAY,1,0.1,241028140006
6,round_1,entire_graph,0.0,0.6362286562731997,0.5081529795434332,0.7116587039067168,0.8318081481722509,1714,1659,7992,980,0.20154356956481934,0.10077178478240967,0.6012883186340332,0.0,0.5600627064704895,0.28003135323524475,0.3808031380176544,447,366,0.25188538432121277,0,12932,1276088,cuda:0,True,False,False,ADVER,NODE,INDUCTIVE,False,3,1,128,459,0,0,REAGE,0.02727929920054431,0.09772070079945569,8,0.5,NONE,False,False,XGB-SP,temporal,64,2,64,2,2,0.1,LeakyReLU,layer,<class 'models.benchmarks_supervised.booster.GIN_noparam'>,<class 'xgboost.sklearn.XGBClassifier'>,<function average_precision_score at 0x000001C8520A5760>,500,7,mean_final,normal,0,1,1,1,1,1,1,round,ndist,True,0.1,0,NONE,0.05,7,OR,100,50,75,['none'],7777777,False,[],50,0,10,0.5,0.6,0.2,0.2,<class 'torch.optim.adam.Adam'>,0.01,<function cross_entropy at 0x000001C84AF6F880>,5,tolokers_bid,2.658806190125276,GREEDY,REPLAY,1,0.1,241028140006
7,round_1,train_set,0.0,0.7936643835616438,0.614314115308151,0.7791214096786736,0.888930805821706,927,582,2652,241,0.20154356956481934,0.10077178478240967,0.6012883186340332,0.0,0.5600627064704895,0.28003135323524475,0.3808031380176544,447,366,0.25188538432121277,0,12932,1276088,cuda:0,True,False,False,ADVER,NODE,INDUCTIVE,False,3,1,128,459,0,0,REAGE,0.02727929920054431,0.09772070079945569,8,0.5,NONE,False,False,XGB-SP,temporal,64,2,64,2,2,0.1,LeakyReLU,layer,<class 'models.benchmarks_supervised.booster.GIN_noparam'>,<class 'xgboost.sklearn.XGBClassifier'>,<function average_precision_score at 0x000001C8520A5760>,500,7,mean_final,normal,0,1,1,1,1,1,1,round,ndist,True,0.1,0,NONE,0.05,7,OR,100,50,75,['none'],7777777,False,[],50,0,10,0.5,0.6,0.2,0.2,<class 'torch.optim.adam.Adam'>,0.01,<function cross_entropy at 0x000001C84AF6F880>,5,tolokers_bid,2.658806190125276,GREEDY,REPLAY,1,0.1,241028140006
8,round_1,val_set,0.0,0.6251604621309371,0.4807502467917078,0.6715182948179272,0.7793106362364407,487,526,1631,292,0.20154356956481934,0.10077178478240967,0.6012883186340332,0.0,0.5600627064704895,0.28003135323524475,0.3808031380176544,447,366,0.25188538432121277,0,12932,1276088,cuda:0,True,False,False,ADVER,NODE,INDUCTIVE,False,3,1,128,459,0,0,REAGE,0.02727929920054431,0.09772070079945569,8,0.5,NONE,False,False,XGB-SP,temporal,64,2,64,2,2,0.1,LeakyReLU,layer,<class 'models.benchmarks_supervised.booster.GIN_noparam'>,<class 'xgboost.sklearn.XGBClassifier'>,<function average_precision_score at 0x000001C8520A5760>,500,7,mean_final,normal,0,1,1,1,1,1,1,round,ndist,True,0.1,0,NONE,0.05,7,OR,100,50,75,['none'],7777777,False,[],50,0,10,0.5,0.6,0.2,0.2,<class 'torch.optim.adam.Adam'>,0.01,<function cross_entropy at 0x000001C84AF6F880>,5,tolokers_bid,2.658806190125276,GREEDY,REPLAY,1,0.1,241028140006
9,round_1,test_set,0.0,0.40160642570281124,0.3525264394829612,0.6284428432403623,0.7815897392386447,300,551,3709,447,0.20154356956481934,0.10077178478240967,0.6012883186340332,0.0,0.5600627064704895,0.28003135323524475,0.3808031380176544,447,366,0.25188538432121277,0,12932,1276088,cuda:0,True,False,False,ADVER,NODE,INDUCTIVE,False,3,1,128,459,0,0,REAGE,0.02727929920054431,0.09772070079945569,8,0.5,NONE,False,False,XGB-SP,temporal,64,2,64,2,2,0.1,LeakyReLU,layer,<class 'models.benchmarks_supervised.booster.GIN_noparam'>,<class 'xgboost.sklearn.XGBClassifier'>,<function average_precision_score at 0x000001C8520A5760>,500,7,mean_final,normal,0,1,1,1,1,1,1,round,ndist,True,0.1,0,NONE,0.05,7,OR,100,50,75,['none'],7777777,False,[],50,0,10,0.5,0.6,0.2,0.2,<class 'torch.optim.adam.Adam'>,0.01,<function cross_entropy at 0x000001C84AF6F880>,5,tolokers_bid,2.658806190125276,GREEDY,REPLAY,1,0.1,241028140006
10,round_1,round_0_nodes,0.0,0.6406727828746177,0.4894859813084112,0.7005779733492594,0.8197382012782353,838,874,3697,470,0.20154356956481934,0.10077178478240967,0.6012883186340332,0.0,0.5600627064704895,0.28003135323524475,0.3808031380176544,447,366,0.25188538432121277,0,12932,1276088,cuda:0,True,False,False,ADVER,NODE,INDUCTIVE,False,3,1,128,459,0,0,REAGE,0.02727929920054431,0.09772070079945569,8,0.5,NONE,False,False,XGB-SP,temporal,64,2,64,2,2,0.1,LeakyReLU,layer,<class 'models.benchmarks_supervised.booster.GIN_noparam'>,<class 'xgboost.sklearn.XGBClassifier'>,<function average_precision_score at 0x000001C8520A5760>,500,7,mean_final,normal,0,1,1,1,1,1,1,round,ndist,True,0.1,0,NONE,0.05,7,OR,100,50,75,['none'],7777777,False,[],50,0,10,0.5,0.6,0.2,0.2,<class 'torch.optim.adam.Adam'>,0.01,<function cross_entropy at 0x000001C84AF6F880>,5,tolokers_bid,2.658806190125276,GREEDY,REPLAY,1,0.1,241028140006
11,round_1,round_1_nodes,0.0,0.3671875,0.3949579831932773,0.6077591289650565,0.7302815223311547,47,72,387,81,0.20154356956481934,0.10077178478240967,0.6012883186340332,0.0,0.5600627064704895,0.28003135323524475,0.3808031380176544,447,366,0.25188538432121277,0,12932,1276088,cuda:0,True,False,False,ADVER,NODE,INDUCTIVE,False,3,1,128,459,0,0,REAGE,0.02727929920054431,0.09772070079945569,8,0.5,NONE,False,False,XGB-SP,temporal,64,2,64,2,2,0.1,LeakyReLU,layer,<class 'models.benchmarks_supervised.booster.GIN_noparam'>,<class 'xgboost.sklearn.XGBClassifier'>,<function average_precision_score at 0x000001C8520A5760>,500,7,mean_final,normal,0,1,1,1,1,1,1,round,ndist,True,0.1,0,NONE,0.05,7,OR,100,50,75,['none'],7777777,False,[],50,0,10,0.5,0.6,0.2,0.2,<class 'torch.optim.adam.Adam'>,0.01,<function cross_entropy at 0x000001C84AF6F880>,5,tolokers_bid,2.658806190125276,GREEDY,REPLAY,1,0.1,241028140006
12,round_1,seed_current_pred,0.0,0.34375,0.34375,0.5803717320261439,0.7066993464052287,44,84,375,84,0.20154356956481934,0.10077178478240967,0.6012883186340332,0.0,0.5600627064704895,0.28003135323524475,0.3808031380176544,447,366,0.25188538432121277,0,12932,1276088,cuda:0,True,False,False,ADVER,NODE,INDUCTIVE,False,3,1,128,459,0,0,REAGE,0.02727929920054431,0.09772070079945569,8,0.5,NONE,False,False,XGB-SP,temporal,64,2,64,2,2,0.1,LeakyReLU,layer,<class 'models.benchmarks_supervised.booster.GIN_noparam'>,<class 'xgboost.sklearn.XGBClassifier'>,<function average_precision_score at 0x000001C8520A5760>,500,7,mean_final,normal,0,1,1,1,1,1,1,round,ndist,True,0.1,0,NONE,0.05,7,OR,100,50,75,['none'],7777777,False,[],50,0,10,0.5,0.6,0.2,0.2,<class 'torch.optim.adam.Adam'>,0.01,<function cross_entropy at 0x000001C84AF6F880>,5,tolokers_bid,2.658806190125276,GREEDY,REPLAY,1,0.1,241028140006
13,round_1,seed_prev_pred,0.0,0.0,0.0,0.3929679420889349,0.7066993464052287,0,79,380,128,0.20154356956481934,0.10077178478240967,0.6012883186340332,0.0,0.5600627064704895,0.28003135323524475,0.3808031380176544,447,366,0.25188538432121277,0,12932,1276088,cuda:0,True,False,False,ADVER,NODE,INDUCTIVE,False,3,1,128,459,0,0,REAGE,0.02727929920054431,0.09772070079945569,8,0.5,NONE,False,False,XGB-SP,temporal,64,2,64,2,2,0.1,LeakyReLU,layer,<class 'models.benchmarks_supervised.booster.GIN_noparam'>,<class 'xgboost.sklearn.XGBClassifier'>,<function average_precision_score at 0x000001C8520A5760>,500,7,mean_final,normal,0,1,1,1,1,1,1,round,ndist,True,0.1,0,NONE,0.05,7,OR,100,50,75,['none'],7777777,False,[],50,0,10,0.5,0.6,0.2,0.2,<class 'torch.optim.adam.Adam'>,0.01,<function cross_entropy at 0x000001C84AF6F880>,5,tolokers_bid,2.658806190125276,GREEDY,REPLAY,1,0.1,241028140006
14,round_2,val_set_best,5.023469924926758,0.5906562847608454,0.5221238938053098,0.685034611581145,0.7819402009337726,531,486,1891,368,0.20163224637508392,0.10081612318754196,0.5959837436676025,0.0,0.5833294987678528,0.2916647493839264,0.39248088002204895,383,242,0.41714537143707275,0,12932,1276088,cuda:0,True,False,False,ADVER,NODE,INDUCTIVE,False,3,1,128,459,0,0,REAGE,0.02727929920054431,0.09772070079945569,8,0.5,NONE,False,False,XGB-SP,temporal,64,2,64,2,2,0.1,LeakyReLU,layer,<class 'models.benchmarks_supervised.booster.GIN_noparam'>,<class 'xgboost.sklearn.XGBClassifier'>,<function average_precision_score at 0x000001C8520A5760>,500,7,mean_final,normal,0,1,1,1,1,1,1,round,ndist,True,0.1,0,NONE,0.05,7,OR,100,50,75,['none'],7777777,False,[],50,0,10,0.5,0.6,0.2,0.2,<class 'torch.optim.adam.Adam'>,0.01,<function cross_entropy at 0x000001C84AF6F880>,5,tolokers_bid,2.658806190125276,GREEDY,REPLAY,1,0.1,241028140006
15,round_2,entire_graph,0.0,0.625797306874557,0.5029906009683851,0.707150264092463,0.8206532360897597,1766,1745,8365,1056,0.20163224637508392,0.10081612318754196,0.5959837436676025,0.0,0.5833294987678528,0.2916647493839264,0.39248088002204895,383,242,0.41714537143707275,0,12932,1276088,cuda:0,True,False,False,ADVER,NODE,INDUCTIVE,False,3,1,128,459,0,0,REAGE,0.02727929920054431,0.09772070079945569,8,0.5,NONE,False,False,XGB-SP,temporal,64,2,64,2,2,0.1,LeakyReLU,layer,<class 'models.benchmarks_supervised.booster.GIN_noparam'>,<class 'xgboost.sklearn.XGBClassifier'>,<function average_precision_score at 0x000001C8520A5760>,500,7,mean_final,normal,0,1,1,1,1,1,1,round,ndist,True,0.1,0,NONE,0.05,7,OR,100,50,75,['none'],7777777,False,[],50,0,10,0.5,0.6,0.2,0.2,<class 'torch.optim.adam.Adam'>,0.01,<function cross_entropy at 0x000001C84AF6F880>,5,tolokers_bid,2.658806190125276,GREEDY,REPLAY,1,0.1,241028140006
16,round_2,train_set,0.0,0.7351632047477745,0.5738274464389114,0.7413254525375945,0.8516415155588665,991,736,2829,357,0.20163224637508392,0.10081612318754196,0.5959837436676025,0.0,0.5833294987678528,0.2916647493839264,0.39248088002204895,383,242,0.41714537143707275,0,12932,1276088,cuda:0,True,False,False,ADVER,NODE,INDUCTIVE,False,3,1,128,459,0,0,REAGE,0.02727929920054431,0.09772070079945569,8,0.5,NONE,False,False,XGB-SP,temporal,64,2,64,2,2,0.1,LeakyReLU,layer,<class 'models.benchmarks_supervised.booster.GIN_noparam'>,<class 'xgboost.sklearn.XGBClassifier'>,<function average_precision_score at 0x000001C8520A5760>,500,7,mean_final,normal,0,1,1,1,1,1,1,round,ndist,True,0.1,0,NONE,0.05,7,OR,100,50,75,['none'],7777777,False,[],50,0,10,0.5,0.6,0.2,0.2,<class 'torch.optim.adam.Adam'>,0.01,<function cross_entropy at 0x000001C84AF6F880>,5,tolokers_bid,2.658806190125276,GREEDY,REPLAY,1,0.1,241028140006
17,round_2,val_set,0.0,0.6484983314794216,0.5021533161068045,0.6834994683104375,0.7857590095665591,583,578,1799,316,0.20163224637508392,0.10081612318754196,0.5959837436676025,0.0,0.5833294987678528,0.2916647493839264,0.39248088002204895,383,242,0.41714537143707275,0,12932,1276088,cuda:0,True,False,False,ADVER,NODE,INDUCTIVE,False,3,1,128,459,0,0,REAGE,0.02727929920054431,0.09772070079945569,8,0.5,NONE,False,False,XGB-SP,temporal,64,2,64,2,2,0.1,LeakyReLU,layer,<class 'models.benchmarks_supervised.booster.GIN_noparam'>,<class 'xgboost.sklearn.XGBClassifier'>,<function average_precision_score at 0x000001C8520A5760>,500,7,mean_final,normal,0,1,1,1,1,1,1,round,ndist,True,0.1,0,NONE,0.05,7,OR,100,50,75,['none'],7777777,False,[],50,0,10,0.5,0.6,0.2,0.2,<class 'torch.optim.adam.Adam'>,0.01,<function cross_entropy at 0x000001C84AF6F880>,5,tolokers_bid,2.658806190125276,GREEDY,REPLAY,1,0.1,241028140006
18,round_2,test_set,0.0,0.3339130434782609,0.30818619582664525,0.6111599689959457,0.7481311023950596,192,431,3737,383,0.20163224637508392,0.10081612318754196,0.5959837436676025,0.0,0.5833294987678528,0.2916647493839264,0.39248088002204895,383,242,0.41714537143707275,0,12932,1276088,cuda:0,True,False,False,ADVER,NODE,INDUCTIVE,False,3,1,128,459,0,0,REAGE,0.02727929920054431,0.09772070079945569,8,0.5,NONE,False,False,XGB-SP,temporal,64,2,64,2,2,0.1,LeakyReLU,layer,<class 'models.benchmarks_supervised.booster.GIN_noparam'>,<class 'xgboost.sklearn.XGBClassifier'>,<function average_precision_score at 0x000001C8520A5760>,500,7,mean_final,normal,0,1,1,1,1,1,1,round,ndist,True,0.1,0,NONE,0.05,7,OR,100,50,75,['none'],7777777,False,[],50,0,10,0.5,0.6,0.2,0.2,<class 'torch.optim.adam.Adam'>,0.01,<function cross_entropy at 0x000001C84AF6F880>,5,tolokers_bid,2.658806190125276,GREEDY,REPLAY,1,0.1,241028140006
19,round_2,round_0_nodes,0.0,0.676605504587156,0.49524342473419136,0.7094704103407488,0.8233493363626693,885,902,3669,423,0.20163224637508392,0.10081612318754196,0.5959837436676025,0.0,0.5833294987678528,0.2916647493839264,0.39248088002204895,383,242,0.41714537143707275,0,12932,1276088,cuda:0,True,False,False,ADVER,NODE,INDUCTIVE,False,3,1,128,459,0,0,REAGE,0.02727929920054431,0.09772070079945569,8,0.5,NONE,False,False,XGB-SP,temporal,64,2,64,2,2,0.1,LeakyReLU,layer,<class 'models.benchmarks_supervised.booster.GIN_noparam'>,<class 'xgboost.sklearn.XGBClassifier'>,<function average_precision_score at 0x000001C8520A5760>,500,7,mean_final,normal,0,1,1,1,1,1,1,round,ndist,True,0.1,0,NONE,0.05,7,OR,100,50,75,['none'],7777777,False,[],50,0,10,0.5,0.6,0.2,0.2,<class 'torch.optim.adam.Adam'>,0.01,<function cross_entropy at 0x000001C84AF6F880>,5,tolokers_bid,2.658806190125276,GREEDY,REPLAY,1,0.1,241028140006
20,round_2,round_1_nodes,0.0,0.546875,0.49645390070921985,0.6889523300950933,0.7655398965141611,70,71,388,58,0.20163224637508392,0.10081612318754196,0.5959837436676025,0.0,0.5833294987678528,0.2916647493839264,0.39248088002204895,383,242,0.41714537143707275,0,12932,1276088,cuda:0,True,False,False,ADVER,NODE,INDUCTIVE,False,3,1,128,459,0,0,REAGE,0.02727929920054431,0.09772070079945569,8,0.5,NONE,False,False,XGB-SP,temporal,64,2,64,2,2,0.1,LeakyReLU,layer,<class 'models.benchmarks_supervised.booster.GIN_noparam'>,<class 'xgboost.sklearn.XGBClassifier'>,<function average_precision_score at 0x000001C8520A5760>,500,7,mean_final,normal,0,1,1,1,1,1,1,round,ndist,True,0.1,0,NONE,0.05,7,OR,100,50,75,['none'],7777777,False,[],50,0,10,0.5,0.6,0.2,0.2,<class 'torch.optim.adam.Adam'>,0.01,<function cross_entropy at 0x000001C84AF6F880>,5,tolokers_bid,2.658806190125276,GREEDY,REPLAY,1,0.1,241028140006
21,round_2,round_2_nodes,0.0,0.2890625,0.3008130081300813,0.5515273683165496,0.6565053104575163,37,86,373,91,0.20163224637508392,0.10081612318754196,0.5959837436676025,0.0,0.5833294987678528,0.2916647493839264,0.39248088002204895,383,242,0.41714537143707275,0,12932,1276088,cuda:0,True,False,False,ADVER,NODE,INDUCTIVE,False,3,1,128,459,0,0,REAGE,0.02727929920054431,0.09772070079945569,8,0.5,NONE,False,False,XGB-SP,temporal,64,2,64,2,2,0.1,LeakyReLU,layer,<class 'models.benchmarks_supervised.booster.GIN_noparam'>,<class 'xgboost.sklearn.XGBClassifier'>,<function average_precision_score at 0x000001C8520A5760>,500,7,mean_final,normal,0,1,1,1,1,1,1,round,ndist,True,0.1,0,NONE,0.05,7,OR,100,50,75,['none'],7777777,False,[],50,0,10,0.5,0.6,0.2,0.2,<class 'torch.optim.adam.Adam'>,0.01,<function cross_entropy at 0x000001C84AF6F880>,5,tolokers_bid,2.658806190125276,GREEDY,REPLAY,1,0.1,241028140006
22,round_2,seed_current_pred,0.0,0.3203125,0.3474576271186441,0.5783045977011494,0.6519012118736383,41,77,382,87,0.20163224637508392,0.10081612318754196,0.5959837436676025,0.0,0.5833294987678528,0.2916647493839264,0.39248088002204895,383,242,0.41714537143707275,0,12932,1276088,cuda:0,True,False,False,ADVER,NODE,INDUCTIVE,False,3,1,128,459,0,0,REAGE,0.02727929920054431,0.09772070079945569,8,0.5,NONE,False,False,XGB-SP,temporal,64,2,64,2,2,0.1,LeakyReLU,layer,<class 'models.benchmarks_supervised.booster.GIN_noparam'>,<class 'xgboost.sklearn.XGBClassifier'>,<function average_precision_score at 0x000001C8520A5760>,500,7,mean_final,normal,0,1,1,1,1,1,1,round,ndist,True,0.1,0,NONE,0.05,7,OR,100,50,75,['none'],7777777,False,[],50,0,10,0.5,0.6,0.2,0.2,<class 'torch.optim.adam.Adam'>,0.01,<function cross_entropy at 0x000001C84AF6F880>,5,tolokers_bid,2.658806190125276,GREEDY,REPLAY,1,0.1,241028140006
23,round_2,seed_prev_pred,0.0,0.0,0.0,0.393595041322314,0.6519012118736383,0,78,381,128,0.20163224637508392,0.10081612318754196,0.5959837436676025,0.0,0.5833294987678528,0.2916647493839264,0.39248088002204895,383,242,0.41714537143707275,0,12932,1276088,cuda:0,True,False,False,ADVER,NODE,INDUCTIVE,False,3,1,128,459,0,0,REAGE,0.02727929920054431,0.09772070079945569,8,0.5,NONE,False,False,XGB-SP,temporal,64,2,64,2,2,0.1,LeakyReLU,layer,<class 'models.benchmarks_supervised.booster.GIN_noparam'>,<class 'xgboost.sklearn.XGBClassifier'>,<function average_precision_score at 0x000001C8520A5760>,500,7,mean_final,normal,0,1,1,1,1,1,1,round,ndist,True,0.1,0,NONE,0.05,7,OR,100,50,75,['none'],7777777,False,[],50,0,10,0.5,0.6,0.2,0.2,<class 'torch.optim.adam.Adam'>,0.01,<function cross_entropy at 0x000001C84AF6F880>,5,tolokers_bid,2.658806190125276,GREEDY,REPLAY,1,0.1,241028140006
0,round_0,val_set_best,7.612291097640991,0.6547169811320754,0.48667601683029454,0.6998509770868264,0.8134514218254872,347,366,1456,183,0.19555434584617615,0.09777717292308807,0.7364266514778137,0.0,0.6632188558578491,0.33160942792892456,0.42938661575317383,513,513,0.0,1,12932,1254198,cuda:0,True,False,False,ADVER,NODE,INDUCTIVE,False,3,1,128,459,0,0,REAGE,0.02727929920054431,0.09772070079945569,8,0.5,NONE,False,False,XGB-SP,temporal,64,2,64,2,2,0.1,LeakyReLU,layer,<class 'models.benchmarks_supervised.booster.GIN_noparam'>,<class 'xgboost.sklearn.XGBClassifier'>,<function average_precision_score at 0x000001C8520A5760>,500,7,mean_final,normal,0,1,1,1,1,1,1,round,ndist,True,0.1,0,NONE,0.05,7,OR,100,50,75,['none'],7777777,False,[],50,0,10,0.5,0.6,0.2,0.2,<class 'torch.optim.adam.Adam'>,0.01,<function cross_entropy at 0x000001C84AF6F880>,5,tolokers_bid,2.658806190125276,GREEDY,REPLAY,1,0.1,241028140006
1,round_0,entire_graph,0.0,0.6286048324240062,0.4651095732410611,0.6870073511285646,0.8104569394105281,1613,1855,7337,953,0.19555434584617615,0.09777717292308807,0.7364266514778137,0.0,0.6632188558578491,0.33160942792892456,0.42938661575317383,513,513,0.0,1,12932,1254198,cuda:0,True,False,False,ADVER,NODE,INDUCTIVE,False,3,1,128,459,0,0,REAGE,0.02727929920054431,0.09772070079945569,8,0.5,NONE,False,False,XGB-SP,temporal,64,2,64,2,2,0.1,LeakyReLU,layer,<class 'models.benchmarks_supervised.booster.GIN_noparam'>,<class 'xgboost.sklearn.XGBClassifier'>,<function average_precision_score at 0x000001C8520A5760>,500,7,mean_final,normal,0,1,1,1,1,1,1,round,ndist,True,0.1,0,NONE,0.05,7,OR,100,50,75,['none'],7777777,False,[],50,0,10,0.5,0.6,0.2,0.2,<class 'torch.optim.adam.Adam'>,0.01,<function cross_entropy at 0x000001C84AF6F880>,5,tolokers_bid,2.658806190125276,GREEDY,REPLAY,1,0.1,241028140006
2,round_0,train_set,0.0,0.7216624685138538,0.5237659963436929,0.7316800445546829,0.8558782434301904,573,521,2212,221,0.19555434584617615,0.09777717292308807,0.7364266514778137,0.0,0.6632188558578491,0.33160942792892456,0.42938661575317383,513,513,0.0,1,12932,1254198,cuda:0,True,False,False,ADVER,NODE,INDUCTIVE,False,3,1,128,459,0,0,REAGE,0.02727929920054431,0.09772070079945569,8,0.5,NONE,False,False,XGB-SP,temporal,64,2,64,2,2,0.1,LeakyReLU,layer,<class 'models.benchmarks_supervised.booster.GIN_noparam'>,<class 'xgboost.sklearn.XGBClassifier'>,<function average_precision_score at 0x000001C8520A5760>,500,7,mean_final,normal,0,1,1,1,1,1,1,round,ndist,True,0.1,0,NONE,0.05,7,OR,100,50,75,['none'],7777777,False,[],50,0,10,0.5,0.6,0.2,0.2,<class 'torch.optim.adam.Adam'>,0.01,<function cross_entropy at 0x000001C84AF6F880>,5,tolokers_bid,2.658806190125276,GREEDY,REPLAY,1,0.1,241028140006
3,round_0,val_set,0.0,0.5867924528301887,0.4423897581792319,0.6642153512488951,0.7823892467328045,311,392,1430,219,0.19555434584617615,0.09777717292308807,0.7364266514778137,0.0,0.6632188558578491,0.33160942792892456,0.42938661575317383,513,513,0.0,1,12932,1254198,cuda:0,True,False,False,ADVER,NODE,INDUCTIVE,False,3,1,128,459,0,0,REAGE,0.02727929920054431,0.09772070079945569,8,0.5,NONE,False,False,XGB-SP,temporal,64,2,64,2,2,0.1,LeakyReLU,layer,<class 'models.benchmarks_supervised.booster.GIN_noparam'>,<class 'xgboost.sklearn.XGBClassifier'>,<function average_precision_score at 0x000001C8520A5760>,500,7,mean_final,normal,0,1,1,1,1,1,1,round,ndist,True,0.1,0,NONE,0.05,7,OR,100,50,75,['none'],7777777,False,[],50,0,10,0.5,0.6,0.2,0.2,<class 'torch.optim.adam.Adam'>,0.01,<function cross_entropy at 0x000001C84AF6F880>,5,tolokers_bid,2.658806190125276,GREEDY,REPLAY,1,0.1,241028140006
4,round_0,test_set,0.0,0.5869565217391305,0.4362657091561939,0.6680076078521324,0.7940883331128149,729,942,3695,513,0.19555434584617615,0.09777717292308807,0.7364266514778137,0.0,0.6632188558578491,0.33160942792892456,0.42938661575317383,513,513,0.0,1,12932,1254198,cuda:0,True,False,False,ADVER,NODE,INDUCTIVE,False,3,1,128,459,0,0,REAGE,0.02727929920054431,0.09772070079945569,8,0.5,NONE,False,False,XGB-SP,temporal,64,2,64,2,2,0.1,LeakyReLU,layer,<class 'models.benchmarks_supervised.booster.GIN_noparam'>,<class 'xgboost.sklearn.XGBClassifier'>,<function average_precision_score at 0x000001C8520A5760>,500,7,mean_final,normal,0,1,1,1,1,1,1,round,ndist,True,0.1,0,NONE,0.05,7,OR,100,50,75,['none'],7777777,False,[],50,0,10,0.5,0.6,0.2,0.2,<class 'torch.optim.adam.Adam'>,0.01,<function cross_entropy at 0x000001C84AF6F880>,5,tolokers_bid,2.658806190125276,GREEDY,REPLAY,1,0.1,241028140006
5,round_1,val_set_best,6.6616387367248535,0.7210718635809987,0.4860426929392447,0.6834901132490296,0.7867228986268258,592,626,1573,229,0.17868481576442719,0.08934240788221359,0.5926511287689209,0.0,0.5592017769813538,0.2796008884906769,0.36894330382347107,457,361,0.18240556120872498,1,12932,1254198,cuda:0,True,False,False,ADVER,NODE,INDUCTIVE,False,3,1,128,459,0,0,REAGE,0.02727929920054431,0.09772070079945569,8,0.5,NONE,False,False,XGB-SP,temporal,64,2,64,2,2,0.1,LeakyReLU,layer,<class 'models.benchmarks_supervised.booster.GIN_noparam'>,<class 'xgboost.sklearn.XGBClassifier'>,<function average_precision_score at 0x000001C8520A5760>,500,7,mean_final,normal,0,1,1,1,1,1,1,round,ndist,True,0.1,0,NONE,0.05,7,OR,100,50,75,['none'],7777777,False,[],50,0,10,0.5,0.6,0.2,0.2,<class 'torch.optim.adam.Adam'>,0.01,<function cross_entropy at 0x000001C84AF6F880>,5,tolokers_bid,2.658806190125276,GREEDY,REPLAY,1,0.1,241028140006
6,round_1,entire_graph,0.0,0.5942835931700075,0.5399662731871838,0.7183596031768147,0.8364457233776543,1601,1364,8287,1093,0.17868481576442719,0.08934240788221359,0.5926511287689209,0.0,0.5592017769813538,0.2796008884906769,0.36894330382347107,457,361,0.18240556120872498,1,12932,1254198,cuda:0,True,False,False,ADVER,NODE,INDUCTIVE,False,3,1,128,459,0,0,REAGE,0.02727929920054431,0.09772070079945569,8,0.5,NONE,False,False,XGB-SP,temporal,64,2,64,2,2,0.1,LeakyReLU,layer,<class 'models.benchmarks_supervised.booster.GIN_noparam'>,<class 'xgboost.sklearn.XGBClassifier'>,<function average_precision_score at 0x000001C8520A5760>,500,7,mean_final,normal,0,1,1,1,1,1,1,round,ndist,True,0.1,0,NONE,0.05,7,OR,100,50,75,['none'],7777777,False,[],50,0,10,0.5,0.6,0.2,0.2,<class 'torch.optim.adam.Adam'>,0.01,<function cross_entropy at 0x000001C84AF6F880>,5,tolokers_bid,2.658806190125276,GREEDY,REPLAY,1,0.1,241028140006
7,round_1,train_set,0.0,0.7743506493506493,0.6556701030927835,0.7939255854168454,0.9011520904050468,954,501,2797,278,0.17868481576442719,0.08934240788221359,0.5926511287689209,0.0,0.5592017769813538,0.2796008884906769,0.36894330382347107,457,361,0.18240556120872498,1,12932,1254198,cuda:0,True,False,False,ADVER,NODE,INDUCTIVE,False,3,1,128,459,0,0,REAGE,0.02727929920054431,0.09772070079945569,8,0.5,NONE,False,False,XGB-SP,temporal,64,2,64,2,2,0.1,LeakyReLU,layer,<class 'models.benchmarks_supervised.booster.GIN_noparam'>,<class 'xgboost.sklearn.XGBClassifier'>,<function average_precision_score at 0x000001C8520A5760>,500,7,mean_final,normal,0,1,1,1,1,1,1,round,ndist,True,0.1,0,NONE,0.05,7,OR,100,50,75,['none'],7777777,False,[],50,0,10,0.5,0.6,0.2,0.2,<class 'torch.optim.adam.Adam'>,0.01,<function cross_entropy at 0x000001C84AF6F880>,5,tolokers_bid,2.658806190125276,GREEDY,REPLAY,1,0.1,241028140006
8,round_1,val_set,0.0,0.5639464068209501,0.48736842105263156,0.662464904299363,0.7711602383765404,463,487,1712,358,0.17868481576442719,0.08934240788221359,0.5926511287689209,0.0,0.5592017769813538,0.2796008884906769,0.36894330382347107,457,361,0.18240556120872498,1,12932,1254198,cuda:0,True,False,False,ADVER,NODE,INDUCTIVE,False,3,1,128,459,0,0,REAGE,0.02727929920054431,0.09772070079945569,8,0.5,NONE,False,False,XGB-SP,temporal,64,2,64,2,2,0.1,LeakyReLU,layer,<class 'models.benchmarks_supervised.booster.GIN_noparam'>,<class 'xgboost.sklearn.XGBClassifier'>,<function average_precision_score at 0x000001C8520A5760>,500,7,mean_final,normal,0,1,1,1,1,1,1,round,ndist,True,0.1,0,NONE,0.05,7,OR,100,50,75,['none'],7777777,False,[],50,0,10,0.5,0.6,0.2,0.2,<class 'torch.optim.adam.Adam'>,0.01,<function cross_entropy at 0x000001C84AF6F880>,5,tolokers_bid,2.658806190125276,GREEDY,REPLAY,1,0.1,241028140006
9,round_1,test_set,0.0,0.2870514820592824,0.32857142857142857,0.6035573129198868,0.7717402244476876,184,376,3778,457,0.17868481576442719,0.08934240788221359,0.5926511287689209,0.0,0.5592017769813538,0.2796008884906769,0.36894330382347107,457,361,0.18240556120872498,1,12932,1254198,cuda:0,True,False,False,ADVER,NODE,INDUCTIVE,False,3,1,128,459,0,0,REAGE,0.02727929920054431,0.09772070079945569,8,0.5,NONE,False,False,XGB-SP,temporal,64,2,64,2,2,0.1,LeakyReLU,layer,<class 'models.benchmarks_supervised.booster.GIN_noparam'>,<class 'xgboost.sklearn.XGBClassifier'>,<function average_precision_score at 0x000001C8520A5760>,500,7,mean_final,normal,0,1,1,1,1,1,1,round,ndist,True,0.1,0,NONE,0.05,7,OR,100,50,75,['none'],7777777,False,[],50,0,10,0.5,0.6,0.2,0.2,<class 'torch.optim.adam.Adam'>,0.01,<function cross_entropy at 0x000001C84AF6F880>,5,tolokers_bid,2.658806190125276,GREEDY,REPLAY,1,0.1,241028140006
10,round_1,round_0_nodes,0.0,0.5644122383252818,0.5032304379038047,0.6984577004842734,0.8182210442714329,701,692,3945,541,0.17868481576442719,0.08934240788221359,0.5926511287689209,0.0,0.5592017769813538,0.2796008884906769,0.36894330382347107,457,361,0.18240556120872498,1,12932,1254198,cuda:0,True,False,False,ADVER,NODE,INDUCTIVE,False,3,1,128,459,0,0,REAGE,0.02727929920054431,0.09772070079945569,8,0.5,NONE,False,False,XGB-SP,temporal,64,2,64,2,2,0.1,LeakyReLU,layer,<class 'models.benchmarks_supervised.booster.GIN_noparam'>,<class 'xgboost.sklearn.XGBClassifier'>,<function average_precision_score at 0x000001C8520A5760>,500,7,mean_final,normal,0,1,1,1,1,1,1,round,ndist,True,0.1,0,NONE,0.05,7,OR,100,50,75,['none'],7777777,False,[],50,0,10,0.5,0.6,0.2,0.2,<class 'torch.optim.adam.Adam'>,0.01,<function cross_entropy at 0x000001C84AF6F880>,5,tolokers_bid,2.658806190125276,GREEDY,REPLAY,1,0.1,241028140006
11,round_1,round_1_nodes,0.0,0.25,0.3950617283950617,0.5779805141681335,0.7081375953159043,32,49,410,96,0.17868481576442719,0.08934240788221359,0.5926511287689209,0.0,0.5592017769813538,0.2796008884906769,0.36894330382347107,457,361,0.18240556120872498,1,12932,1254198,cuda:0,True,False,False,ADVER,NODE,INDUCTIVE,False,3,1,128,459,0,0,REAGE,0.02727929920054431,0.09772070079945569,8,0.5,NONE,False,False,XGB-SP,temporal,64,2,64,2,2,0.1,LeakyReLU,layer,<class 'models.benchmarks_supervised.booster.GIN_noparam'>,<class 'xgboost.sklearn.XGBClassifier'>,<function average_precision_score at 0x000001C8520A5760>,500,7,mean_final,normal,0,1,1,1,1,1,1,round,ndist,True,0.1,0,NONE,0.05,7,OR,100,50,75,['none'],7777777,False,[],50,0,10,0.5,0.6,0.2,0.2,<class 'torch.optim.adam.Adam'>,0.01,<function cross_entropy at 0x000001C84AF6F880>,5,tolokers_bid,2.658806190125276,GREEDY,REPLAY,1,0.1,241028140006
12,round_1,seed_current_pred,0.0,0.234375,0.27522935779816515,0.532131904948462,0.6613391884531591,30,79,380,98,0.17868481576442719,0.08934240788221359,0.5926511287689209,0.0,0.5592017769813538,0.2796008884906769,0.36894330382347107,457,361,0.18240556120872498,1,12932,1254198,cuda:0,True,False,False,ADVER,NODE,INDUCTIVE,False,3,1,128,459,0,0,REAGE,0.02727929920054431,0.09772070079945569,8,0.5,NONE,False,False,XGB-SP,temporal,64,2,64,2,2,0.1,LeakyReLU,layer,<class 'models.benchmarks_supervised.booster.GIN_noparam'>,<class 'xgboost.sklearn.XGBClassifier'>,<function average_precision_score at 0x000001C8520A5760>,500,7,mean_final,normal,0,1,1,1,1,1,1,round,ndist,True,0.1,0,NONE,0.05,7,OR,100,50,75,['none'],7777777,False,[],50,0,10,0.5,0.6,0.2,0.2,<class 'torch.optim.adam.Adam'>,0.01,<function cross_entropy at 0x000001C84AF6F880>,5,tolokers_bid,2.658806190125276,GREEDY,REPLAY,1,0.1,241028140006
13,round_1,seed_prev_pred,0.0,0.0,0.0,0.38598326359832635,0.6613391884531591,0,90,369,128,0.17868481576442719,0.08934240788221359,0.5926511287689209,0.0,0.5592017769813538,0.2796008884906769,0.36894330382347107,457,361,0.18240556120872498,1,12932,1254198,cuda:0,True,False,False,ADVER,NODE,INDUCTIVE,False,3,1,128,459,0,0,REAGE,0.02727929920054431,0.09772070079945569,8,0.5,NONE,False,False,XGB-SP,temporal,64,2,64,2,2,0.1,LeakyReLU,layer,<class 'models.benchmarks_supervised.booster.GIN_noparam'>,<class 'xgboost.sklearn.XGBClassifier'>,<function average_precision_score at 0x000001C8520A5760>,500,7,mean_final,normal,0,1,1,1,1,1,1,round,ndist,True,0.1,0,NONE,0.05,7,OR,100,50,75,['none'],7777777,False,[],50,0,10,0.5,0.6,0.2,0.2,<class 'torch.optim.adam.Adam'>,0.01,<function cross_entropy at 0x000001C84AF6F880>,5,tolokers_bid,2.658806190125276,GREEDY,REPLAY,1,0.1,241028140006
14,round_2,val_set_best,6.563235282897949,0.6156424581005586,0.5031963470319635,0.6781738840936562,0.7815121613619014,551,544,1805,344,0.1697743535041809,0.08488717675209045,0.5941119194030762,0.0,0.5790010690689087,0.28950053453445435,0.3743877112865448,444,275,0.3166891634464264,1,12932,1254198,cuda:0,True,False,False,ADVER,NODE,INDUCTIVE,False,3,1,128,459,0,0,REAGE,0.02727929920054431,0.09772070079945569,8,0.5,NONE,False,False,XGB-SP,temporal,64,2,64,2,2,0.1,LeakyReLU,layer,<class 'models.benchmarks_supervised.booster.GIN_noparam'>,<class 'xgboost.sklearn.XGBClassifier'>,<function average_precision_score at 0x000001C8520A5760>,500,7,mean_final,normal,0,1,1,1,1,1,1,round,ndist,True,0.1,0,NONE,0.05,7,OR,100,50,75,['none'],7777777,False,[],50,0,10,0.5,0.6,0.2,0.2,<class 'torch.optim.adam.Adam'>,0.01,<function cross_entropy at 0x000001C84AF6F880>,5,tolokers_bid,2.658806190125276,GREEDY,REPLAY,1,0.1,241028140006
15,round_2,entire_graph,0.0,0.5251594613749114,0.554018691588785,0.7074176758965256,0.8253011872941233,1482,1193,8917,1340,0.1697743535041809,0.08488717675209045,0.5941119194030762,0.0,0.5790010690689087,0.28950053453445435,0.3743877112865448,444,275,0.3166891634464264,1,12932,1254198,cuda:0,True,False,False,ADVER,NODE,INDUCTIVE,False,3,1,128,459,0,0,REAGE,0.02727929920054431,0.09772070079945569,8,0.5,NONE,False,False,XGB-SP,temporal,64,2,64,2,2,0.1,LeakyReLU,layer,<class 'models.benchmarks_supervised.booster.GIN_noparam'>,<class 'xgboost.sklearn.XGBClassifier'>,<function average_precision_score at 0x000001C8520A5760>,500,7,mean_final,normal,0,1,1,1,1,1,1,round,ndist,True,0.1,0,NONE,0.05,7,OR,100,50,75,['none'],7777777,False,[],50,0,10,0.5,0.6,0.2,0.2,<class 'torch.optim.adam.Adam'>,0.01,<function cross_entropy at 0x000001C84AF6F880>,5,tolokers_bid,2.658806190125276,GREEDY,REPLAY,1,0.1,241028140006
16,round_2,train_set,0.0,0.646795827123696,0.6477611940298508,0.7565468767353674,0.863984519183762,868,472,3052,474,0.1697743535041809,0.08488717675209045,0.5941119194030762,0.0,0.5790010690689087,0.28950053453445435,0.3743877112865448,444,275,0.3166891634464264,1,12932,1254198,cuda:0,True,False,False,ADVER,NODE,INDUCTIVE,False,3,1,128,459,0,0,REAGE,0.02727929920054431,0.09772070079945569,8,0.5,NONE,False,False,XGB-SP,temporal,64,2,64,2,2,0.1,LeakyReLU,layer,<class 'models.benchmarks_supervised.booster.GIN_noparam'>,<class 'xgboost.sklearn.XGBClassifier'>,<function average_precision_score at 0x000001C8520A5760>,500,7,mean_final,normal,0,1,1,1,1,1,1,round,ndist,True,0.1,0,NONE,0.05,7,OR,100,50,75,['none'],7777777,False,[],50,0,10,0.5,0.6,0.2,0.2,<class 'torch.optim.adam.Adam'>,0.01,<function cross_entropy at 0x000001C84AF6F880>,5,tolokers_bid,2.658806190125276,GREEDY,REPLAY,1,0.1,241028140006
17,round_2,val_set,0.0,0.5284916201117319,0.5086021505376344,0.664925455127659,0.7700181463168685,473,457,1892,422,0.1697743535041809,0.08488717675209045,0.5941119194030762,0.0,0.5790010690689087,0.28950053453445435,0.3743877112865448,444,275,0.3166891634464264,1,12932,1254198,cuda:0,True,False,False,ADVER,NODE,INDUCTIVE,False,3,1,128,459,0,0,REAGE,0.02727929920054431,0.09772070079945569,8,0.5,NONE,False,False,XGB-SP,temporal,64,2,64,2,2,0.1,LeakyReLU,layer,<class 'models.benchmarks_supervised.booster.GIN_noparam'>,<class 'xgboost.sklearn.XGBClassifier'>,<function average_precision_score at 0x000001C8520A5760>,500,7,mean_final,normal,0,1,1,1,1,1,1,round,ndist,True,0.1,0,NONE,0.05,7,OR,100,50,75,['none'],7777777,False,[],50,0,10,0.5,0.6,0.2,0.2,<class 'torch.optim.adam.Adam'>,0.01,<function cross_entropy at 0x000001C84AF6F880>,5,tolokers_bid,2.658806190125276,GREEDY,REPLAY,1,0.1,241028140006
18,round_2,test_set,0.0,0.24102564102564103,0.34814814814814815,0.601518302974277,0.7709032556094157,141,264,3973,444,0.1697743535041809,0.08488717675209045,0.5941119194030762,0.0,0.5790010690689087,0.28950053453445435,0.3743877112865448,444,275,0.3166891634464264,1,12932,1254198,cuda:0,True,False,False,ADVER,NODE,INDUCTIVE,False,3,1,128,459,0,0,REAGE,0.02727929920054431,0.09772070079945569,8,0.5,NONE,False,False,XGB-SP,temporal,64,2,64,2,2,0.1,LeakyReLU,layer,<class 'models.benchmarks_supervised.booster.GIN_noparam'>,<class 'xgboost.sklearn.XGBClassifier'>,<function average_precision_score at 0x000001C8520A5760>,500,7,mean_final,normal,0,1,1,1,1,1,1,round,ndist,True,0.1,0,NONE,0.05,7,OR,100,50,75,['none'],7777777,False,[],50,0,10,0.5,0.6,0.2,0.2,<class 'torch.optim.adam.Adam'>,0.01,<function cross_entropy at 0x000001C84AF6F880>,5,tolokers_bid,2.658806190125276,GREEDY,REPLAY,1,0.1,241028140006
19,round_2,round_0_nodes,0.0,0.5217391304347826,0.547759932375317,0.706732191834539,0.8237393895006107,648,535,4102,594,0.1697743535041809,0.08488717675209045,0.5941119194030762,0.0,0.5790010690689087,0.28950053453445435,0.3743877112865448,444,275,0.3166891634464264,1,12932,1254198,cuda:0,True,False,False,ADVER,NODE,INDUCTIVE,False,3,1,128,459,0,0,REAGE,0.02727929920054431,0.09772070079945569,8,0.5,NONE,False,False,XGB-SP,temporal,64,2,64,2,2,0.1,LeakyReLU,layer,<class 'models.benchmarks_supervised.booster.GIN_noparam'>,<class 'xgboost.sklearn.XGBClassifier'>,<function average_precision_score at 0x000001C8520A5760>,500,7,mean_final,normal,0,1,1,1,1,1,1,round,ndist,True,0.1,0,NONE,0.05,7,OR,100,50,75,['none'],7777777,False,[],50,0,10,0.5,0.6,0.2,0.2,<class 'torch.optim.adam.Adam'>,0.01,<function cross_entropy at 0x000001C84AF6F880>,5,tolokers_bid,2.658806190125276,GREEDY,REPLAY,1,0.1,241028140006
20,round_2,round_1_nodes,0.0,0.3671875,0.47474747474747475,0.6368267052458727,0.7316091367102396,47,52,407,81,0.1697743535041809,0.08488717675209045,0.5941119194030762,0.0,0.5790010690689087,0.28950053453445435,0.3743877112865448,444,275,0.3166891634464264,1,12932,1254198,cuda:0,True,False,False,ADVER,NODE,INDUCTIVE,False,3,1,128,459,0,0,REAGE,0.02727929920054431,0.09772070079945569,8,0.5,NONE,False,False,XGB-SP,temporal,64,2,64,2,2,0.1,LeakyReLU,layer,<class 'models.benchmarks_supervised.booster.GIN_noparam'>,<class 'xgboost.sklearn.XGBClassifier'>,<function average_precision_score at 0x000001C8520A5760>,500,7,mean_final,normal,0,1,1,1,1,1,1,round,ndist,True,0.1,0,NONE,0.05,7,OR,100,50,75,['none'],7777777,False,[],50,0,10,0.5,0.6,0.2,0.2,<class 'torch.optim.adam.Adam'>,0.01,<function cross_entropy at 0x000001C84AF6F880>,5,tolokers_bid,2.658806190125276,GREEDY,REPLAY,1,0.1,241028140006
21,round_2,round_2_nodes,0.0,0.234375,0.40540540540540543,0.5754695839954367,0.7089460784313726,30,44,415,98,0.1697743535041809,0.08488717675209045,0.5941119194030762,0.0,0.5790010690689087,0.28950053453445435,0.3743877112865448,444,275,0.3166891634464264,1,12932,1254198,cuda:0,True,False,False,ADVER,NODE,INDUCTIVE,False,3,1,128,459,0,0,REAGE,0.02727929920054431,0.09772070079945569,8,0.5,NONE,False,False,XGB-SP,temporal,64,2,64,2,2,0.1,LeakyReLU,layer,<class 'models.benchmarks_supervised.booster.GIN_noparam'>,<class 'xgboost.sklearn.XGBClassifier'>,<function average_precision_score at 0x000001C8520A5760>,500,7,mean_final,normal,0,1,1,1,1,1,1,round,ndist,True,0.1,0,NONE,0.05,7,OR,100,50,75,['none'],7777777,False,[],50,0,10,0.5,0.6,0.2,0.2,<class 'torch.optim.adam.Adam'>,0.01,<function cross_entropy at 0x000001C84AF6F880>,5,tolokers_bid,2.658806190125276,GREEDY,REPLAY,1,0.1,241028140006
22,round_2,seed_current_pred,0.0,0.3125,0.4166666666666667,0.6027819548872181,0.7018144063180828,40,56,403,88,0.1697743535041809,0.08488717675209045,0.5941119194030762,0.0,0.5790010690689087,0.28950053453445435,0.3743877112865448,444,275,0.3166891634464264,1,12932,1254198,cuda:0,True,False,False,ADVER,NODE,INDUCTIVE,False,3,1,128,459,0,0,REAGE,0.02727929920054431,0.09772070079945569,8,0.5,NONE,False,False,XGB-SP,temporal,64,2,64,2,2,0.1,LeakyReLU,layer,<class 'models.benchmarks_supervised.booster.GIN_noparam'>,<class 'xgboost.sklearn.XGBClassifier'>,<function average_precision_score at 0x000001C8520A5760>,500,7,mean_final,normal,0,1,1,1,1,1,1,round,ndist,True,0.1,0,NONE,0.05,7,OR,100,50,75,['none'],7777777,False,[],50,0,10,0.5,0.6,0.2,0.2,<class 'torch.optim.adam.Adam'>,0.01,<function cross_entropy at 0x000001C84AF6F880>,5,tolokers_bid,2.658806190125276,GREEDY,REPLAY,1,0.1,241028140006
23,round_2,seed_prev_pred,0.0,0.0,0.0,0.39794871794871794,0.7018144063180828,0,71,388,128,0.1697743535041809,0.08488717675209045,0.5941119194030762,0.0,0.5790010690689087,0.28950053453445435,0.3743877112865448,444,275,0.3166891634464264,1,12932,1254198,cuda:0,True,False,False,ADVER,NODE,INDUCTIVE,False,3,1,128,459,0,0,REAGE,0.02727929920054431,0.09772070079945569,8,0.5,NONE,False,False,XGB-SP,temporal,64,2,64,2,2,0.1,LeakyReLU,layer,<class 'models.benchmarks_supervised.booster.GIN_noparam'>,<class 'xgboost.sklearn.XGBClassifier'>,<function average_precision_score at 0x000001C8520A5760>,500,7,mean_final,normal,0,1,1,1,1,1,1,round,ndist,True,0.1,0,NONE,0.05,7,OR,100,50,75,['none'],7777777,False,[],50,0,10,0.5,0.6,0.2,0.2,<class 'torch.optim.adam.Adam'>,0.01,<function cross_entropy at 0x000001C84AF6F880>,5,tolokers_bid,2.658806190125276,GREEDY,REPLAY,1,0.1,241028140006
0,round_0,val_set_best,6.331077337265015,0.5226415094339623,0.4876760563380282,0.6768470278740049,0.7902403537476959,277,291,1531,253,0.21414420008659363,0.10707210004329681,0.7372146248817444,0.0,0.6569024920463562,0.3284512460231781,0.4355233311653137,518,518,0.0,2,12932,1242132,cuda:0,True,False,False,ADVER,NODE,INDUCTIVE,False,3,1,128,459,0,0,REAGE,0.02727929920054431,0.09772070079945569,8,0.5,NONE,False,False,XGB-SP,temporal,64,2,64,2,2,0.1,LeakyReLU,layer,<class 'models.benchmarks_supervised.booster.GIN_noparam'>,<class 'xgboost.sklearn.XGBClassifier'>,<function average_precision_score at 0x000001C8520A5760>,500,7,mean_final,normal,0,1,1,1,1,1,1,round,ndist,True,0.1,0,NONE,0.05,7,OR,100,50,75,['none'],7777777,False,[],50,0,10,0.5,0.6,0.2,0.2,<class 'torch.optim.adam.Adam'>,0.01,<function cross_entropy at 0x000001C84AF6F880>,5,tolokers_bid,2.658806190125276,GREEDY,REPLAY,1,0.1,241028140006
1,round_0,entire_graph,0.0,0.6321122369446609,0.4569014084507042,0.6826772813723943,0.8110496682194079,1622,1928,7264,944,0.21414420008659363,0.10707210004329681,0.7372146248817444,0.0,0.6569024920463562,0.3284512460231781,0.4355233311653137,518,518,0.0,2,12932,1242132,cuda:0,True,False,False,ADVER,NODE,INDUCTIVE,False,3,1,128,459,0,0,REAGE,0.02727929920054431,0.09772070079945569,8,0.5,NONE,False,False,XGB-SP,temporal,64,2,64,2,2,0.1,LeakyReLU,layer,<class 'models.benchmarks_supervised.booster.GIN_noparam'>,<class 'xgboost.sklearn.XGBClassifier'>,<function average_precision_score at 0x000001C8520A5760>,500,7,mean_final,normal,0,1,1,1,1,1,1,round,ndist,True,0.1,0,NONE,0.05,7,OR,100,50,75,['none'],7777777,False,[],50,0,10,0.5,0.6,0.2,0.2,<class 'torch.optim.adam.Adam'>,0.01,<function cross_entropy at 0x000001C84AF6F880>,5,tolokers_bid,2.658806190125276,GREEDY,REPLAY,1,0.1,241028140006
2,round_0,train_set,0.0,0.7182389937106918,0.5219378427787934,0.7299626871217016,0.853489276867685,571,523,2209,224,0.21414420008659363,0.10707210004329681,0.7372146248817444,0.0,0.6569024920463562,0.3284512460231781,0.4355233311653137,518,518,0.0,2,12932,1242132,cuda:0,True,False,False,ADVER,NODE,INDUCTIVE,False,3,1,128,459,0,0,REAGE,0.02727929920054431,0.09772070079945569,8,0.5,NONE,False,False,XGB-SP,temporal,64,2,64,2,2,0.1,LeakyReLU,layer,<class 'models.benchmarks_supervised.booster.GIN_noparam'>,<class 'xgboost.sklearn.XGBClassifier'>,<function average_precision_score at 0x000001C8520A5760>,500,7,mean_final,normal,0,1,1,1,1,1,1,round,ndist,True,0.1,0,NONE,0.05,7,OR,100,50,75,['none'],7777777,False,[],50,0,10,0.5,0.6,0.2,0.2,<class 'torch.optim.adam.Adam'>,0.01,<function cross_entropy at 0x000001C84AF6F880>,5,tolokers_bid,2.658806190125276,GREEDY,REPLAY,1,0.1,241028140006
3,round_0,val_set,0.0,0.6188679245283019,0.44324324324324327,0.6688676000531966,0.7873014311455377,328,412,1410,202,0.21414420008659363,0.10707210004329681,0.7372146248817444,0.0,0.6569024920463562,0.3284512460231781,0.4355233311653137,518,518,0.0,2,12932,1242132,cuda:0,True,False,False,ADVER,NODE,INDUCTIVE,False,3,1,128,459,0,0,REAGE,0.02727929920054431,0.09772070079945569,8,0.5,NONE,False,False,XGB-SP,temporal,64,2,64,2,2,0.1,LeakyReLU,layer,<class 'models.benchmarks_supervised.booster.GIN_noparam'>,<class 'xgboost.sklearn.XGBClassifier'>,<function average_precision_score at 0x000001C8520A5760>,500,7,mean_final,normal,0,1,1,1,1,1,1,round,ndist,True,0.1,0,NONE,0.05,7,OR,100,50,75,['none'],7777777,False,[],50,0,10,0.5,0.6,0.2,0.2,<class 'torch.optim.adam.Adam'>,0.01,<function cross_entropy at 0x000001C84AF6F880>,5,tolokers_bid,2.658806190125276,GREEDY,REPLAY,1,0.1,241028140006
4,round_0,test_set,0.0,0.5825946817082998,0.42132867132867136,0.6586620475422502,0.7935569042339862,723,993,3645,518,0.21414420008659363,0.10707210004329681,0.7372146248817444,0.0,0.6569024920463562,0.3284512460231781,0.4355233311653137,518,518,0.0,2,12932,1242132,cuda:0,True,False,False,ADVER,NODE,INDUCTIVE,False,3,1,128,459,0,0,REAGE,0.02727929920054431,0.09772070079945569,8,0.5,NONE,False,False,XGB-SP,temporal,64,2,64,2,2,0.1,LeakyReLU,layer,<class 'models.benchmarks_supervised.booster.GIN_noparam'>,<class 'xgboost.sklearn.XGBClassifier'>,<function average_precision_score at 0x000001C8520A5760>,500,7,mean_final,normal,0,1,1,1,1,1,1,round,ndist,True,0.1,0,NONE,0.05,7,OR,100,50,75,['none'],7777777,False,[],50,0,10,0.5,0.6,0.2,0.2,<class 'torch.optim.adam.Adam'>,0.01,<function cross_entropy at 0x000001C84AF6F880>,5,tolokers_bid,2.658806190125276,GREEDY,REPLAY,1,0.1,241028140006
5,round_1,val_set_best,7.434353351593018,0.5494505494505495,0.47468354430379744,0.6540655421333561,0.7382176683663839,450,498,1721,369,0.19882357120513916,0.09941178560256958,0.5998525023460388,0.0,0.5587934851646423,0.27939674258232117,0.37880852818489075,432,350,0.18315376341342926,2,12932,1242132,cuda:0,True,False,False,ADVER,NODE,INDUCTIVE,False,3,1,128,459,0,0,REAGE,0.02727929920054431,0.09772070079945569,8,0.5,NONE,False,False,XGB-SP,temporal,64,2,64,2,2,0.1,LeakyReLU,layer,<class 'models.benchmarks_supervised.booster.GIN_noparam'>,<class 'xgboost.sklearn.XGBClassifier'>,<function average_precision_score at 0x000001C8520A5760>,500,7,mean_final,normal,0,1,1,1,1,1,1,round,ndist,True,0.1,0,NONE,0.05,7,OR,100,50,75,['none'],7777777,False,[],50,0,10,0.5,0.6,0.2,0.2,<class 'torch.optim.adam.Adam'>,0.01,<function cross_entropy at 0x000001C84AF6F880>,5,tolokers_bid,2.658806190125276,GREEDY,REPLAY,1,0.1,241028140006
6,round_1,entire_graph,0.0,0.534521158129176,0.4804804804804805,0.6790535239723379,0.7832854560309208,1440,1557,8094,1254,0.19882357120513916,0.09941178560256958,0.5998525023460388,0.0,0.5587934851646423,0.27939674258232117,0.37880852818489075,432,350,0.18315376341342926,2,12932,1242132,cuda:0,True,False,False,ADVER,NODE,INDUCTIVE,False,3,1,128,459,0,0,REAGE,0.02727929920054431,0.09772070079945569,8,0.5,NONE,False,False,XGB-SP,temporal,64,2,64,2,2,0.1,LeakyReLU,layer,<class 'models.benchmarks_supervised.booster.GIN_noparam'>,<class 'xgboost.sklearn.XGBClassifier'>,<function average_precision_score at 0x000001C8520A5760>,500,7,mean_final,normal,0,1,1,1,1,1,1,round,ndist,True,0.1,0,NONE,0.05,7,OR,100,50,75,['none'],7777777,False,[],50,0,10,0.5,0.6,0.2,0.2,<class 'torch.optim.adam.Adam'>,0.01,<function cross_entropy at 0x000001C84AF6F880>,5,tolokers_bid,2.658806190125276,GREEDY,REPLAY,1,0.1,241028140006
7,round_1,train_set,0.0,0.6484947111472742,0.5746214852198991,0.7260240271530266,0.8180824877167178,797,590,2738,432,0.19882357120513916,0.09941178560256958,0.5998525023460388,0.0,0.5587934851646423,0.27939674258232117,0.37880852818489075,432,350,0.18315376341342926,2,12932,1242132,cuda:0,True,False,False,ADVER,NODE,INDUCTIVE,False,3,1,128,459,0,0,REAGE,0.02727929920054431,0.09772070079945569,8,0.5,NONE,False,False,XGB-SP,temporal,64,2,64,2,2,0.1,LeakyReLU,layer,<class 'models.benchmarks_supervised.booster.GIN_noparam'>,<class 'xgboost.sklearn.XGBClassifier'>,<function average_precision_score at 0x000001C8520A5760>,500,7,mean_final,normal,0,1,1,1,1,1,1,round,ndist,True,0.1,0,NONE,0.05,7,OR,100,50,75,['none'],7777777,False,[],50,0,10,0.5,0.6,0.2,0.2,<class 'torch.optim.adam.Adam'>,0.01,<function cross_entropy at 0x000001C84AF6F880>,5,tolokers_bid,2.658806190125276,GREEDY,REPLAY,1,0.1,241028140006
8,round_1,val_set,0.0,0.5238095238095238,0.46178686759956944,0.6426044869869765,0.7351489329857964,429,500,1719,390,0.19882357120513916,0.09941178560256958,0.5998525023460388,0.0,0.5587934851646423,0.27939674258232117,0.37880852818489075,432,350,0.18315376341342926,2,12932,1242132,cuda:0,True,False,False,ADVER,NODE,INDUCTIVE,False,3,1,128,459,0,0,REAGE,0.02727929920054431,0.09772070079945569,8,0.5,NONE,False,False,XGB-SP,temporal,64,2,64,2,2,0.1,LeakyReLU,layer,<class 'models.benchmarks_supervised.booster.GIN_noparam'>,<class 'xgboost.sklearn.XGBClassifier'>,<function average_precision_score at 0x000001C8520A5760>,500,7,mean_final,normal,0,1,1,1,1,1,1,round,ndist,True,0.1,0,NONE,0.05,7,OR,100,50,75,['none'],7777777,False,[],50,0,10,0.5,0.6,0.2,0.2,<class 'torch.optim.adam.Adam'>,0.01,<function cross_entropy at 0x000001C84AF6F880>,5,tolokers_bid,2.658806190125276,GREEDY,REPLAY,1,0.1,241028140006
9,round_1,test_set,0.0,0.33126934984520123,0.3142437591776799,0.6062678488758222,0.7365833529472116,214,467,3637,432,0.19882357120513916,0.09941178560256958,0.5998525023460388,0.0,0.5587934851646423,0.27939674258232117,0.37880852818489075,432,350,0.18315376341342926,2,12932,1242132,cuda:0,True,False,False,ADVER,NODE,INDUCTIVE,False,3,1,128,459,0,0,REAGE,0.02727929920054431,0.09772070079945569,8,0.5,NONE,False,False,XGB-SP,temporal,64,2,64,2,2,0.1,LeakyReLU,layer,<class 'models.benchmarks_supervised.booster.GIN_noparam'>,<class 'xgboost.sklearn.XGBClassifier'>,<function average_precision_score at 0x000001C8520A5760>,500,7,mean_final,normal,0,1,1,1,1,1,1,round,ndist,True,0.1,0,NONE,0.05,7,OR,100,50,75,['none'],7777777,False,[],50,0,10,0.5,0.6,0.2,0.2,<class 'torch.optim.adam.Adam'>,0.01,<function cross_entropy at 0x000001C84AF6F880>,5,tolokers_bid,2.658806190125276,GREEDY,REPLAY,1,0.1,241028140006
10,round_1,round_0_nodes,0.0,0.5036261079774376,0.46023564064801176,0.6668336957267404,0.7704357097709806,625,733,3905,616,0.19882357120513916,0.09941178560256958,0.5998525023460388,0.0,0.5587934851646423,0.27939674258232117,0.37880852818489075,432,350,0.18315376341342926,2,12932,1242132,cuda:0,True,False,False,ADVER,NODE,INDUCTIVE,False,3,1,128,459,0,0,REAGE,0.02727929920054431,0.09772070079945569,8,0.5,NONE,False,False,XGB-SP,temporal,64,2,64,2,2,0.1,LeakyReLU,layer,<class 'models.benchmarks_supervised.booster.GIN_noparam'>,<class 'xgboost.sklearn.XGBClassifier'>,<function average_precision_score at 0x000001C8520A5760>,500,7,mean_final,normal,0,1,1,1,1,1,1,round,ndist,True,0.1,0,NONE,0.05,7,OR,100,50,75,['none'],7777777,False,[],50,0,10,0.5,0.6,0.2,0.2,<class 'torch.optim.adam.Adam'>,0.01,<function cross_entropy at 0x000001C84AF6F880>,5,tolokers_bid,2.658806190125276,GREEDY,REPLAY,1,0.1,241028140006
11,round_1,round_1_nodes,0.0,0.359375,0.46,0.6298727791995846,0.7296432461873638,46,54,405,82,0.19882357120513916,0.09941178560256958,0.5998525023460388,0.0,0.5587934851646423,0.27939674258232117,0.37880852818489075,432,350,0.18315376341342926,2,12932,1242132,cuda:0,True,False,False,ADVER,NODE,INDUCTIVE,False,3,1,128,459,0,0,REAGE,0.02727929920054431,0.09772070079945569,8,0.5,NONE,False,False,XGB-SP,temporal,64,2,64,2,2,0.1,LeakyReLU,layer,<class 'models.benchmarks_supervised.booster.GIN_noparam'>,<class 'xgboost.sklearn.XGBClassifier'>,<function average_precision_score at 0x000001C8520A5760>,500,7,mean_final,normal,0,1,1,1,1,1,1,round,ndist,True,0.1,0,NONE,0.05,7,OR,100,50,75,['none'],7777777,False,[],50,0,10,0.5,0.6,0.2,0.2,<class 'torch.optim.adam.Adam'>,0.01,<function cross_entropy at 0x000001C84AF6F880>,5,tolokers_bid,2.658806190125276,GREEDY,REPLAY,1,0.1,241028140006
12,round_1,seed_current_pred,0.0,0.40625,0.4126984126984127,0.6232026703183842,0.7031505310457516,52,74,385,76,0.19882357120513916,0.09941178560256958,0.5998525023460388,0.0,0.5587934851646423,0.27939674258232117,0.37880852818489075,432,350,0.18315376341342926,2,12932,1242132,cuda:0,True,False,False,ADVER,NODE,INDUCTIVE,False,3,1,128,459,0,0,REAGE,0.02727929920054431,0.09772070079945569,8,0.5,NONE,False,False,XGB-SP,temporal,64,2,64,2,2,0.1,LeakyReLU,layer,<class 'models.benchmarks_supervised.booster.GIN_noparam'>,<class 'xgboost.sklearn.XGBClassifier'>,<function average_precision_score at 0x000001C8520A5760>,500,7,mean_final,normal,0,1,1,1,1,1,1,round,ndist,True,0.1,0,NONE,0.05,7,OR,100,50,75,['none'],7777777,False,[],50,0,10,0.5,0.6,0.2,0.2,<class 'torch.optim.adam.Adam'>,0.01,<function cross_entropy at 0x000001C84AF6F880>,5,tolokers_bid,2.658806190125276,GREEDY,REPLAY,1,0.1,241028140006
13,round_1,seed_prev_pred,0.0,0.0,0.0,0.38145416227608003,0.7031505310457516,0,97,362,128,0.19882357120513916,0.09941178560256958,0.5998525023460388,0.0,0.5587934851646423,0.27939674258232117,0.37880852818489075,432,350,0.18315376341342926,2,12932,1242132,cuda:0,True,False,False,ADVER,NODE,INDUCTIVE,False,3,1,128,459,0,0,REAGE,0.02727929920054431,0.09772070079945569,8,0.5,NONE,False,False,XGB-SP,temporal,64,2,64,2,2,0.1,LeakyReLU,layer,<class 'models.benchmarks_supervised.booster.GIN_noparam'>,<class 'xgboost.sklearn.XGBClassifier'>,<function average_precision_score at 0x000001C8520A5760>,500,7,mean_final,normal,0,1,1,1,1,1,1,round,ndist,True,0.1,0,NONE,0.05,7,OR,100,50,75,['none'],7777777,False,[],50,0,10,0.5,0.6,0.2,0.2,<class 'torch.optim.adam.Adam'>,0.01,<function cross_entropy at 0x000001C84AF6F880>,5,tolokers_bid,2.658806190125276,GREEDY,REPLAY,1,0.1,241028140006
14,round_2,val_set_best,10.129687070846558,0.656353591160221,0.46153846153846156,0.6576671170354748,0.737802133708087,594,693,1713,311,0.19649353623390198,0.09824676811695099,0.5980813503265381,0.0,0.5814326405525208,0.2907163202762604,0.38896310329437256,400,249,0.33099210262298584,2,12932,1242132,cuda:0,True,False,False,ADVER,NODE,INDUCTIVE,False,3,1,128,459,0,0,REAGE,0.02727929920054431,0.09772070079945569,8,0.5,NONE,False,False,XGB-SP,temporal,64,2,64,2,2,0.1,LeakyReLU,layer,<class 'models.benchmarks_supervised.booster.GIN_noparam'>,<class 'xgboost.sklearn.XGBClassifier'>,<function average_precision_score at 0x000001C8520A5760>,500,7,mean_final,normal,0,1,1,1,1,1,1,round,ndist,True,0.1,0,NONE,0.05,7,OR,100,50,75,['none'],7777777,False,[],50,0,10,0.5,0.6,0.2,0.2,<class 'torch.optim.adam.Adam'>,0.01,<function cross_entropy at 0x000001C84AF6F880>,5,tolokers_bid,2.658806190125276,GREEDY,REPLAY,1,0.1,241028140006
15,round_2,entire_graph,0.0,0.5116938341601701,0.4935064935064935,0.680130123502198,0.7826168524683478,1444,1482,8628,1378,0.19649353623390198,0.09824676811695099,0.5980813503265381,0.0,0.5814326405525208,0.2907163202762604,0.38896310329437256,400,249,0.33099210262298584,2,12932,1242132,cuda:0,True,False,False,ADVER,NODE,INDUCTIVE,False,3,1,128,459,0,0,REAGE,0.02727929920054431,0.09772070079945569,8,0.5,NONE,False,False,XGB-SP,temporal,64,2,64,2,2,0.1,LeakyReLU,layer,<class 'models.benchmarks_supervised.booster.GIN_noparam'>,<class 'xgboost.sklearn.XGBClassifier'>,<function average_precision_score at 0x000001C8520A5760>,500,7,mean_final,normal,0,1,1,1,1,1,1,round,ndist,True,0.1,0,NONE,0.05,7,OR,100,50,75,['none'],7777777,False,[],50,0,10,0.5,0.6,0.2,0.2,<class 'torch.optim.adam.Adam'>,0.01,<function cross_entropy at 0x000001C84AF6F880>,5,tolokers_bid,2.658806190125276,GREEDY,REPLAY,1,0.1,241028140006
16,round_2,train_set,0.0,0.6116433308769345,0.5869872701555869,0.7219362191645367,0.8124346412704431,830,584,3024,527,0.19649353623390198,0.09824676811695099,0.5980813503265381,0.0,0.5814326405525208,0.2907163202762604,0.38896310329437256,400,249,0.33099210262298584,2,12932,1242132,cuda:0,True,False,False,ADVER,NODE,INDUCTIVE,False,3,1,128,459,0,0,REAGE,0.02727929920054431,0.09772070079945569,8,0.5,NONE,False,False,XGB-SP,temporal,64,2,64,2,2,0.1,LeakyReLU,layer,<class 'models.benchmarks_supervised.booster.GIN_noparam'>,<class 'xgboost.sklearn.XGBClassifier'>,<function average_precision_score at 0x000001C8520A5760>,500,7,mean_final,normal,0,1,1,1,1,1,1,round,ndist,True,0.1,0,NONE,0.05,7,OR,100,50,75,['none'],7777777,False,[],50,0,10,0.5,0.6,0.2,0.2,<class 'torch.optim.adam.Adam'>,0.01,<function cross_entropy at 0x000001C84AF6F880>,5,tolokers_bid,2.658806190125276,GREEDY,REPLAY,1,0.1,241028140006
17,round_2,val_set,0.0,0.5016574585635359,0.46804123711340206,0.6402795309318166,0.7255613268853649,454,516,1890,451,0.19649353623390198,0.09824676811695099,0.5980813503265381,0.0,0.5814326405525208,0.2907163202762604,0.38896310329437256,400,249,0.33099210262298584,2,12932,1242132,cuda:0,True,False,False,ADVER,NODE,INDUCTIVE,False,3,1,128,459,0,0,REAGE,0.02727929920054431,0.09772070079945569,8,0.5,NONE,False,False,XGB-SP,temporal,64,2,64,2,2,0.1,LeakyReLU,layer,<class 'models.benchmarks_supervised.booster.GIN_noparam'>,<class 'xgboost.sklearn.XGBClassifier'>,<function average_precision_score at 0x000001C8520A5760>,500,7,mean_final,normal,0,1,1,1,1,1,1,round,ndist,True,0.1,0,NONE,0.05,7,OR,100,50,75,['none'],7777777,False,[],50,0,10,0.5,0.6,0.2,0.2,<class 'torch.optim.adam.Adam'>,0.01,<function cross_entropy at 0x000001C84AF6F880>,5,tolokers_bid,2.658806190125276,GREEDY,REPLAY,1,0.1,241028140006
18,round_2,test_set,0.0,0.2857142857142857,0.2952029520295203,0.5975657148667798,0.7348750523158483,160,382,3714,400,0.19649353623390198,0.09824676811695099,0.5980813503265381,0.0,0.5814326405525208,0.2907163202762604,0.38896310329437256,400,249,0.33099210262298584,2,12932,1242132,cuda:0,True,False,False,ADVER,NODE,INDUCTIVE,False,3,1,128,459,0,0,REAGE,0.02727929920054431,0.09772070079945569,8,0.5,NONE,False,False,XGB-SP,temporal,64,2,64,2,2,0.1,LeakyReLU,layer,<class 'models.benchmarks_supervised.booster.GIN_noparam'>,<class 'xgboost.sklearn.XGBClassifier'>,<function average_precision_score at 0x000001C8520A5760>,500,7,mean_final,normal,0,1,1,1,1,1,1,round,ndist,True,0.1,0,NONE,0.05,7,OR,100,50,75,['none'],7777777,False,[],50,0,10,0.5,0.6,0.2,0.2,<class 'torch.optim.adam.Adam'>,0.01,<function cross_entropy at 0x000001C84AF6F880>,5,tolokers_bid,2.658806190125276,GREEDY,REPLAY,1,0.1,241028140006
19,round_2,round_0_nodes,0.0,0.5269943593875906,0.48952095808383234,0.684673350426724,0.7874776006913425,654,682,3956,587,0.19649353623390198,0.09824676811695099,0.5980813503265381,0.0,0.5814326405525208,0.2907163202762604,0.38896310329437256,400,249,0.33099210262298584,2,12932,1242132,cuda:0,True,False,False,ADVER,NODE,INDUCTIVE,False,3,1,128,459,0,0,REAGE,0.02727929920054431,0.09772070079945569,8,0.5,NONE,False,False,XGB-SP,temporal,64,2,64,2,2,0.1,LeakyReLU,layer,<class 'models.benchmarks_supervised.booster.GIN_noparam'>,<class 'xgboost.sklearn.XGBClassifier'>,<function average_precision_score at 0x000001C8520A5760>,500,7,mean_final,normal,0,1,1,1,1,1,1,round,ndist,True,0.1,0,NONE,0.05,7,OR,100,50,75,['none'],7777777,False,[],50,0,10,0.5,0.6,0.2,0.2,<class 'torch.optim.adam.Adam'>,0.01,<function cross_entropy at 0x000001C84AF6F880>,5,tolokers_bid,2.658806190125276,GREEDY,REPLAY,1,0.1,241028140006
20,round_2,round_1_nodes,0.0,0.4296875,0.45081967213114754,0.6442424242424242,0.7567997685185185,55,67,392,73,0.19649353623390198,0.09824676811695099,0.5980813503265381,0.0,0.5814326405525208,0.2907163202762604,0.38896310329437256,400,249,0.33099210262298584,2,12932,1242132,cuda:0,True,False,False,ADVER,NODE,INDUCTIVE,False,3,1,128,459,0,0,REAGE,0.02727929920054431,0.09772070079945569,8,0.5,NONE,False,False,XGB-SP,temporal,64,2,64,2,2,0.1,LeakyReLU,layer,<class 'models.benchmarks_supervised.booster.GIN_noparam'>,<class 'xgboost.sklearn.XGBClassifier'>,<function average_precision_score at 0x000001C8520A5760>,500,7,mean_final,normal,0,1,1,1,1,1,1,round,ndist,True,0.1,0,NONE,0.05,7,OR,100,50,75,['none'],7777777,False,[],50,0,10,0.5,0.6,0.2,0.2,<class 'torch.optim.adam.Adam'>,0.01,<function cross_entropy at 0x000001C84AF6F880>,5,tolokers_bid,2.658806190125276,GREEDY,REPLAY,1,0.1,241028140006
21,round_2,round_2_nodes,0.0,0.2578125,0.34375,0.5641635338345865,0.667543232570806,33,63,396,95,0.19649353623390198,0.09824676811695099,0.5980813503265381,0.0,0.5814326405525208,0.2907163202762604,0.38896310329437256,400,249,0.33099210262298584,2,12932,1242132,cuda:0,True,False,False,ADVER,NODE,INDUCTIVE,False,3,1,128,459,0,0,REAGE,0.02727929920054431,0.09772070079945569,8,0.5,NONE,False,False,XGB-SP,temporal,64,2,64,2,2,0.1,LeakyReLU,layer,<class 'models.benchmarks_supervised.booster.GIN_noparam'>,<class 'xgboost.sklearn.XGBClassifier'>,<function average_precision_score at 0x000001C8520A5760>,500,7,mean_final,normal,0,1,1,1,1,1,1,round,ndist,True,0.1,0,NONE,0.05,7,OR,100,50,75,['none'],7777777,False,[],50,0,10,0.5,0.6,0.2,0.2,<class 'torch.optim.adam.Adam'>,0.01,<function cross_entropy at 0x000001C84AF6F880>,5,tolokers_bid,2.658806190125276,GREEDY,REPLAY,1,0.1,241028140006
22,round_2,seed_current_pred,0.0,0.3046875,0.3391304347826087,0.5718794340348226,0.6523097086056644,39,76,383,89,0.19649353623390198,0.09824676811695099,0.5980813503265381,0.0,0.5814326405525208,0.2907163202762604,0.38896310329437256,400,249,0.33099210262298584,2,12932,1242132,cuda:0,True,False,False,ADVER,NODE,INDUCTIVE,False,3,1,128,459,0,0,REAGE,0.02727929920054431,0.09772070079945569,8,0.5,NONE,False,False,XGB-SP,temporal,64,2,64,2,2,0.1,LeakyReLU,layer,<class 'models.benchmarks_supervised.booster.GIN_noparam'>,<class 'xgboost.sklearn.XGBClassifier'>,<function average_precision_score at 0x000001C8520A5760>,500,7,mean_final,normal,0,1,1,1,1,1,1,round,ndist,True,0.1,0,NONE,0.05,7,OR,100,50,75,['none'],7777777,False,[],50,0,10,0.5,0.6,0.2,0.2,<class 'torch.optim.adam.Adam'>,0.01,<function cross_entropy at 0x000001C84AF6F880>,5,tolokers_bid,2.658806190125276,GREEDY,REPLAY,1,0.1,241028140006
23,round_2,seed_prev_pred,0.0,0.0,0.0,0.3910788381742739,0.6523097086056644,0,82,377,128,0.19649353623390198,0.09824676811695099,0.5980813503265381,0.0,0.5814326405525208,0.2907163202762604,0.38896310329437256,400,249,0.33099210262298584,2,12932,1242132,cuda:0,True,False,False,ADVER,NODE,INDUCTIVE,False,3,1,128,459,0,0,REAGE,0.02727929920054431,0.09772070079945569,8,0.5,NONE,False,False,XGB-SP,temporal,64,2,64,2,2,0.1,LeakyReLU,layer,<class 'models.benchmarks_supervised.booster.GIN_noparam'>,<class 'xgboost.sklearn.XGBClassifier'>,<function average_precision_score at 0x000001C8520A5760>,500,7,mean_final,normal,0,1,1,1,1,1,1,round,ndist,True,0.1,0,NONE,0.05,7,OR,100,50,75,['none'],7777777,False,[],50,0,10,0.5,0.6,0.2,0.2,<class 'torch.optim.adam.Adam'>,0.01,<function cross_entropy at 0x000001C84AF6F880>,5,tolokers_bid,2.658806190125276,GREEDY,REPLAY,1,0.1,241028140006
