,round,eval_type,time,rec,prec,f1,auc,tp,fp,tn,fn,recon_loss,weighted_recon_loss,disen_loss,weighted_disen_loss,temp_loss,weighted_temp_loss,final_loss,predicted_pos,predicted_pos_og,prediction_speed,trial,num_nodes,num_edges,device,save_df,save_embedding,save_temp_sne,exp_type,task_type,setting_type,full_oracle,round_num,node_expiration_time,round_new_pos,round_new_neg,round_budget_pos,round_budget_neg,augment_name,augment_pos_ratio,augment_neg_ratio,augment_round_split,augment_prob,pseudo_name,pseudo_skip_initial,pseudo_new_pos_only,model_name,embed_type,h_feats,num_layers,mlp_feats,mlp_layers,att_heads,dropout_rate,act_name,norm_name,boost_agg_backbone,boost_predictor,boost_metric,n_estimator,round_window,temporal_agg,tloss_type,alpha,beta,gamma,lambda_,lambda1,lambda2,k,training_type,loss_type,loss_sample,loss_sample_ratio,drop_rate,addon_name,addon_perc,addon_round_window,addon_internal_agg,num_epoch,num_round_epoch,early_stopping,etypes,random_state,round_reset_model,round_train_list,stuck_stopping,stuck_threshold,train_max_retry,ratio_initial,ratio_train,ratio_val,ratio_test,optimizer,learning_rate,loss,loss_gamma,dset_name,ce_weight,adver_choose_name,adver_mod_name,adver_feat_coef,adver_conn_coef,timestamp
0,round_0,val_set_best,6.961515665054321,0.6245136186770428,0.4331983805668016,0.6669105543612734,0.7932715309738636,321,420,1418,193,0.2510244846343994,0.2510244846343994,0.734235942363739,0.0,0.6776615381240845,0.0,0.2510244846343994,676,676,0.0,0,12932,1254078,cuda:0,True,False,False,ADVER,NODE,INDUCTIVE,False,3,1,128,459,0,0,REAGE,0.02727929920054431,0.09772070079945569,8,0.5,NONE,False,False,XGB-SP,temporal,64,2,64,2,2,0.1,LeakyReLU,layer,<class 'models.benchmarks_supervised.booster.GIN_noparam'>,<class 'xgboost.sklearn.XGBClassifier'>,<function average_precision_score at 0x000001C8520A5760>,500,7,mean_final,normal,0,0,1,1,1,1,1,round,ndist,True,0.1,0,NONE,0.05,7,OR,100,50,75,['none'],7777777,False,[],50,0,10,0.5,0.6,0.2,0.2,<class 'torch.optim.adam.Adam'>,0.01,<function cross_entropy at 0x000001C84AF6F880>,5,tolokers_bid,2.69896449704142,GREEDY,REPLAY,1,0.1,241028140006
1,round_0,entire_graph,0.0,0.49961028838659394,0.5148594377510041,0.686062835141325,0.8124120477869874,1282,1208,7984,1284,0.2510244846343994,0.2510244846343994,0.734235942363739,0.0,0.6776615381240845,0.0,0.2510244846343994,676,676,0.0,0,12932,1254078,cuda:0,True,False,False,ADVER,NODE,INDUCTIVE,False,3,1,128,459,0,0,REAGE,0.02727929920054431,0.09772070079945569,8,0.5,NONE,False,False,XGB-SP,temporal,64,2,64,2,2,0.1,LeakyReLU,layer,<class 'models.benchmarks_supervised.booster.GIN_noparam'>,<class 'xgboost.sklearn.XGBClassifier'>,<function average_precision_score at 0x000001C8520A5760>,500,7,mean_final,normal,0,0,1,1,1,1,1,round,ndist,True,0.1,0,NONE,0.05,7,OR,100,50,75,['none'],7777777,False,[],50,0,10,0.5,0.6,0.2,0.2,<class 'torch.optim.adam.Adam'>,0.01,<function cross_entropy at 0x000001C84AF6F880>,5,tolokers_bid,2.69896449704142,GREEDY,REPLAY,1,0.1,241028140006
2,round_0,train_set,0.0,0.5499351491569391,0.5499351491569391,0.7120140187003854,0.8457135851692053,424,347,2409,347,0.2510244846343994,0.2510244846343994,0.734235942363739,0.0,0.6776615381240845,0.0,0.2510244846343994,676,676,0.0,0,12932,1254078,cuda:0,True,False,False,ADVER,NODE,INDUCTIVE,False,3,1,128,459,0,0,REAGE,0.02727929920054431,0.09772070079945569,8,0.5,NONE,False,False,XGB-SP,temporal,64,2,64,2,2,0.1,LeakyReLU,layer,<class 'models.benchmarks_supervised.booster.GIN_noparam'>,<class 'xgboost.sklearn.XGBClassifier'>,<function average_precision_score at 0x000001C8520A5760>,500,7,mean_final,normal,0,0,1,1,1,1,1,round,ndist,True,0.1,0,NONE,0.05,7,OR,100,50,75,['none'],7777777,False,[],50,0,10,0.5,0.6,0.2,0.2,<class 'torch.optim.adam.Adam'>,0.01,<function cross_entropy at 0x000001C84AF6F880>,5,tolokers_bid,2.69896449704142,GREEDY,REPLAY,1,0.1,241028140006
3,round_0,val_set,0.0,0.49221789883268485,0.4846743295019157,0.6719620383742522,0.7998024836673258,253,269,1569,261,0.2510244846343994,0.2510244846343994,0.734235942363739,0.0,0.6776615381240845,0.0,0.2510244846343994,676,676,0.0,0,12932,1254078,cuda:0,True,False,False,ADVER,NODE,INDUCTIVE,False,3,1,128,459,0,0,REAGE,0.02727929920054431,0.09772070079945569,8,0.5,NONE,False,False,XGB-SP,temporal,64,2,64,2,2,0.1,LeakyReLU,layer,<class 'models.benchmarks_supervised.booster.GIN_noparam'>,<class 'xgboost.sklearn.XGBClassifier'>,<function average_precision_score at 0x000001C8520A5760>,500,7,mean_final,normal,0,0,1,1,1,1,1,round,ndist,True,0.1,0,NONE,0.05,7,OR,100,50,75,['none'],7777777,False,[],50,0,10,0.5,0.6,0.2,0.2,<class 'torch.optim.adam.Adam'>,0.01,<function cross_entropy at 0x000001C84AF6F880>,5,tolokers_bid,2.69896449704142,GREEDY,REPLAY,1,0.1,241028140006
4,round_0,test_set,0.0,0.4722872755659641,0.5054302422723476,0.6758295413431299,0.7967655726499557,605,592,4006,676,0.2510244846343994,0.2510244846343994,0.734235942363739,0.0,0.6776615381240845,0.0,0.2510244846343994,676,676,0.0,0,12932,1254078,cuda:0,True,False,False,ADVER,NODE,INDUCTIVE,False,3,1,128,459,0,0,REAGE,0.02727929920054431,0.09772070079945569,8,0.5,NONE,False,False,XGB-SP,temporal,64,2,64,2,2,0.1,LeakyReLU,layer,<class 'models.benchmarks_supervised.booster.GIN_noparam'>,<class 'xgboost.sklearn.XGBClassifier'>,<function average_precision_score at 0x000001C8520A5760>,500,7,mean_final,normal,0,0,1,1,1,1,1,round,ndist,True,0.1,0,NONE,0.05,7,OR,100,50,75,['none'],7777777,False,[],50,0,10,0.5,0.6,0.2,0.2,<class 'torch.optim.adam.Adam'>,0.01,<function cross_entropy at 0x000001C84AF6F880>,5,tolokers_bid,2.69896449704142,GREEDY,REPLAY,1,0.1,241028140006
5,round_1,val_set_best,5.8683552742004395,0.6825396825396826,0.4858757062146893,0.6815911299766814,0.7890444316950341,516,546,1529,240,0.23153334856033325,0.23153334856033325,0.598706066608429,0.0,0.5686739087104797,0.0,0.23153334856033325,539,445,0.2977588176727295,0,12932,1254078,cuda:0,True,False,False,ADVER,NODE,INDUCTIVE,False,3,1,128,459,0,0,REAGE,0.02727929920054431,0.09772070079945569,8,0.5,NONE,False,False,XGB-SP,temporal,64,2,64,2,2,0.1,LeakyReLU,layer,<class 'models.benchmarks_supervised.booster.GIN_noparam'>,<class 'xgboost.sklearn.XGBClassifier'>,<function average_precision_score at 0x000001C8520A5760>,500,7,mean_final,normal,0,0,1,1,1,1,1,round,ndist,True,0.1,0,NONE,0.05,7,OR,100,50,75,['none'],7777777,False,[],50,0,10,0.5,0.6,0.2,0.2,<class 'torch.optim.adam.Adam'>,0.01,<function cross_entropy at 0x000001C84AF6F880>,5,tolokers_bid,2.69896449704142,GREEDY,REPLAY,1,0.1,241028140006
6,round_1,entire_graph,0.0,0.585003711952487,0.5118544982137058,0.7037186643036007,0.8123250322675634,1576,1503,8148,1118,0.23153334856033325,0.23153334856033325,0.598706066608429,0.0,0.5686739087104797,0.0,0.23153334856033325,539,445,0.2977588176727295,0,12932,1254078,cuda:0,True,False,False,ADVER,NODE,INDUCTIVE,False,3,1,128,459,0,0,REAGE,0.02727929920054431,0.09772070079945569,8,0.5,NONE,False,False,XGB-SP,temporal,64,2,64,2,2,0.1,LeakyReLU,layer,<class 'models.benchmarks_supervised.booster.GIN_noparam'>,<class 'xgboost.sklearn.XGBClassifier'>,<function average_precision_score at 0x000001C8520A5760>,500,7,mean_final,normal,0,0,1,1,1,1,1,round,ndist,True,0.1,0,NONE,0.05,7,OR,100,50,75,['none'],7777777,False,[],50,0,10,0.5,0.6,0.2,0.2,<class 'torch.optim.adam.Adam'>,0.01,<function cross_entropy at 0x000001C84AF6F880>,5,tolokers_bid,2.69896449704142,GREEDY,REPLAY,1,0.1,241028140006
7,round_1,train_set,0.0,0.7768959435626103,0.6440058479532164,0.7903280581947268,0.8838779389513345,881,487,2624,253,0.23153334856033325,0.23153334856033325,0.598706066608429,0.0,0.5686739087104797,0.0,0.23153334856033325,539,445,0.2977588176727295,0,12932,1254078,cuda:0,True,False,False,ADVER,NODE,INDUCTIVE,False,3,1,128,459,0,0,REAGE,0.02727929920054431,0.09772070079945569,8,0.5,NONE,False,False,XGB-SP,temporal,64,2,64,2,2,0.1,LeakyReLU,layer,<class 'models.benchmarks_supervised.booster.GIN_noparam'>,<class 'xgboost.sklearn.XGBClassifier'>,<function average_precision_score at 0x000001C8520A5760>,500,7,mean_final,normal,0,0,1,1,1,1,1,round,ndist,True,0.1,0,NONE,0.05,7,OR,100,50,75,['none'],7777777,False,[],50,0,10,0.5,0.6,0.2,0.2,<class 'torch.optim.adam.Adam'>,0.01,<function cross_entropy at 0x000001C84AF6F880>,5,tolokers_bid,2.69896449704142,GREEDY,REPLAY,1,0.1,241028140006
8,round_1,val_set,0.0,0.5687830687830688,0.4875283446712018,0.6658452823959782,0.7671342512908779,430,452,1623,326,0.23153334856033325,0.23153334856033325,0.598706066608429,0.0,0.5686739087104797,0.0,0.23153334856033325,539,445,0.2977588176727295,0,12932,1254078,cuda:0,True,False,False,ADVER,NODE,INDUCTIVE,False,3,1,128,459,0,0,REAGE,0.02727929920054431,0.09772070079945569,8,0.5,NONE,False,False,XGB-SP,temporal,64,2,64,2,2,0.1,LeakyReLU,layer,<class 'models.benchmarks_supervised.booster.GIN_noparam'>,<class 'xgboost.sklearn.XGBClassifier'>,<function average_precision_score at 0x000001C8520A5760>,500,7,mean_final,normal,0,0,1,1,1,1,1,round,ndist,True,0.1,0,NONE,0.05,7,OR,100,50,75,['none'],7777777,False,[],50,0,10,0.5,0.6,0.2,0.2,<class 'torch.optim.adam.Adam'>,0.01,<function cross_entropy at 0x000001C84AF6F880>,5,tolokers_bid,2.69896449704142,GREEDY,REPLAY,1,0.1,241028140006
9,round_1,test_set,0.0,0.32960199004975127,0.31966224366706875,0.6003465167638402,0.7429080799808349,265,564,3901,539,0.23153334856033325,0.23153334856033325,0.598706066608429,0.0,0.5686739087104797,0.0,0.23153334856033325,539,445,0.2977588176727295,0,12932,1254078,cuda:0,True,False,False,ADVER,NODE,INDUCTIVE,False,3,1,128,459,0,0,REAGE,0.02727929920054431,0.09772070079945569,8,0.5,NONE,False,False,XGB-SP,temporal,64,2,64,2,2,0.1,LeakyReLU,layer,<class 'models.benchmarks_supervised.booster.GIN_noparam'>,<class 'xgboost.sklearn.XGBClassifier'>,<function average_precision_score at 0x000001C8520A5760>,500,7,mean_final,normal,0,0,1,1,1,1,1,round,ndist,True,0.1,0,NONE,0.05,7,OR,100,50,75,['none'],7777777,False,[],50,0,10,0.5,0.6,0.2,0.2,<class 'torch.optim.adam.Adam'>,0.01,<function cross_entropy at 0x000001C84AF6F880>,5,tolokers_bid,2.69896449704142,GREEDY,REPLAY,1,0.1,241028140006
10,round_1,round_0_nodes,0.0,0.5394223263075723,0.4845722300140252,0.6820677981362191,0.7902015233178461,691,735,3863,590,0.23153334856033325,0.23153334856033325,0.598706066608429,0.0,0.5686739087104797,0.0,0.23153334856033325,539,445,0.2977588176727295,0,12932,1254078,cuda:0,True,False,False,ADVER,NODE,INDUCTIVE,False,3,1,128,459,0,0,REAGE,0.02727929920054431,0.09772070079945569,8,0.5,NONE,False,False,XGB-SP,temporal,64,2,64,2,2,0.1,LeakyReLU,layer,<class 'models.benchmarks_supervised.booster.GIN_noparam'>,<class 'xgboost.sklearn.XGBClassifier'>,<function average_precision_score at 0x000001C8520A5760>,500,7,mean_final,normal,0,0,1,1,1,1,1,round,ndist,True,0.1,0,NONE,0.05,7,OR,100,50,75,['none'],7777777,False,[],50,0,10,0.5,0.6,0.2,0.2,<class 'torch.optim.adam.Adam'>,0.01,<function cross_entropy at 0x000001C84AF6F880>,5,tolokers_bid,2.69896449704142,GREEDY,REPLAY,1,0.1,241028140006
11,round_1,round_1_nodes,0.0,0.265625,0.39080459770114945,0.5814971991172976,0.7171755855119826,34,53,406,94,0.23153334856033325,0.23153334856033325,0.598706066608429,0.0,0.5686739087104797,0.0,0.23153334856033325,539,445,0.2977588176727295,0,12932,1254078,cuda:0,True,False,False,ADVER,NODE,INDUCTIVE,False,3,1,128,459,0,0,REAGE,0.02727929920054431,0.09772070079945569,8,0.5,NONE,False,False,XGB-SP,temporal,64,2,64,2,2,0.1,LeakyReLU,layer,<class 'models.benchmarks_supervised.booster.GIN_noparam'>,<class 'xgboost.sklearn.XGBClassifier'>,<function average_precision_score at 0x000001C8520A5760>,500,7,mean_final,normal,0,0,1,1,1,1,1,round,ndist,True,0.1,0,NONE,0.05,7,OR,100,50,75,['none'],7777777,False,[],50,0,10,0.5,0.6,0.2,0.2,<class 'torch.optim.adam.Adam'>,0.01,<function cross_entropy at 0x000001C84AF6F880>,5,tolokers_bid,2.69896449704142,GREEDY,REPLAY,1,0.1,241028140006
12,round_1,seed_current_pred,0.0,0.2890625,0.33035714285714285,0.5653015703069237,0.7045377178649236,37,75,384,91,0.23153334856033325,0.23153334856033325,0.598706066608429,0.0,0.5686739087104797,0.0,0.23153334856033325,539,445,0.2977588176727295,0,12932,1254078,cuda:0,True,False,False,ADVER,NODE,INDUCTIVE,False,3,1,128,459,0,0,REAGE,0.02727929920054431,0.09772070079945569,8,0.5,NONE,False,False,XGB-SP,temporal,64,2,64,2,2,0.1,LeakyReLU,layer,<class 'models.benchmarks_supervised.booster.GIN_noparam'>,<class 'xgboost.sklearn.XGBClassifier'>,<function average_precision_score at 0x000001C8520A5760>,500,7,mean_final,normal,0,0,1,1,1,1,1,round,ndist,True,0.1,0,NONE,0.05,7,OR,100,50,75,['none'],7777777,False,[],50,0,10,0.5,0.6,0.2,0.2,<class 'torch.optim.adam.Adam'>,0.01,<function cross_entropy at 0x000001C84AF6F880>,5,tolokers_bid,2.69896449704142,GREEDY,REPLAY,1,0.1,241028140006
13,round_1,seed_prev_pred,0.0,0.0,0.0,0.3985655737704918,0.7045377178649236,0,70,389,128,0.23153334856033325,0.23153334856033325,0.598706066608429,0.0,0.5686739087104797,0.0,0.23153334856033325,539,445,0.2977588176727295,0,12932,1254078,cuda:0,True,False,False,ADVER,NODE,INDUCTIVE,False,3,1,128,459,0,0,REAGE,0.02727929920054431,0.09772070079945569,8,0.5,NONE,False,False,XGB-SP,temporal,64,2,64,2,2,0.1,LeakyReLU,layer,<class 'models.benchmarks_supervised.booster.GIN_noparam'>,<class 'xgboost.sklearn.XGBClassifier'>,<function average_precision_score at 0x000001C8520A5760>,500,7,mean_final,normal,0,0,1,1,1,1,1,round,ndist,True,0.1,0,NONE,0.05,7,OR,100,50,75,['none'],7777777,False,[],50,0,10,0.5,0.6,0.2,0.2,<class 'torch.optim.adam.Adam'>,0.01,<function cross_entropy at 0x000001C84AF6F880>,5,tolokers_bid,2.69896449704142,GREEDY,REPLAY,1,0.1,241028140006
14,round_2,val_set_best,7.092024803161621,0.5904872389791184,0.5215163934426229,0.6855359947062969,0.7766221123776857,509,467,1833,353,0.23358480632305145,0.23358480632305145,0.5947116613388062,0.0,0.5919355154037476,0.0,0.23358480632305145,419,287,0.5204444527626038,0,12932,1254078,cuda:0,True,False,False,ADVER,NODE,INDUCTIVE,False,3,1,128,459,0,0,REAGE,0.02727929920054431,0.09772070079945569,8,0.5,NONE,False,False,XGB-SP,temporal,64,2,64,2,2,0.1,LeakyReLU,layer,<class 'models.benchmarks_supervised.booster.GIN_noparam'>,<class 'xgboost.sklearn.XGBClassifier'>,<function average_precision_score at 0x000001C8520A5760>,500,7,mean_final,normal,0,0,1,1,1,1,1,round,ndist,True,0.1,0,NONE,0.05,7,OR,100,50,75,['none'],7777777,False,[],50,0,10,0.5,0.6,0.2,0.2,<class 'torch.optim.adam.Adam'>,0.01,<function cross_entropy at 0x000001C84AF6F880>,5,tolokers_bid,2.69896449704142,GREEDY,REPLAY,1,0.1,241028140006
15,round_2,entire_graph,0.0,0.5949681077250177,0.48526011560693644,0.6926111671534563,0.8051271940616366,1679,1781,8329,1143,0.23358480632305145,0.23358480632305145,0.5947116613388062,0.0,0.5919355154037476,0.0,0.23358480632305145,419,287,0.5204444527626038,0,12932,1254078,cuda:0,True,False,False,ADVER,NODE,INDUCTIVE,False,3,1,128,459,0,0,REAGE,0.02727929920054431,0.09772070079945569,8,0.5,NONE,False,False,XGB-SP,temporal,64,2,64,2,2,0.1,LeakyReLU,layer,<class 'models.benchmarks_supervised.booster.GIN_noparam'>,<class 'xgboost.sklearn.XGBClassifier'>,<function average_precision_score at 0x000001C8520A5760>,500,7,mean_final,normal,0,0,1,1,1,1,1,round,ndist,True,0.1,0,NONE,0.05,7,OR,100,50,75,['none'],7777777,False,[],50,0,10,0.5,0.6,0.2,0.2,<class 'torch.optim.adam.Adam'>,0.01,<function cross_entropy at 0x000001C84AF6F880>,5,tolokers_bid,2.69896449704142,GREEDY,REPLAY,1,0.1,241028140006
16,round_2,train_set,0.0,0.720030935808198,0.5775434243176178,0.7412386516129859,0.8459062734680611,931,681,2769,362,0.23358480632305145,0.23358480632305145,0.5947116613388062,0.0,0.5919355154037476,0.0,0.23358480632305145,419,287,0.5204444527626038,0,12932,1254078,cuda:0,True,False,False,ADVER,NODE,INDUCTIVE,False,3,1,128,459,0,0,REAGE,0.02727929920054431,0.09772070079945569,8,0.5,NONE,False,False,XGB-SP,temporal,64,2,64,2,2,0.1,LeakyReLU,layer,<class 'models.benchmarks_supervised.booster.GIN_noparam'>,<class 'xgboost.sklearn.XGBClassifier'>,<function average_precision_score at 0x000001C8520A5760>,500,7,mean_final,normal,0,0,1,1,1,1,1,round,ndist,True,0.1,0,NONE,0.05,7,OR,100,50,75,['none'],7777777,False,[],50,0,10,0.5,0.6,0.2,0.2,<class 'torch.optim.adam.Adam'>,0.01,<function cross_entropy at 0x000001C84AF6F880>,5,tolokers_bid,2.69896449704142,GREEDY,REPLAY,1,0.1,241028140006
17,round_2,val_set,0.0,0.580046403712297,0.48638132295719844,0.6641894165574815,0.7604869867850298,500,528,1772,362,0.23358480632305145,0.23358480632305145,0.5947116613388062,0.0,0.5919355154037476,0.0,0.23358480632305145,419,287,0.5204444527626038,0,12932,1254078,cuda:0,True,False,False,ADVER,NODE,INDUCTIVE,False,3,1,128,459,0,0,REAGE,0.02727929920054431,0.09772070079945569,8,0.5,NONE,False,False,XGB-SP,temporal,64,2,64,2,2,0.1,LeakyReLU,layer,<class 'models.benchmarks_supervised.booster.GIN_noparam'>,<class 'xgboost.sklearn.XGBClassifier'>,<function average_precision_score at 0x000001C8520A5760>,500,7,mean_final,normal,0,0,1,1,1,1,1,round,ndist,True,0.1,0,NONE,0.05,7,OR,100,50,75,['none'],7777777,False,[],50,0,10,0.5,0.6,0.2,0.2,<class 'torch.optim.adam.Adam'>,0.01,<function cross_entropy at 0x000001C84AF6F880>,5,tolokers_bid,2.69896449704142,GREEDY,REPLAY,1,0.1,241028140006
18,round_2,test_set,0.0,0.37181409295352325,0.3024390243902439,0.6089405327475685,0.7487292477614402,248,572,3788,419,0.23358480632305145,0.23358480632305145,0.5947116613388062,0.0,0.5919355154037476,0.0,0.23358480632305145,419,287,0.5204444527626038,0,12932,1254078,cuda:0,True,False,False,ADVER,NODE,INDUCTIVE,False,3,1,128,459,0,0,REAGE,0.02727929920054431,0.09772070079945569,8,0.5,NONE,False,False,XGB-SP,temporal,64,2,64,2,2,0.1,LeakyReLU,layer,<class 'models.benchmarks_supervised.booster.GIN_noparam'>,<class 'xgboost.sklearn.XGBClassifier'>,<function average_precision_score at 0x000001C8520A5760>,500,7,mean_final,normal,0,0,1,1,1,1,1,round,ndist,True,0.1,0,NONE,0.05,7,OR,100,50,75,['none'],7777777,False,[],50,0,10,0.5,0.6,0.2,0.2,<class 'torch.optim.adam.Adam'>,0.01,<function cross_entropy at 0x000001C84AF6F880>,5,tolokers_bid,2.69896449704142,GREEDY,REPLAY,1,0.1,241028140006
19,round_2,round_0_nodes,0.0,0.615144418423107,0.4679334916864608,0.6867840028353076,0.7972291520020752,788,896,3702,493,0.23358480632305145,0.23358480632305145,0.5947116613388062,0.0,0.5919355154037476,0.0,0.23358480632305145,419,287,0.5204444527626038,0,12932,1254078,cuda:0,True,False,False,ADVER,NODE,INDUCTIVE,False,3,1,128,459,0,0,REAGE,0.02727929920054431,0.09772070079945569,8,0.5,NONE,False,False,XGB-SP,temporal,64,2,64,2,2,0.1,LeakyReLU,layer,<class 'models.benchmarks_supervised.booster.GIN_noparam'>,<class 'xgboost.sklearn.XGBClassifier'>,<function average_precision_score at 0x000001C8520A5760>,500,7,mean_final,normal,0,0,1,1,1,1,1,round,ndist,True,0.1,0,NONE,0.05,7,OR,100,50,75,['none'],7777777,False,[],50,0,10,0.5,0.6,0.2,0.2,<class 'torch.optim.adam.Adam'>,0.01,<function cross_entropy at 0x000001C84AF6F880>,5,tolokers_bid,2.69896449704142,GREEDY,REPLAY,1,0.1,241028140006
20,round_2,round_1_nodes,0.0,0.4921875,0.43448275862068964,0.6491932041321609,0.7672760076252724,63,82,377,65,0.23358480632305145,0.23358480632305145,0.5947116613388062,0.0,0.5919355154037476,0.0,0.23358480632305145,419,287,0.5204444527626038,0,12932,1254078,cuda:0,True,False,False,ADVER,NODE,INDUCTIVE,False,3,1,128,459,0,0,REAGE,0.02727929920054431,0.09772070079945569,8,0.5,NONE,False,False,XGB-SP,temporal,64,2,64,2,2,0.1,LeakyReLU,layer,<class 'models.benchmarks_supervised.booster.GIN_noparam'>,<class 'xgboost.sklearn.XGBClassifier'>,<function average_precision_score at 0x000001C8520A5760>,500,7,mean_final,normal,0,0,1,1,1,1,1,round,ndist,True,0.1,0,NONE,0.05,7,OR,100,50,75,['none'],7777777,False,[],50,0,10,0.5,0.6,0.2,0.2,<class 'torch.optim.adam.Adam'>,0.01,<function cross_entropy at 0x000001C84AF6F880>,5,tolokers_bid,2.69896449704142,GREEDY,REPLAY,1,0.1,241028140006
21,round_2,round_2_nodes,0.0,0.3828125,0.3798449612403101,0.6039657315981313,0.706741898148148,49,80,379,79,0.23358480632305145,0.23358480632305145,0.5947116613388062,0.0,0.5919355154037476,0.0,0.23358480632305145,419,287,0.5204444527626038,0,12932,1254078,cuda:0,True,False,False,ADVER,NODE,INDUCTIVE,False,3,1,128,459,0,0,REAGE,0.02727929920054431,0.09772070079945569,8,0.5,NONE,False,False,XGB-SP,temporal,64,2,64,2,2,0.1,LeakyReLU,layer,<class 'models.benchmarks_supervised.booster.GIN_noparam'>,<class 'xgboost.sklearn.XGBClassifier'>,<function average_precision_score at 0x000001C8520A5760>,500,7,mean_final,normal,0,0,1,1,1,1,1,round,ndist,True,0.1,0,NONE,0.05,7,OR,100,50,75,['none'],7777777,False,[],50,0,10,0.5,0.6,0.2,0.2,<class 'torch.optim.adam.Adam'>,0.01,<function cross_entropy at 0x000001C84AF6F880>,5,tolokers_bid,2.69896449704142,GREEDY,REPLAY,1,0.1,241028140006
22,round_2,seed_current_pred,0.0,0.3984375,0.3541666666666667,0.5932649667405765,0.7031675517429194,51,93,366,77,0.23358480632305145,0.23358480632305145,0.5947116613388062,0.0,0.5919355154037476,0.0,0.23358480632305145,419,287,0.5204444527626038,0,12932,1254078,cuda:0,True,False,False,ADVER,NODE,INDUCTIVE,False,3,1,128,459,0,0,REAGE,0.02727929920054431,0.09772070079945569,8,0.5,NONE,False,False,XGB-SP,temporal,64,2,64,2,2,0.1,LeakyReLU,layer,<class 'models.benchmarks_supervised.booster.GIN_noparam'>,<class 'xgboost.sklearn.XGBClassifier'>,<function average_precision_score at 0x000001C8520A5760>,500,7,mean_final,normal,0,0,1,1,1,1,1,round,ndist,True,0.1,0,NONE,0.05,7,OR,100,50,75,['none'],7777777,False,[],50,0,10,0.5,0.6,0.2,0.2,<class 'torch.optim.adam.Adam'>,0.01,<function cross_entropy at 0x000001C84AF6F880>,5,tolokers_bid,2.69896449704142,GREEDY,REPLAY,1,0.1,241028140006
23,round_2,seed_prev_pred,0.0,0.0,0.0,0.3960905349794239,0.7031675517429194,0,74,385,128,0.23358480632305145,0.23358480632305145,0.5947116613388062,0.0,0.5919355154037476,0.0,0.23358480632305145,419,287,0.5204444527626038,0,12932,1254078,cuda:0,True,False,False,ADVER,NODE,INDUCTIVE,False,3,1,128,459,0,0,REAGE,0.02727929920054431,0.09772070079945569,8,0.5,NONE,False,False,XGB-SP,temporal,64,2,64,2,2,0.1,LeakyReLU,layer,<class 'models.benchmarks_supervised.booster.GIN_noparam'>,<class 'xgboost.sklearn.XGBClassifier'>,<function average_precision_score at 0x000001C8520A5760>,500,7,mean_final,normal,0,0,1,1,1,1,1,round,ndist,True,0.1,0,NONE,0.05,7,OR,100,50,75,['none'],7777777,False,[],50,0,10,0.5,0.6,0.2,0.2,<class 'torch.optim.adam.Adam'>,0.01,<function cross_entropy at 0x000001C84AF6F880>,5,tolokers_bid,2.69896449704142,GREEDY,REPLAY,1,0.1,241028140006
0,round_0,val_set_best,8.601107358932495,0.5269230769230769,0.5111940298507462,0.6898425039872409,0.8079494877393348,274,262,1570,246,0.20688490569591522,0.20688490569591522,0.7401957511901855,0.0,0.6735420823097229,0.0,0.20688490569591522,535,535,0.0,1,12932,1265020,cuda:0,True,False,False,ADVER,NODE,INDUCTIVE,False,3,1,128,459,0,0,REAGE,0.02727929920054431,0.09772070079945569,8,0.5,NONE,False,False,XGB-SP,temporal,64,2,64,2,2,0.1,LeakyReLU,layer,<class 'models.benchmarks_supervised.booster.GIN_noparam'>,<class 'xgboost.sklearn.XGBClassifier'>,<function average_precision_score at 0x000001C8520A5760>,500,7,mean_final,normal,0,0,1,1,1,1,1,round,ndist,True,0.1,0,NONE,0.05,7,OR,100,50,75,['none'],7777777,False,[],50,0,10,0.5,0.6,0.2,0.2,<class 'torch.optim.adam.Adam'>,0.01,<function cross_entropy at 0x000001C84AF6F880>,5,tolokers_bid,2.69896449704142,GREEDY,REPLAY,1,0.1,241028140006
1,round_0,entire_graph,0.0,0.622369446609509,0.46777973052138255,0.6876202685960501,0.8141345671826867,1597,1817,7375,969,0.20688490569591522,0.20688490569591522,0.7401957511901855,0.0,0.6735420823097229,0.0,0.20688490569591522,535,535,0.0,1,12932,1265020,cuda:0,True,False,False,ADVER,NODE,INDUCTIVE,False,3,1,128,459,0,0,REAGE,0.02727929920054431,0.09772070079945569,8,0.5,NONE,False,False,XGB-SP,temporal,64,2,64,2,2,0.1,LeakyReLU,layer,<class 'models.benchmarks_supervised.booster.GIN_noparam'>,<class 'xgboost.sklearn.XGBClassifier'>,<function average_precision_score at 0x000001C8520A5760>,500,7,mean_final,normal,0,0,1,1,1,1,1,round,ndist,True,0.1,0,NONE,0.05,7,OR,100,50,75,['none'],7777777,False,[],50,0,10,0.5,0.6,0.2,0.2,<class 'torch.optim.adam.Adam'>,0.01,<function cross_entropy at 0x000001C84AF6F880>,5,tolokers_bid,2.69896449704142,GREEDY,REPLAY,1,0.1,241028140006
2,round_0,train_set,0.0,0.706786171574904,0.5158878504672897,0.726431671542194,0.8554111532733447,552,518,2228,229,0.20688490569591522,0.20688490569591522,0.7401957511901855,0.0,0.6735420823097229,0.0,0.20688490569591522,535,535,0.0,1,12932,1265020,cuda:0,True,False,False,ADVER,NODE,INDUCTIVE,False,3,1,128,459,0,0,REAGE,0.02727929920054431,0.09772070079945569,8,0.5,NONE,False,False,XGB-SP,temporal,64,2,64,2,2,0.1,LeakyReLU,layer,<class 'models.benchmarks_supervised.booster.GIN_noparam'>,<class 'xgboost.sklearn.XGBClassifier'>,<function average_precision_score at 0x000001C8520A5760>,500,7,mean_final,normal,0,0,1,1,1,1,1,round,ndist,True,0.1,0,NONE,0.05,7,OR,100,50,75,['none'],7777777,False,[],50,0,10,0.5,0.6,0.2,0.2,<class 'torch.optim.adam.Adam'>,0.01,<function cross_entropy at 0x000001C84AF6F880>,5,tolokers_bid,2.69896449704142,GREEDY,REPLAY,1,0.1,241028140006
3,round_0,val_set,0.0,0.6057692307692307,0.4632352941176471,0.6811643835616439,0.8026751973463219,315,365,1467,205,0.20688490569591522,0.20688490569591522,0.7401957511901855,0.0,0.6735420823097229,0.0,0.20688490569591522,535,535,0.0,1,12932,1265020,cuda:0,True,False,False,ADVER,NODE,INDUCTIVE,False,3,1,128,459,0,0,REAGE,0.02727929920054431,0.09772070079945569,8,0.5,NONE,False,False,XGB-SP,temporal,64,2,64,2,2,0.1,LeakyReLU,layer,<class 'models.benchmarks_supervised.booster.GIN_noparam'>,<class 'xgboost.sklearn.XGBClassifier'>,<function average_precision_score at 0x000001C8520A5760>,500,7,mean_final,normal,0,0,1,1,1,1,1,round,ndist,True,0.1,0,NONE,0.05,7,OR,100,50,75,['none'],7777777,False,[],50,0,10,0.5,0.6,0.2,0.2,<class 'torch.optim.adam.Adam'>,0.01,<function cross_entropy at 0x000001C84AF6F880>,5,tolokers_bid,2.69896449704142,GREEDY,REPLAY,1,0.1,241028140006
4,round_0,test_set,0.0,0.5770750988142292,0.4387019230769231,0.6660400652881204,0.7943196595342239,730,934,3680,535,0.20688490569591522,0.20688490569591522,0.7401957511901855,0.0,0.6735420823097229,0.0,0.20688490569591522,535,535,0.0,1,12932,1265020,cuda:0,True,False,False,ADVER,NODE,INDUCTIVE,False,3,1,128,459,0,0,REAGE,0.02727929920054431,0.09772070079945569,8,0.5,NONE,False,False,XGB-SP,temporal,64,2,64,2,2,0.1,LeakyReLU,layer,<class 'models.benchmarks_supervised.booster.GIN_noparam'>,<class 'xgboost.sklearn.XGBClassifier'>,<function average_precision_score at 0x000001C8520A5760>,500,7,mean_final,normal,0,0,1,1,1,1,1,round,ndist,True,0.1,0,NONE,0.05,7,OR,100,50,75,['none'],7777777,False,[],50,0,10,0.5,0.6,0.2,0.2,<class 'torch.optim.adam.Adam'>,0.01,<function cross_entropy at 0x000001C84AF6F880>,5,tolokers_bid,2.69896449704142,GREEDY,REPLAY,1,0.1,241028140006
5,round_1,val_set_best,7.056885719299316,0.6002460024600246,0.49795918367346936,0.6758933285872639,0.7802450541512218,488,492,1713,325,0.185848206281662,0.185848206281662,0.603678286075592,0.0,0.5657180547714233,0.0,0.185848206281662,498,403,0.17842741310596466,1,12932,1265020,cuda:0,True,False,False,ADVER,NODE,INDUCTIVE,False,3,1,128,459,0,0,REAGE,0.02727929920054431,0.09772070079945569,8,0.5,NONE,False,False,XGB-SP,temporal,64,2,64,2,2,0.1,LeakyReLU,layer,<class 'models.benchmarks_supervised.booster.GIN_noparam'>,<class 'xgboost.sklearn.XGBClassifier'>,<function average_precision_score at 0x000001C8520A5760>,500,7,mean_final,normal,0,0,1,1,1,1,1,round,ndist,True,0.1,0,NONE,0.05,7,OR,100,50,75,['none'],7777777,False,[],50,0,10,0.5,0.6,0.2,0.2,<class 'torch.optim.adam.Adam'>,0.01,<function cross_entropy at 0x000001C84AF6F880>,5,tolokers_bid,2.69896449704142,GREEDY,REPLAY,1,0.1,241028140006
6,round_1,entire_graph,0.0,0.5753526354862658,0.5446240337315531,0.7160758217002385,0.8308185249467747,1550,1296,8355,1144,0.185848206281662,0.185848206281662,0.603678286075592,0.0,0.5657180547714233,0.0,0.185848206281662,498,403,0.17842741310596466,1,12932,1265020,cuda:0,True,False,False,ADVER,NODE,INDUCTIVE,False,3,1,128,459,0,0,REAGE,0.02727929920054431,0.09772070079945569,8,0.5,NONE,False,False,XGB-SP,temporal,64,2,64,2,2,0.1,LeakyReLU,layer,<class 'models.benchmarks_supervised.booster.GIN_noparam'>,<class 'xgboost.sklearn.XGBClassifier'>,<function average_precision_score at 0x000001C8520A5760>,500,7,mean_final,normal,0,0,1,1,1,1,1,round,ndist,True,0.1,0,NONE,0.05,7,OR,100,50,75,['none'],7777777,False,[],50,0,10,0.5,0.6,0.2,0.2,<class 'torch.optim.adam.Adam'>,0.01,<function cross_entropy at 0x000001C84AF6F880>,5,tolokers_bid,2.69896449704142,GREEDY,REPLAY,1,0.1,241028140006
7,round_1,train_set,0.0,0.7553366174055829,0.6543385490753911,0.7896075774483235,0.8932045921399747,920,486,2821,298,0.185848206281662,0.185848206281662,0.603678286075592,0.0,0.5657180547714233,0.0,0.185848206281662,498,403,0.17842741310596466,1,12932,1265020,cuda:0,True,False,False,ADVER,NODE,INDUCTIVE,False,3,1,128,459,0,0,REAGE,0.02727929920054431,0.09772070079945569,8,0.5,NONE,False,False,XGB-SP,temporal,64,2,64,2,2,0.1,LeakyReLU,layer,<class 'models.benchmarks_supervised.booster.GIN_noparam'>,<class 'xgboost.sklearn.XGBClassifier'>,<function average_precision_score at 0x000001C8520A5760>,500,7,mean_final,normal,0,0,1,1,1,1,1,round,ndist,True,0.1,0,NONE,0.05,7,OR,100,50,75,['none'],7777777,False,[],50,0,10,0.5,0.6,0.2,0.2,<class 'torch.optim.adam.Adam'>,0.01,<function cross_entropy at 0x000001C84AF6F880>,5,tolokers_bid,2.69896449704142,GREEDY,REPLAY,1,0.1,241028140006
8,round_1,val_set,0.0,0.5719557195571956,0.5032467532467533,0.6738438991113731,0.7800478617031068,465,459,1746,348,0.185848206281662,0.185848206281662,0.603678286075592,0.0,0.5657180547714233,0.0,0.185848206281662,498,403,0.17842741310596466,1,12932,1265020,cuda:0,True,False,False,ADVER,NODE,INDUCTIVE,False,3,1,128,459,0,0,REAGE,0.02727929920054431,0.09772070079945569,8,0.5,NONE,False,False,XGB-SP,temporal,64,2,64,2,2,0.1,LeakyReLU,layer,<class 'models.benchmarks_supervised.booster.GIN_noparam'>,<class 'xgboost.sklearn.XGBClassifier'>,<function average_precision_score at 0x000001C8520A5760>,500,7,mean_final,normal,0,0,1,1,1,1,1,round,ndist,True,0.1,0,NONE,0.05,7,OR,100,50,75,['none'],7777777,False,[],50,0,10,0.5,0.6,0.2,0.2,<class 'torch.optim.adam.Adam'>,0.01,<function cross_entropy at 0x000001C84AF6F880>,5,tolokers_bid,2.69896449704142,GREEDY,REPLAY,1,0.1,241028140006
9,round_1,test_set,0.0,0.248868778280543,0.31976744186046513,0.5895633527382004,0.759824601872269,165,351,3788,498,0.185848206281662,0.185848206281662,0.603678286075592,0.0,0.5657180547714233,0.0,0.185848206281662,498,403,0.17842741310596466,1,12932,1265020,cuda:0,True,False,False,ADVER,NODE,INDUCTIVE,False,3,1,128,459,0,0,REAGE,0.02727929920054431,0.09772070079945569,8,0.5,NONE,False,False,XGB-SP,temporal,64,2,64,2,2,0.1,LeakyReLU,layer,<class 'models.benchmarks_supervised.booster.GIN_noparam'>,<class 'xgboost.sklearn.XGBClassifier'>,<function average_precision_score at 0x000001C8520A5760>,500,7,mean_final,normal,0,0,1,1,1,1,1,round,ndist,True,0.1,0,NONE,0.05,7,OR,100,50,75,['none'],7777777,False,[],50,0,10,0.5,0.6,0.2,0.2,<class 'torch.optim.adam.Adam'>,0.01,<function cross_entropy at 0x000001C84AF6F880>,5,tolokers_bid,2.69896449704142,GREEDY,REPLAY,1,0.1,241028140006
10,round_1,round_0_nodes,0.0,0.5067193675889328,0.5031397174254317,0.6842871766662006,0.8031735344055126,641,633,3981,624,0.185848206281662,0.185848206281662,0.603678286075592,0.0,0.5657180547714233,0.0,0.185848206281662,498,403,0.17842741310596466,1,12932,1265020,cuda:0,True,False,False,ADVER,NODE,INDUCTIVE,False,3,1,128,459,0,0,REAGE,0.02727929920054431,0.09772070079945569,8,0.5,NONE,False,False,XGB-SP,temporal,64,2,64,2,2,0.1,LeakyReLU,layer,<class 'models.benchmarks_supervised.booster.GIN_noparam'>,<class 'xgboost.sklearn.XGBClassifier'>,<function average_precision_score at 0x000001C8520A5760>,500,7,mean_final,normal,0,0,1,1,1,1,1,round,ndist,True,0.1,0,NONE,0.05,7,OR,100,50,75,['none'],7777777,False,[],50,0,10,0.5,0.6,0.2,0.2,<class 'torch.optim.adam.Adam'>,0.01,<function cross_entropy at 0x000001C84AF6F880>,5,tolokers_bid,2.69896449704142,GREEDY,REPLAY,1,0.1,241028140006
11,round_1,round_1_nodes,0.0,0.2578125,0.39285714285714285,0.5797768014749146,0.700682529956427,33,51,408,95,0.185848206281662,0.185848206281662,0.603678286075592,0.0,0.5657180547714233,0.0,0.185848206281662,498,403,0.17842741310596466,1,12932,1265020,cuda:0,True,False,False,ADVER,NODE,INDUCTIVE,False,3,1,128,459,0,0,REAGE,0.02727929920054431,0.09772070079945569,8,0.5,NONE,False,False,XGB-SP,temporal,64,2,64,2,2,0.1,LeakyReLU,layer,<class 'models.benchmarks_supervised.booster.GIN_noparam'>,<class 'xgboost.sklearn.XGBClassifier'>,<function average_precision_score at 0x000001C8520A5760>,500,7,mean_final,normal,0,0,1,1,1,1,1,round,ndist,True,0.1,0,NONE,0.05,7,OR,100,50,75,['none'],7777777,False,[],50,0,10,0.5,0.6,0.2,0.2,<class 'torch.optim.adam.Adam'>,0.01,<function cross_entropy at 0x000001C84AF6F880>,5,tolokers_bid,2.69896449704142,GREEDY,REPLAY,1,0.1,241028140006
12,round_1,seed_current_pred,0.0,0.3046875,0.38235294117647056,0.5890567428150332,0.7050823801742919,39,63,396,89,0.185848206281662,0.185848206281662,0.603678286075592,0.0,0.5657180547714233,0.0,0.185848206281662,498,403,0.17842741310596466,1,12932,1265020,cuda:0,True,False,False,ADVER,NODE,INDUCTIVE,False,3,1,128,459,0,0,REAGE,0.02727929920054431,0.09772070079945569,8,0.5,NONE,False,False,XGB-SP,temporal,64,2,64,2,2,0.1,LeakyReLU,layer,<class 'models.benchmarks_supervised.booster.GIN_noparam'>,<class 'xgboost.sklearn.XGBClassifier'>,<function average_precision_score at 0x000001C8520A5760>,500,7,mean_final,normal,0,0,1,1,1,1,1,round,ndist,True,0.1,0,NONE,0.05,7,OR,100,50,75,['none'],7777777,False,[],50,0,10,0.5,0.6,0.2,0.2,<class 'torch.optim.adam.Adam'>,0.01,<function cross_entropy at 0x000001C84AF6F880>,5,tolokers_bid,2.69896449704142,GREEDY,REPLAY,1,0.1,241028140006
13,round_1,seed_prev_pred,0.0,0.0,0.0,0.38598326359832635,0.7050823801742919,0,90,369,128,0.185848206281662,0.185848206281662,0.603678286075592,0.0,0.5657180547714233,0.0,0.185848206281662,498,403,0.17842741310596466,1,12932,1265020,cuda:0,True,False,False,ADVER,NODE,INDUCTIVE,False,3,1,128,459,0,0,REAGE,0.02727929920054431,0.09772070079945569,8,0.5,NONE,False,False,XGB-SP,temporal,64,2,64,2,2,0.1,LeakyReLU,layer,<class 'models.benchmarks_supervised.booster.GIN_noparam'>,<class 'xgboost.sklearn.XGBClassifier'>,<function average_precision_score at 0x000001C8520A5760>,500,7,mean_final,normal,0,0,1,1,1,1,1,round,ndist,True,0.1,0,NONE,0.05,7,OR,100,50,75,['none'],7777777,False,[],50,0,10,0.5,0.6,0.2,0.2,<class 'torch.optim.adam.Adam'>,0.01,<function cross_entropy at 0x000001C84AF6F880>,5,tolokers_bid,2.69896449704142,GREEDY,REPLAY,1,0.1,241028140006
14,round_2,val_set_best,7.245419979095459,0.558589306029579,0.5020449897750511,0.6691098115568062,0.7663246420263383,491,487,1858,388,0.1760822981595993,0.1760822981595993,0.597198486328125,0.0,0.5880270600318909,0.0,0.1760822981595993,479,308,0.3306232988834381,1,12932,1265020,cuda:0,True,False,False,ADVER,NODE,INDUCTIVE,False,3,1,128,459,0,0,REAGE,0.02727929920054431,0.09772070079945569,8,0.5,NONE,False,False,XGB-SP,temporal,64,2,64,2,2,0.1,LeakyReLU,layer,<class 'models.benchmarks_supervised.booster.GIN_noparam'>,<class 'xgboost.sklearn.XGBClassifier'>,<function average_precision_score at 0x000001C8520A5760>,500,7,mean_final,normal,0,0,1,1,1,1,1,round,ndist,True,0.1,0,NONE,0.05,7,OR,100,50,75,['none'],7777777,False,[],50,0,10,0.5,0.6,0.2,0.2,<class 'torch.optim.adam.Adam'>,0.01,<function cross_entropy at 0x000001C84AF6F880>,5,tolokers_bid,2.69896449704142,GREEDY,REPLAY,1,0.1,241028140006
15,round_2,entire_graph,0.0,0.5669737774627923,0.5003126954346466,0.6947265079580863,0.8106985806728397,1600,1598,8512,1222,0.1760822981595993,0.1760822981595993,0.597198486328125,0.0,0.5880270600318909,0.0,0.1760822981595993,479,308,0.3306232988834381,1,12932,1265020,cuda:0,True,False,False,ADVER,NODE,INDUCTIVE,False,3,1,128,459,0,0,REAGE,0.02727929920054431,0.09772070079945569,8,0.5,NONE,False,False,XGB-SP,temporal,64,2,64,2,2,0.1,LeakyReLU,layer,<class 'models.benchmarks_supervised.booster.GIN_noparam'>,<class 'xgboost.sklearn.XGBClassifier'>,<function average_precision_score at 0x000001C8520A5760>,500,7,mean_final,normal,0,0,1,1,1,1,1,round,ndist,True,0.1,0,NONE,0.05,7,OR,100,50,75,['none'],7777777,False,[],50,0,10,0.5,0.6,0.2,0.2,<class 'torch.optim.adam.Adam'>,0.01,<function cross_entropy at 0x000001C84AF6F880>,5,tolokers_bid,2.69896449704142,GREEDY,REPLAY,1,0.1,241028140006
16,round_2,train_set,0.0,0.7091875474563402,0.5855799373040752,0.7434999707306602,0.8534909736368295,934,661,2857,383,0.1760822981595993,0.1760822981595993,0.597198486328125,0.0,0.5880270600318909,0.0,0.1760822981595993,479,308,0.3306232988834381,1,12932,1265020,cuda:0,True,False,False,ADVER,NODE,INDUCTIVE,False,3,1,128,459,0,0,REAGE,0.02727929920054431,0.09772070079945569,8,0.5,NONE,False,False,XGB-SP,temporal,64,2,64,2,2,0.1,LeakyReLU,layer,<class 'models.benchmarks_supervised.booster.GIN_noparam'>,<class 'xgboost.sklearn.XGBClassifier'>,<function average_precision_score at 0x000001C8520A5760>,500,7,mean_final,normal,0,0,1,1,1,1,1,round,ndist,True,0.1,0,NONE,0.05,7,OR,100,50,75,['none'],7777777,False,[],50,0,10,0.5,0.6,0.2,0.2,<class 'torch.optim.adam.Adam'>,0.01,<function cross_entropy at 0x000001C84AF6F880>,5,tolokers_bid,2.69896449704142,GREEDY,REPLAY,1,0.1,241028140006
17,round_2,val_set,0.0,0.590443686006826,0.473972602739726,0.6583135522634662,0.7601732924844331,519,576,1769,360,0.1760822981595993,0.1760822981595993,0.597198486328125,0.0,0.5880270600318909,0.0,0.1760822981595993,479,308,0.3306232988834381,1,12932,1265020,cuda:0,True,False,False,ADVER,NODE,INDUCTIVE,False,3,1,128,459,0,0,REAGE,0.02727929920054431,0.09772070079945569,8,0.5,NONE,False,False,XGB-SP,temporal,64,2,64,2,2,0.1,LeakyReLU,layer,<class 'models.benchmarks_supervised.booster.GIN_noparam'>,<class 'xgboost.sklearn.XGBClassifier'>,<function average_precision_score at 0x000001C8520A5760>,500,7,mean_final,normal,0,0,1,1,1,1,1,round,ndist,True,0.1,0,NONE,0.05,7,OR,100,50,75,['none'],7777777,False,[],50,0,10,0.5,0.6,0.2,0.2,<class 'torch.optim.adam.Adam'>,0.01,<function cross_entropy at 0x000001C84AF6F880>,5,tolokers_bid,2.69896449704142,GREEDY,REPLAY,1,0.1,241028140006
18,round_2,test_set,0.0,0.23482428115015974,0.28937007874015747,0.5808604703170425,0.7475650919912646,147,361,3886,479,0.1760822981595993,0.1760822981595993,0.597198486328125,0.0,0.5880270600318909,0.0,0.1760822981595993,479,308,0.3306232988834381,1,12932,1265020,cuda:0,True,False,False,ADVER,NODE,INDUCTIVE,False,3,1,128,459,0,0,REAGE,0.02727929920054431,0.09772070079945569,8,0.5,NONE,False,False,XGB-SP,temporal,64,2,64,2,2,0.1,LeakyReLU,layer,<class 'models.benchmarks_supervised.booster.GIN_noparam'>,<class 'xgboost.sklearn.XGBClassifier'>,<function average_precision_score at 0x000001C8520A5760>,500,7,mean_final,normal,0,0,1,1,1,1,1,round,ndist,True,0.1,0,NONE,0.05,7,OR,100,50,75,['none'],7777777,False,[],50,0,10,0.5,0.6,0.2,0.2,<class 'torch.optim.adam.Adam'>,0.01,<function cross_entropy at 0x000001C84AF6F880>,5,tolokers_bid,2.69896449704142,GREEDY,REPLAY,1,0.1,241028140006
19,round_2,round_0_nodes,0.0,0.5391304347826087,0.5059347181008902,0.6927139965730502,0.802864370510099,682,666,3948,583,0.1760822981595993,0.1760822981595993,0.597198486328125,0.0,0.5880270600318909,0.0,0.1760822981595993,479,308,0.3306232988834381,1,12932,1265020,cuda:0,True,False,False,ADVER,NODE,INDUCTIVE,False,3,1,128,459,0,0,REAGE,0.02727929920054431,0.09772070079945569,8,0.5,NONE,False,False,XGB-SP,temporal,64,2,64,2,2,0.1,LeakyReLU,layer,<class 'models.benchmarks_supervised.booster.GIN_noparam'>,<class 'xgboost.sklearn.XGBClassifier'>,<function average_precision_score at 0x000001C8520A5760>,500,7,mean_final,normal,0,0,1,1,1,1,1,round,ndist,True,0.1,0,NONE,0.05,7,OR,100,50,75,['none'],7777777,False,[],50,0,10,0.5,0.6,0.2,0.2,<class 'torch.optim.adam.Adam'>,0.01,<function cross_entropy at 0x000001C84AF6F880>,5,tolokers_bid,2.69896449704142,GREEDY,REPLAY,1,0.1,241028140006
20,round_2,round_1_nodes,0.0,0.34375,0.39285714285714285,0.6019628836545325,0.7209286492374728,44,68,391,84,0.1760822981595993,0.1760822981595993,0.597198486328125,0.0,0.5880270600318909,0.0,0.1760822981595993,479,308,0.3306232988834381,1,12932,1265020,cuda:0,True,False,False,ADVER,NODE,INDUCTIVE,False,3,1,128,459,0,0,REAGE,0.02727929920054431,0.09772070079945569,8,0.5,NONE,False,False,XGB-SP,temporal,64,2,64,2,2,0.1,LeakyReLU,layer,<class 'models.benchmarks_supervised.booster.GIN_noparam'>,<class 'xgboost.sklearn.XGBClassifier'>,<function average_precision_score at 0x000001C8520A5760>,500,7,mean_final,normal,0,0,1,1,1,1,1,round,ndist,True,0.1,0,NONE,0.05,7,OR,100,50,75,['none'],7777777,False,[],50,0,10,0.5,0.6,0.2,0.2,<class 'torch.optim.adam.Adam'>,0.01,<function cross_entropy at 0x000001C84AF6F880>,5,tolokers_bid,2.69896449704142,GREEDY,REPLAY,1,0.1,241028140006
21,round_2,round_2_nodes,0.0,0.234375,0.2857142857142857,0.5368318791533069,0.6472034994553377,30,75,384,98,0.1760822981595993,0.1760822981595993,0.597198486328125,0.0,0.5880270600318909,0.0,0.1760822981595993,479,308,0.3306232988834381,1,12932,1265020,cuda:0,True,False,False,ADVER,NODE,INDUCTIVE,False,3,1,128,459,0,0,REAGE,0.02727929920054431,0.09772070079945569,8,0.5,NONE,False,False,XGB-SP,temporal,64,2,64,2,2,0.1,LeakyReLU,layer,<class 'models.benchmarks_supervised.booster.GIN_noparam'>,<class 'xgboost.sklearn.XGBClassifier'>,<function average_precision_score at 0x000001C8520A5760>,500,7,mean_final,normal,0,0,1,1,1,1,1,round,ndist,True,0.1,0,NONE,0.05,7,OR,100,50,75,['none'],7777777,False,[],50,0,10,0.5,0.6,0.2,0.2,<class 'torch.optim.adam.Adam'>,0.01,<function cross_entropy at 0x000001C84AF6F880>,5,tolokers_bid,2.69896449704142,GREEDY,REPLAY,1,0.1,241028140006
22,round_2,seed_current_pred,0.0,0.234375,0.32967032967032966,0.5537402280714337,0.6151535266884532,30,61,398,98,0.1760822981595993,0.1760822981595993,0.597198486328125,0.0,0.5880270600318909,0.0,0.1760822981595993,479,308,0.3306232988834381,1,12932,1265020,cuda:0,True,False,False,ADVER,NODE,INDUCTIVE,False,3,1,128,459,0,0,REAGE,0.02727929920054431,0.09772070079945569,8,0.5,NONE,False,False,XGB-SP,temporal,64,2,64,2,2,0.1,LeakyReLU,layer,<class 'models.benchmarks_supervised.booster.GIN_noparam'>,<class 'xgboost.sklearn.XGBClassifier'>,<function average_precision_score at 0x000001C8520A5760>,500,7,mean_final,normal,0,0,1,1,1,1,1,round,ndist,True,0.1,0,NONE,0.05,7,OR,100,50,75,['none'],7777777,False,[],50,0,10,0.5,0.6,0.2,0.2,<class 'torch.optim.adam.Adam'>,0.01,<function cross_entropy at 0x000001C84AF6F880>,5,tolokers_bid,2.69896449704142,GREEDY,REPLAY,1,0.1,241028140006
23,round_2,seed_prev_pred,0.0,0.0,0.0,0.4022403258655805,0.6151535266884532,0,64,395,128,0.1760822981595993,0.1760822981595993,0.597198486328125,0.0,0.5880270600318909,0.0,0.1760822981595993,479,308,0.3306232988834381,1,12932,1265020,cuda:0,True,False,False,ADVER,NODE,INDUCTIVE,False,3,1,128,459,0,0,REAGE,0.02727929920054431,0.09772070079945569,8,0.5,NONE,False,False,XGB-SP,temporal,64,2,64,2,2,0.1,LeakyReLU,layer,<class 'models.benchmarks_supervised.booster.GIN_noparam'>,<class 'xgboost.sklearn.XGBClassifier'>,<function average_precision_score at 0x000001C8520A5760>,500,7,mean_final,normal,0,0,1,1,1,1,1,round,ndist,True,0.1,0,NONE,0.05,7,OR,100,50,75,['none'],7777777,False,[],50,0,10,0.5,0.6,0.2,0.2,<class 'torch.optim.adam.Adam'>,0.01,<function cross_entropy at 0x000001C84AF6F880>,5,tolokers_bid,2.69896449704142,GREEDY,REPLAY,1,0.1,241028140006
0,round_0,val_set_best,6.611057281494141,0.622,0.43435754189944137,0.6706074963785611,0.797548596112311,311,405,1447,189,0.23364832997322083,0.23364832997322083,0.7241164445877075,0.0,0.6736127734184265,0.0,0.23364832997322083,526,526,0.0,2,12932,1276070,cuda:0,True,False,False,ADVER,NODE,INDUCTIVE,False,3,1,128,459,0,0,REAGE,0.02727929920054431,0.09772070079945569,8,0.5,NONE,False,False,XGB-SP,temporal,64,2,64,2,2,0.1,LeakyReLU,layer,<class 'models.benchmarks_supervised.booster.GIN_noparam'>,<class 'xgboost.sklearn.XGBClassifier'>,<function average_precision_score at 0x000001C8520A5760>,500,7,mean_final,normal,0,0,1,1,1,1,1,round,ndist,True,0.1,0,NONE,0.05,7,OR,100,50,75,['none'],7777777,False,[],50,0,10,0.5,0.6,0.2,0.2,<class 'torch.optim.adam.Adam'>,0.01,<function cross_entropy at 0x000001C84AF6F880>,5,tolokers_bid,2.69896449704142,GREEDY,REPLAY,1,0.1,241028140006
1,round_0,entire_graph,0.0,0.6305533904910366,0.457579185520362,0.6828688528693915,0.8129919939531952,1618,1918,7274,948,0.23364832997322083,0.23364832997322083,0.7241164445877075,0.0,0.6736127734184265,0.0,0.23364832997322083,526,526,0.0,2,12932,1276070,cuda:0,True,False,False,ADVER,NODE,INDUCTIVE,False,3,1,128,459,0,0,REAGE,0.02727929920054431,0.09772070079945569,8,0.5,NONE,False,False,XGB-SP,temporal,64,2,64,2,2,0.1,LeakyReLU,layer,<class 'models.benchmarks_supervised.booster.GIN_noparam'>,<class 'xgboost.sklearn.XGBClassifier'>,<function average_precision_score at 0x000001C8520A5760>,500,7,mean_final,normal,0,0,1,1,1,1,1,round,ndist,True,0.1,0,NONE,0.05,7,OR,100,50,75,['none'],7777777,False,[],50,0,10,0.5,0.6,0.2,0.2,<class 'torch.optim.adam.Adam'>,0.01,<function cross_entropy at 0x000001C84AF6F880>,5,tolokers_bid,2.69896449704142,GREEDY,REPLAY,1,0.1,241028140006
2,round_0,train_set,0.0,0.6902536715620827,0.5024295432458697,0.7202681924046832,0.8538264602383211,517,512,2266,232,0.23364832997322083,0.23364832997322083,0.7241164445877075,0.0,0.6736127734184265,0.0,0.23364832997322083,526,526,0.0,2,12932,1276070,cuda:0,True,False,False,ADVER,NODE,INDUCTIVE,False,3,1,128,459,0,0,REAGE,0.02727929920054431,0.09772070079945569,8,0.5,NONE,False,False,XGB-SP,temporal,64,2,64,2,2,0.1,LeakyReLU,layer,<class 'models.benchmarks_supervised.booster.GIN_noparam'>,<class 'xgboost.sklearn.XGBClassifier'>,<function average_precision_score at 0x000001C8520A5760>,500,7,mean_final,normal,0,0,1,1,1,1,1,round,ndist,True,0.1,0,NONE,0.05,7,OR,100,50,75,['none'],7777777,False,[],50,0,10,0.5,0.6,0.2,0.2,<class 'torch.optim.adam.Adam'>,0.01,<function cross_entropy at 0x000001C84AF6F880>,5,tolokers_bid,2.69896449704142,GREEDY,REPLAY,1,0.1,241028140006
3,round_0,val_set,0.0,0.62,0.42758620689655175,0.6661109514228227,0.8004373650107992,310,415,1437,190,0.23364832997322083,0.23364832997322083,0.7241164445877075,0.0,0.6736127734184265,0.0,0.23364832997322083,526,526,0.0,2,12932,1276070,cuda:0,True,False,False,ADVER,NODE,INDUCTIVE,False,3,1,128,459,0,0,REAGE,0.02727929920054431,0.09772070079945569,8,0.5,NONE,False,False,XGB-SP,temporal,64,2,64,2,2,0.1,LeakyReLU,layer,<class 'models.benchmarks_supervised.booster.GIN_noparam'>,<class 'xgboost.sklearn.XGBClassifier'>,<function average_precision_score at 0x000001C8520A5760>,500,7,mean_final,normal,0,0,1,1,1,1,1,round,ndist,True,0.1,0,NONE,0.05,7,OR,100,50,75,['none'],7777777,False,[],50,0,10,0.5,0.6,0.2,0.2,<class 'torch.optim.adam.Adam'>,0.01,<function cross_entropy at 0x000001C84AF6F880>,5,tolokers_bid,2.69896449704142,GREEDY,REPLAY,1,0.1,241028140006
4,round_0,test_set,0.0,0.6006074411541382,0.44388327721661053,0.6676469068009041,0.7939347093965967,791,991,3571,526,0.23364832997322083,0.23364832997322083,0.7241164445877075,0.0,0.6736127734184265,0.0,0.23364832997322083,526,526,0.0,2,12932,1276070,cuda:0,True,False,False,ADVER,NODE,INDUCTIVE,False,3,1,128,459,0,0,REAGE,0.02727929920054431,0.09772070079945569,8,0.5,NONE,False,False,XGB-SP,temporal,64,2,64,2,2,0.1,LeakyReLU,layer,<class 'models.benchmarks_supervised.booster.GIN_noparam'>,<class 'xgboost.sklearn.XGBClassifier'>,<function average_precision_score at 0x000001C8520A5760>,500,7,mean_final,normal,0,0,1,1,1,1,1,round,ndist,True,0.1,0,NONE,0.05,7,OR,100,50,75,['none'],7777777,False,[],50,0,10,0.5,0.6,0.2,0.2,<class 'torch.optim.adam.Adam'>,0.01,<function cross_entropy at 0x000001C84AF6F880>,5,tolokers_bid,2.69896449704142,GREEDY,REPLAY,1,0.1,241028140006
5,round_1,val_set_best,6.70015025138855,0.5257352941176471,0.5296296296296297,0.6785800895309131,0.7789938229627111,429,381,1868,387,0.2043062448501587,0.2043062448501587,0.5891478061676025,0.0,0.5684295296669006,0.0,0.2043062448501587,441,355,0.18707150220870972,2,12932,1276070,cuda:0,True,False,False,ADVER,NODE,INDUCTIVE,False,3,1,128,459,0,0,REAGE,0.02727929920054431,0.09772070079945569,8,0.5,NONE,False,False,XGB-SP,temporal,64,2,64,2,2,0.1,LeakyReLU,layer,<class 'models.benchmarks_supervised.booster.GIN_noparam'>,<class 'xgboost.sklearn.XGBClassifier'>,<function average_precision_score at 0x000001C8520A5760>,500,7,mean_final,normal,0,0,1,1,1,1,1,round,ndist,True,0.1,0,NONE,0.05,7,OR,100,50,75,['none'],7777777,False,[],50,0,10,0.5,0.6,0.2,0.2,<class 'torch.optim.adam.Adam'>,0.01,<function cross_entropy at 0x000001C84AF6F880>,5,tolokers_bid,2.69896449704142,GREEDY,REPLAY,1,0.1,241028140006
6,round_1,entire_graph,0.0,0.5868596881959911,0.5085236410421358,0.7025294718096355,0.8174506113394591,1581,1528,8123,1113,0.2043062448501587,0.2043062448501587,0.5891478061676025,0.0,0.5684295296669006,0.0,0.2043062448501587,441,355,0.18707150220870972,2,12932,1276070,cuda:0,True,False,False,ADVER,NODE,INDUCTIVE,False,3,1,128,459,0,0,REAGE,0.02727929920054431,0.09772070079945569,8,0.5,NONE,False,False,XGB-SP,temporal,64,2,64,2,2,0.1,LeakyReLU,layer,<class 'models.benchmarks_supervised.booster.GIN_noparam'>,<class 'xgboost.sklearn.XGBClassifier'>,<function average_precision_score at 0x000001C8520A5760>,500,7,mean_final,normal,0,0,1,1,1,1,1,round,ndist,True,0.1,0,NONE,0.05,7,OR,100,50,75,['none'],7777777,False,[],50,0,10,0.5,0.6,0.2,0.2,<class 'torch.optim.adam.Adam'>,0.01,<function cross_entropy at 0x000001C84AF6F880>,5,tolokers_bid,2.69896449704142,GREEDY,REPLAY,1,0.1,241028140006
7,round_1,train_set,0.0,0.7508169934640523,0.6147157190635452,0.7699400008647685,0.8709759679870367,919,576,2796,305,0.2043062448501587,0.2043062448501587,0.5891478061676025,0.0,0.5684295296669006,0.0,0.2043062448501587,441,355,0.18707150220870972,2,12932,1276070,cuda:0,True,False,False,ADVER,NODE,INDUCTIVE,False,3,1,128,459,0,0,REAGE,0.02727929920054431,0.09772070079945569,8,0.5,NONE,False,False,XGB-SP,temporal,64,2,64,2,2,0.1,LeakyReLU,layer,<class 'models.benchmarks_supervised.booster.GIN_noparam'>,<class 'xgboost.sklearn.XGBClassifier'>,<function average_precision_score at 0x000001C8520A5760>,500,7,mean_final,normal,0,0,1,1,1,1,1,round,ndist,True,0.1,0,NONE,0.05,7,OR,100,50,75,['none'],7777777,False,[],50,0,10,0.5,0.6,0.2,0.2,<class 'torch.optim.adam.Adam'>,0.01,<function cross_entropy at 0x000001C84AF6F880>,5,tolokers_bid,2.69896449704142,GREEDY,REPLAY,1,0.1,241028140006
8,round_1,val_set,0.0,0.5502450980392157,0.4776595744680851,0.6576151997775216,0.7656929768350204,449,491,1758,367,0.2043062448501587,0.2043062448501587,0.5891478061676025,0.0,0.5684295296669006,0.0,0.2043062448501587,441,355,0.18707150220870972,2,12932,1276070,cuda:0,True,False,False,ADVER,NODE,INDUCTIVE,False,3,1,128,459,0,0,REAGE,0.02727929920054431,0.09772070079945569,8,0.5,NONE,False,False,XGB-SP,temporal,64,2,64,2,2,0.1,LeakyReLU,layer,<class 'models.benchmarks_supervised.booster.GIN_noparam'>,<class 'xgboost.sklearn.XGBClassifier'>,<function average_precision_score at 0x000001C8520A5760>,500,7,mean_final,normal,0,0,1,1,1,1,1,round,ndist,True,0.1,0,NONE,0.05,7,OR,100,50,75,['none'],7777777,False,[],50,0,10,0.5,0.6,0.2,0.2,<class 'torch.optim.adam.Adam'>,0.01,<function cross_entropy at 0x000001C84AF6F880>,5,tolokers_bid,2.69896449704142,GREEDY,REPLAY,1,0.1,241028140006
9,round_1,test_set,0.0,0.3256880733944954,0.31602373887240354,0.6042970389018761,0.7622307085239906,213,461,3569,441,0.2043062448501587,0.2043062448501587,0.5891478061676025,0.0,0.5684295296669006,0.0,0.2043062448501587,441,355,0.18707150220870972,2,12932,1276070,cuda:0,True,False,False,ADVER,NODE,INDUCTIVE,False,3,1,128,459,0,0,REAGE,0.02727929920054431,0.09772070079945569,8,0.5,NONE,False,False,XGB-SP,temporal,64,2,64,2,2,0.1,LeakyReLU,layer,<class 'models.benchmarks_supervised.booster.GIN_noparam'>,<class 'xgboost.sklearn.XGBClassifier'>,<function average_precision_score at 0x000001C8520A5760>,500,7,mean_final,normal,0,0,1,1,1,1,1,round,ndist,True,0.1,0,NONE,0.05,7,OR,100,50,75,['none'],7777777,False,[],50,0,10,0.5,0.6,0.2,0.2,<class 'torch.optim.adam.Adam'>,0.01,<function cross_entropy at 0x000001C84AF6F880>,5,tolokers_bid,2.69896449704142,GREEDY,REPLAY,1,0.1,241028140006
10,round_1,round_0_nodes,0.0,0.5535307517084282,0.5006868131868132,0.6897146564545108,0.804058284790969,729,727,3835,588,0.2043062448501587,0.2043062448501587,0.5891478061676025,0.0,0.5684295296669006,0.0,0.2043062448501587,441,355,0.18707150220870972,2,12932,1276070,cuda:0,True,False,False,ADVER,NODE,INDUCTIVE,False,3,1,128,459,0,0,REAGE,0.02727929920054431,0.09772070079945569,8,0.5,NONE,False,False,XGB-SP,temporal,64,2,64,2,2,0.1,LeakyReLU,layer,<class 'models.benchmarks_supervised.booster.GIN_noparam'>,<class 'xgboost.sklearn.XGBClassifier'>,<function average_precision_score at 0x000001C8520A5760>,500,7,mean_final,normal,0,0,1,1,1,1,1,round,ndist,True,0.1,0,NONE,0.05,7,OR,100,50,75,['none'],7777777,False,[],50,0,10,0.5,0.6,0.2,0.2,<class 'torch.optim.adam.Adam'>,0.01,<function cross_entropy at 0x000001C84AF6F880>,5,tolokers_bid,2.69896449704142,GREEDY,REPLAY,1,0.1,241028140006
11,round_1,round_1_nodes,0.0,0.328125,0.3387096774193548,0.5755603759942155,0.678079044117647,42,82,377,86,0.2043062448501587,0.2043062448501587,0.5891478061676025,0.0,0.5684295296669006,0.0,0.2043062448501587,441,355,0.18707150220870972,2,12932,1276070,cuda:0,True,False,False,ADVER,NODE,INDUCTIVE,False,3,1,128,459,0,0,REAGE,0.02727929920054431,0.09772070079945569,8,0.5,NONE,False,False,XGB-SP,temporal,64,2,64,2,2,0.1,LeakyReLU,layer,<class 'models.benchmarks_supervised.booster.GIN_noparam'>,<class 'xgboost.sklearn.XGBClassifier'>,<function average_precision_score at 0x000001C8520A5760>,500,7,mean_final,normal,0,0,1,1,1,1,1,round,ndist,True,0.1,0,NONE,0.05,7,OR,100,50,75,['none'],7777777,False,[],50,0,10,0.5,0.6,0.2,0.2,<class 'torch.optim.adam.Adam'>,0.01,<function cross_entropy at 0x000001C84AF6F880>,5,tolokers_bid,2.69896449704142,GREEDY,REPLAY,1,0.1,241028140006
12,round_1,seed_current_pred,0.0,0.375,0.366412213740458,0.5962571470768192,0.7045377178649238,48,83,376,80,0.2043062448501587,0.2043062448501587,0.5891478061676025,0.0,0.5684295296669006,0.0,0.2043062448501587,441,355,0.18707150220870972,2,12932,1276070,cuda:0,True,False,False,ADVER,NODE,INDUCTIVE,False,3,1,128,459,0,0,REAGE,0.02727929920054431,0.09772070079945569,8,0.5,NONE,False,False,XGB-SP,temporal,64,2,64,2,2,0.1,LeakyReLU,layer,<class 'models.benchmarks_supervised.booster.GIN_noparam'>,<class 'xgboost.sklearn.XGBClassifier'>,<function average_precision_score at 0x000001C8520A5760>,500,7,mean_final,normal,0,0,1,1,1,1,1,round,ndist,True,0.1,0,NONE,0.05,7,OR,100,50,75,['none'],7777777,False,[],50,0,10,0.5,0.6,0.2,0.2,<class 'torch.optim.adam.Adam'>,0.01,<function cross_entropy at 0x000001C84AF6F880>,5,tolokers_bid,2.69896449704142,GREEDY,REPLAY,1,0.1,241028140006
13,round_1,seed_prev_pred,0.0,0.0,0.0,0.37553191489361704,0.7045377178649238,0,106,353,128,0.2043062448501587,0.2043062448501587,0.5891478061676025,0.0,0.5684295296669006,0.0,0.2043062448501587,441,355,0.18707150220870972,2,12932,1276070,cuda:0,True,False,False,ADVER,NODE,INDUCTIVE,False,3,1,128,459,0,0,REAGE,0.02727929920054431,0.09772070079945569,8,0.5,NONE,False,False,XGB-SP,temporal,64,2,64,2,2,0.1,LeakyReLU,layer,<class 'models.benchmarks_supervised.booster.GIN_noparam'>,<class 'xgboost.sklearn.XGBClassifier'>,<function average_precision_score at 0x000001C8520A5760>,500,7,mean_final,normal,0,0,1,1,1,1,1,round,ndist,True,0.1,0,NONE,0.05,7,OR,100,50,75,['none'],7777777,False,[],50,0,10,0.5,0.6,0.2,0.2,<class 'torch.optim.adam.Adam'>,0.01,<function cross_entropy at 0x000001C84AF6F880>,5,tolokers_bid,2.69896449704142,GREEDY,REPLAY,1,0.1,241028140006
14,round_2,val_set_best,6.210601568222046,0.537180910099889,0.49287169042769857,0.6614253583872863,0.7559865208908401,484,498,1935,417,0.19855527579784393,0.19855527579784393,0.5831606984138489,0.0,0.5897681713104248,0.0,0.19855527579784393,417,255,0.3328929841518402,2,12932,1276070,cuda:0,True,False,False,ADVER,NODE,INDUCTIVE,False,3,1,128,459,0,0,REAGE,0.02727929920054431,0.09772070079945569,8,0.5,NONE,False,False,XGB-SP,temporal,64,2,64,2,2,0.1,LeakyReLU,layer,<class 'models.benchmarks_supervised.booster.GIN_noparam'>,<class 'xgboost.sklearn.XGBClassifier'>,<function average_precision_score at 0x000001C8520A5760>,500,7,mean_final,normal,0,0,1,1,1,1,1,round,ndist,True,0.1,0,NONE,0.05,7,OR,100,50,75,['none'],7777777,False,[],50,0,10,0.5,0.6,0.2,0.2,<class 'torch.optim.adam.Adam'>,0.01,<function cross_entropy at 0x000001C84AF6F880>,5,tolokers_bid,2.69896449704142,GREEDY,REPLAY,1,0.1,241028140006
15,round_2,entire_graph,0.0,0.5602409638554217,0.5151515151515151,0.7000582597744436,0.8083713103417334,1581,1488,8622,1241,0.19855527579784393,0.19855527579784393,0.5831606984138489,0.0,0.5897681713104248,0.0,0.19855527579784393,417,255,0.3328929841518402,2,12932,1276070,cuda:0,True,False,False,ADVER,NODE,INDUCTIVE,False,3,1,128,459,0,0,REAGE,0.02727929920054431,0.09772070079945569,8,0.5,NONE,False,False,XGB-SP,temporal,64,2,64,2,2,0.1,LeakyReLU,layer,<class 'models.benchmarks_supervised.booster.GIN_noparam'>,<class 'xgboost.sklearn.XGBClassifier'>,<function average_precision_score at 0x000001C8520A5760>,500,7,mean_final,normal,0,0,1,1,1,1,1,round,ndist,True,0.1,0,NONE,0.05,7,OR,100,50,75,['none'],7777777,False,[],50,0,10,0.5,0.6,0.2,0.2,<class 'torch.optim.adam.Adam'>,0.01,<function cross_entropy at 0x000001C84AF6F880>,5,tolokers_bid,2.69896449704142,GREEDY,REPLAY,1,0.1,241028140006
16,round_2,train_set,0.0,0.6812130177514792,0.6091269841269841,0.7499895319878971,0.8521671861140525,921,591,3058,431,0.19855527579784393,0.19855527579784393,0.5831606984138489,0.0,0.5897681713104248,0.0,0.19855527579784393,417,255,0.3328929841518402,2,12932,1276070,cuda:0,True,False,False,ADVER,NODE,INDUCTIVE,False,3,1,128,459,0,0,REAGE,0.02727929920054431,0.09772070079945569,8,0.5,NONE,False,False,XGB-SP,temporal,64,2,64,2,2,0.1,LeakyReLU,layer,<class 'models.benchmarks_supervised.booster.GIN_noparam'>,<class 'xgboost.sklearn.XGBClassifier'>,<function average_precision_score at 0x000001C8520A5760>,500,7,mean_final,normal,0,0,1,1,1,1,1,round,ndist,True,0.1,0,NONE,0.05,7,OR,100,50,75,['none'],7777777,False,[],50,0,10,0.5,0.6,0.2,0.2,<class 'torch.optim.adam.Adam'>,0.01,<function cross_entropy at 0x000001C84AF6F880>,5,tolokers_bid,2.69896449704142,GREEDY,REPLAY,1,0.1,241028140006
17,round_2,val_set,0.0,0.5638179800221975,0.48705656759348037,0.6630950265346727,0.7527043295274511,508,535,1898,393,0.19855527579784393,0.19855527579784393,0.5831606984138489,0.0,0.5897681713104248,0.0,0.19855527579784393,417,255,0.3328929841518402,2,12932,1276070,cuda:0,True,False,False,ADVER,NODE,INDUCTIVE,False,3,1,128,459,0,0,REAGE,0.02727929920054431,0.09772070079945569,8,0.5,NONE,False,False,XGB-SP,temporal,64,2,64,2,2,0.1,LeakyReLU,layer,<class 'models.benchmarks_supervised.booster.GIN_noparam'>,<class 'xgboost.sklearn.XGBClassifier'>,<function average_precision_score at 0x000001C8520A5760>,500,7,mean_final,normal,0,0,1,1,1,1,1,round,ndist,True,0.1,0,NONE,0.05,7,OR,100,50,75,['none'],7777777,False,[],50,0,10,0.5,0.6,0.2,0.2,<class 'torch.optim.adam.Adam'>,0.01,<function cross_entropy at 0x000001C84AF6F880>,5,tolokers_bid,2.69896449704142,GREEDY,REPLAY,1,0.1,241028140006
18,round_2,test_set,0.0,0.2671353251318102,0.29571984435797666,0.5923296714230404,0.7468024793056688,152,362,3666,417,0.19855527579784393,0.19855527579784393,0.5831606984138489,0.0,0.5897681713104248,0.0,0.19855527579784393,417,255,0.3328929841518402,2,12932,1276070,cuda:0,True,False,False,ADVER,NODE,INDUCTIVE,False,3,1,128,459,0,0,REAGE,0.02727929920054431,0.09772070079945569,8,0.5,NONE,False,False,XGB-SP,temporal,64,2,64,2,2,0.1,LeakyReLU,layer,<class 'models.benchmarks_supervised.booster.GIN_noparam'>,<class 'xgboost.sklearn.XGBClassifier'>,<function average_precision_score at 0x000001C8520A5760>,500,7,mean_final,normal,0,0,1,1,1,1,1,round,ndist,True,0.1,0,NONE,0.05,7,OR,100,50,75,['none'],7777777,False,[],50,0,10,0.5,0.6,0.2,0.2,<class 'torch.optim.adam.Adam'>,0.01,<function cross_entropy at 0x000001C84AF6F880>,5,tolokers_bid,2.69896449704142,GREEDY,REPLAY,1,0.1,241028140006
19,round_2,round_0_nodes,0.0,0.5732725892179195,0.5373665480427047,0.7103045081491326,0.8115942933553302,755,650,3912,562,0.19855527579784393,0.19855527579784393,0.5831606984138489,0.0,0.5897681713104248,0.0,0.19855527579784393,417,255,0.3328929841518402,2,12932,1276070,cuda:0,True,False,False,ADVER,NODE,INDUCTIVE,False,3,1,128,459,0,0,REAGE,0.02727929920054431,0.09772070079945569,8,0.5,NONE,False,False,XGB-SP,temporal,64,2,64,2,2,0.1,LeakyReLU,layer,<class 'models.benchmarks_supervised.booster.GIN_noparam'>,<class 'xgboost.sklearn.XGBClassifier'>,<function average_precision_score at 0x000001C8520A5760>,500,7,mean_final,normal,0,0,1,1,1,1,1,round,ndist,True,0.1,0,NONE,0.05,7,OR,100,50,75,['none'],7777777,False,[],50,0,10,0.5,0.6,0.2,0.2,<class 'torch.optim.adam.Adam'>,0.01,<function cross_entropy at 0x000001C84AF6F880>,5,tolokers_bid,2.69896449704142,GREEDY,REPLAY,1,0.1,241028140006
20,round_2,round_1_nodes,0.0,0.3515625,0.45,0.6244297318348726,0.7213967184095861,45,55,404,83,0.19855527579784393,0.19855527579784393,0.5831606984138489,0.0,0.5897681713104248,0.0,0.19855527579784393,417,255,0.3328929841518402,2,12932,1276070,cuda:0,True,False,False,ADVER,NODE,INDUCTIVE,False,3,1,128,459,0,0,REAGE,0.02727929920054431,0.09772070079945569,8,0.5,NONE,False,False,XGB-SP,temporal,64,2,64,2,2,0.1,LeakyReLU,layer,<class 'models.benchmarks_supervised.booster.GIN_noparam'>,<class 'xgboost.sklearn.XGBClassifier'>,<function average_precision_score at 0x000001C8520A5760>,500,7,mean_final,normal,0,0,1,1,1,1,1,round,ndist,True,0.1,0,NONE,0.05,7,OR,100,50,75,['none'],7777777,False,[],50,0,10,0.5,0.6,0.2,0.2,<class 'torch.optim.adam.Adam'>,0.01,<function cross_entropy at 0x000001C84AF6F880>,5,tolokers_bid,2.69896449704142,GREEDY,REPLAY,1,0.1,241028140006
21,round_2,round_2_nodes,0.0,0.25,0.3018867924528302,0.5463266048372432,0.6638922930283224,32,74,385,96,0.19855527579784393,0.19855527579784393,0.5831606984138489,0.0,0.5897681713104248,0.0,0.19855527579784393,417,255,0.3328929841518402,2,12932,1276070,cuda:0,True,False,False,ADVER,NODE,INDUCTIVE,False,3,1,128,459,0,0,REAGE,0.02727929920054431,0.09772070079945569,8,0.5,NONE,False,False,XGB-SP,temporal,64,2,64,2,2,0.1,LeakyReLU,layer,<class 'models.benchmarks_supervised.booster.GIN_noparam'>,<class 'xgboost.sklearn.XGBClassifier'>,<function average_precision_score at 0x000001C8520A5760>,500,7,mean_final,normal,0,0,1,1,1,1,1,round,ndist,True,0.1,0,NONE,0.05,7,OR,100,50,75,['none'],7777777,False,[],50,0,10,0.5,0.6,0.2,0.2,<class 'torch.optim.adam.Adam'>,0.01,<function cross_entropy at 0x000001C84AF6F880>,5,tolokers_bid,2.69896449704142,GREEDY,REPLAY,1,0.1,241028140006
22,round_2,seed_current_pred,0.0,0.2734375,0.3333333333333333,0.5636046029016707,0.6364464188453159,35,70,389,93,0.19855527579784393,0.19855527579784393,0.5831606984138489,0.0,0.5897681713104248,0.0,0.19855527579784393,417,255,0.3328929841518402,2,12932,1276070,cuda:0,True,False,False,ADVER,NODE,INDUCTIVE,False,3,1,128,459,0,0,REAGE,0.02727929920054431,0.09772070079945569,8,0.5,NONE,False,False,XGB-SP,temporal,64,2,64,2,2,0.1,LeakyReLU,layer,<class 'models.benchmarks_supervised.booster.GIN_noparam'>,<class 'xgboost.sklearn.XGBClassifier'>,<function average_precision_score at 0x000001C8520A5760>,500,7,mean_final,normal,0,0,1,1,1,1,1,round,ndist,True,0.1,0,NONE,0.05,7,OR,100,50,75,['none'],7777777,False,[],50,0,10,0.5,0.6,0.2,0.2,<class 'torch.optim.adam.Adam'>,0.01,<function cross_entropy at 0x000001C84AF6F880>,5,tolokers_bid,2.69896449704142,GREEDY,REPLAY,1,0.1,241028140006
23,round_2,seed_prev_pred,0.0,0.0,0.0,0.3898128898128898,0.6364464188453159,0,84,375,128,0.19855527579784393,0.19855527579784393,0.5831606984138489,0.0,0.5897681713104248,0.0,0.19855527579784393,417,255,0.3328929841518402,2,12932,1276070,cuda:0,True,False,False,ADVER,NODE,INDUCTIVE,False,3,1,128,459,0,0,REAGE,0.02727929920054431,0.09772070079945569,8,0.5,NONE,False,False,XGB-SP,temporal,64,2,64,2,2,0.1,LeakyReLU,layer,<class 'models.benchmarks_supervised.booster.GIN_noparam'>,<class 'xgboost.sklearn.XGBClassifier'>,<function average_precision_score at 0x000001C8520A5760>,500,7,mean_final,normal,0,0,1,1,1,1,1,round,ndist,True,0.1,0,NONE,0.05,7,OR,100,50,75,['none'],7777777,False,[],50,0,10,0.5,0.6,0.2,0.2,<class 'torch.optim.adam.Adam'>,0.01,<function cross_entropy at 0x000001C84AF6F880>,5,tolokers_bid,2.69896449704142,GREEDY,REPLAY,1,0.1,241028140006
